2025-07-27 21:47:09,579 [Worker-5: Loading available Gradle versions] INFO  o.e.b.c.i.u.g.PublishedGradleVersions - Gradle version information cache is not available. Remote download required.
2025-07-27 21:47:44,615 [Worker-2: Launching mavenrun-8a80c73f-15a2-49ce-baa1-a8ad379f8ea4] INFO  o.eclipse.m2e.core.internal.Bundles - getClasspathEntries(Bundle=org.eclipse.m2e.maven.runtime_3.9.900.20250220-2013 [639])
2025-07-27 21:47:44,616 [Worker-2: Launching mavenrun-8a80c73f-15a2-49ce-baa1-a8ad379f8ea4] INFO  o.eclipse.m2e.core.internal.Bundles - 	Entry: C:\Users\wickr\.p2\pool\plugins\org.eclipse.m2e.maven.runtime_3.9.900.20250220-2013
2025-07-27 21:47:44,617 [Worker-2: Launching mavenrun-8a80c73f-15a2-49ce-baa1-a8ad379f8ea4] INFO  o.eclipse.m2e.core.internal.Bundles - 	Entry: C:\Users\wickr\.p2\pool\plugins\org.eclipse.m2e.maven.runtime_3.9.900.20250220-2013\jars\aopalliance-1.0.jar
2025-07-27 21:47:44,617 [Worker-2: Launching mavenrun-8a80c73f-15a2-49ce-baa1-a8ad379f8ea4] INFO  o.eclipse.m2e.core.internal.Bundles - 	Entry: C:\Users\wickr\.p2\pool\plugins\org.eclipse.m2e.maven.runtime_3.9.900.20250220-2013\jars\guice-5.1.0.jar
2025-07-27 21:47:44,617 [Worker-2: Launching mavenrun-8a80c73f-15a2-49ce-baa1-a8ad379f8ea4] INFO  o.eclipse.m2e.core.internal.Bundles - 	Entry: C:\Users\wickr\.p2\pool\plugins\org.eclipse.m2e.maven.runtime_3.9.900.20250220-2013\jars\httpclient-4.5.14.jar
2025-07-27 21:47:44,617 [Worker-2: Launching mavenrun-8a80c73f-15a2-49ce-baa1-a8ad379f8ea4] INFO  o.eclipse.m2e.core.internal.Bundles - 	Entry: C:\Users\wickr\.p2\pool\plugins\org.eclipse.m2e.maven.runtime_3.9.900.20250220-2013\jars\httpcore-4.4.16.jar
2025-07-27 21:47:44,617 [Worker-2: Launching mavenrun-8a80c73f-15a2-49ce-baa1-a8ad379f8ea4] INFO  o.eclipse.m2e.core.internal.Bundles - 	Entry: C:\Users\wickr\.p2\pool\plugins\org.eclipse.m2e.maven.runtime_3.9.900.20250220-2013\jars\jansi-2.4.1.jar
2025-07-27 21:47:44,618 [Worker-2: Launching mavenrun-8a80c73f-15a2-49ce-baa1-a8ad379f8ea4] INFO  o.eclipse.m2e.core.internal.Bundles - 	Entry: C:\Users\wickr\.p2\pool\plugins\org.eclipse.m2e.maven.runtime_3.9.900.20250220-2013\jars\jcl-over-slf4j-1.7.36.jar
2025-07-27 21:47:44,618 [Worker-2: Launching mavenrun-8a80c73f-15a2-49ce-baa1-a8ad379f8ea4] INFO  o.eclipse.m2e.core.internal.Bundles - 	Entry: C:\Users\wickr\.p2\pool\plugins\org.eclipse.m2e.maven.runtime_3.9.900.20250220-2013\jars\maven-artifact-3.9.9.jar
2025-07-27 21:47:44,618 [Worker-2: Launching mavenrun-8a80c73f-15a2-49ce-baa1-a8ad379f8ea4] INFO  o.eclipse.m2e.core.internal.Bundles - 	Entry: C:\Users\wickr\.p2\pool\plugins\org.eclipse.m2e.maven.runtime_3.9.900.20250220-2013\jars\maven-builder-support-3.9.9.jar
2025-07-27 21:47:44,618 [Worker-2: Launching mavenrun-8a80c73f-15a2-49ce-baa1-a8ad379f8ea4] INFO  o.eclipse.m2e.core.internal.Bundles - 	Entry: C:\Users\wickr\.p2\pool\plugins\org.eclipse.m2e.maven.runtime_3.9.900.20250220-2013\jars\maven-compat-3.9.9.jar
2025-07-27 21:47:44,618 [Worker-2: Launching mavenrun-8a80c73f-15a2-49ce-baa1-a8ad379f8ea4] INFO  o.eclipse.m2e.core.internal.Bundles - 	Entry: C:\Users\wickr\.p2\pool\plugins\org.eclipse.m2e.maven.runtime_3.9.900.20250220-2013\jars\maven-core-3.9.9.jar
2025-07-27 21:47:44,618 [Worker-2: Launching mavenrun-8a80c73f-15a2-49ce-baa1-a8ad379f8ea4] INFO  o.eclipse.m2e.core.internal.Bundles - 	Entry: C:\Users\wickr\.p2\pool\plugins\org.eclipse.m2e.maven.runtime_3.9.900.20250220-2013\jars\maven-embedder-3.9.9.jar
2025-07-27 21:47:44,618 [Worker-2: Launching mavenrun-8a80c73f-15a2-49ce-baa1-a8ad379f8ea4] INFO  o.eclipse.m2e.core.internal.Bundles - 	Entry: C:\Users\wickr\.p2\pool\plugins\org.eclipse.m2e.maven.runtime_3.9.900.20250220-2013\jars\maven-model-3.9.9.jar
2025-07-27 21:47:44,619 [Worker-2: Launching mavenrun-8a80c73f-15a2-49ce-baa1-a8ad379f8ea4] INFO  o.eclipse.m2e.core.internal.Bundles - 	Entry: C:\Users\wickr\.p2\pool\plugins\org.eclipse.m2e.maven.runtime_3.9.900.20250220-2013\jars\maven-model-builder-3.9.9.jar
2025-07-27 21:47:44,619 [Worker-2: Launching mavenrun-8a80c73f-15a2-49ce-baa1-a8ad379f8ea4] INFO  o.eclipse.m2e.core.internal.Bundles - 	Entry: C:\Users\wickr\.p2\pool\plugins\org.eclipse.m2e.maven.runtime_3.9.900.20250220-2013\jars\maven-plugin-api-3.9.9.jar
2025-07-27 21:47:44,619 [Worker-2: Launching mavenrun-8a80c73f-15a2-49ce-baa1-a8ad379f8ea4] INFO  o.eclipse.m2e.core.internal.Bundles - 	Entry: C:\Users\wickr\.p2\pool\plugins\org.eclipse.m2e.maven.runtime_3.9.900.20250220-2013\jars\maven-repository-metadata-3.9.9.jar
2025-07-27 21:47:44,619 [Worker-2: Launching mavenrun-8a80c73f-15a2-49ce-baa1-a8ad379f8ea4] INFO  o.eclipse.m2e.core.internal.Bundles - 	Entry: C:\Users\wickr\.p2\pool\plugins\org.eclipse.m2e.maven.runtime_3.9.900.20250220-2013\jars\maven-resolver-api-1.9.22.jar
2025-07-27 21:47:44,619 [Worker-2: Launching mavenrun-8a80c73f-15a2-49ce-baa1-a8ad379f8ea4] INFO  o.eclipse.m2e.core.internal.Bundles - 	Entry: C:\Users\wickr\.p2\pool\plugins\org.eclipse.m2e.maven.runtime_3.9.900.20250220-2013\jars\maven-resolver-connector-basic-1.9.22.jar
2025-07-27 21:47:44,619 [Worker-2: Launching mavenrun-8a80c73f-15a2-49ce-baa1-a8ad379f8ea4] INFO  o.eclipse.m2e.core.internal.Bundles - 	Entry: C:\Users\wickr\.p2\pool\plugins\org.eclipse.m2e.maven.runtime_3.9.900.20250220-2013\jars\maven-resolver-impl-1.9.22.jar
2025-07-27 21:47:44,619 [Worker-2: Launching mavenrun-8a80c73f-15a2-49ce-baa1-a8ad379f8ea4] INFO  o.eclipse.m2e.core.internal.Bundles - 	Entry: C:\Users\wickr\.p2\pool\plugins\org.eclipse.m2e.maven.runtime_3.9.900.20250220-2013\jars\maven-resolver-named-locks-1.9.22.jar
2025-07-27 21:47:44,620 [Worker-2: Launching mavenrun-8a80c73f-15a2-49ce-baa1-a8ad379f8ea4] INFO  o.eclipse.m2e.core.internal.Bundles - 	Entry: C:\Users\wickr\.p2\pool\plugins\org.eclipse.m2e.maven.runtime_3.9.900.20250220-2013\jars\maven-resolver-provider-3.9.9.jar
2025-07-27 21:47:44,620 [Worker-2: Launching mavenrun-8a80c73f-15a2-49ce-baa1-a8ad379f8ea4] INFO  o.eclipse.m2e.core.internal.Bundles - 	Entry: C:\Users\wickr\.p2\pool\plugins\org.eclipse.m2e.maven.runtime_3.9.900.20250220-2013\jars\maven-resolver-spi-1.9.22.jar
2025-07-27 21:47:44,620 [Worker-2: Launching mavenrun-8a80c73f-15a2-49ce-baa1-a8ad379f8ea4] INFO  o.eclipse.m2e.core.internal.Bundles - 	Entry: C:\Users\wickr\.p2\pool\plugins\org.eclipse.m2e.maven.runtime_3.9.900.20250220-2013\jars\maven-resolver-transport-file-1.9.22.jar
2025-07-27 21:47:44,620 [Worker-2: Launching mavenrun-8a80c73f-15a2-49ce-baa1-a8ad379f8ea4] INFO  o.eclipse.m2e.core.internal.Bundles - 	Entry: C:\Users\wickr\.p2\pool\plugins\org.eclipse.m2e.maven.runtime_3.9.900.20250220-2013\jars\maven-resolver-transport-http-1.9.22.jar
2025-07-27 21:47:44,620 [Worker-2: Launching mavenrun-8a80c73f-15a2-49ce-baa1-a8ad379f8ea4] INFO  o.eclipse.m2e.core.internal.Bundles - 	Entry: C:\Users\wickr\.p2\pool\plugins\org.eclipse.m2e.maven.runtime_3.9.900.20250220-2013\jars\maven-resolver-transport-wagon-1.9.22.jar
2025-07-27 21:47:44,620 [Worker-2: Launching mavenrun-8a80c73f-15a2-49ce-baa1-a8ad379f8ea4] INFO  o.eclipse.m2e.core.internal.Bundles - 	Entry: C:\Users\wickr\.p2\pool\plugins\org.eclipse.m2e.maven.runtime_3.9.900.20250220-2013\jars\maven-resolver-util-1.9.22.jar
2025-07-27 21:47:44,620 [Worker-2: Launching mavenrun-8a80c73f-15a2-49ce-baa1-a8ad379f8ea4] INFO  o.eclipse.m2e.core.internal.Bundles - 	Entry: C:\Users\wickr\.p2\pool\plugins\org.eclipse.m2e.maven.runtime_3.9.900.20250220-2013\jars\maven-settings-3.9.9.jar
2025-07-27 21:47:44,620 [Worker-2: Launching mavenrun-8a80c73f-15a2-49ce-baa1-a8ad379f8ea4] INFO  o.eclipse.m2e.core.internal.Bundles - 	Entry: C:\Users\wickr\.p2\pool\plugins\org.eclipse.m2e.maven.runtime_3.9.900.20250220-2013\jars\maven-settings-builder-3.9.9.jar
2025-07-27 21:47:44,621 [Worker-2: Launching mavenrun-8a80c73f-15a2-49ce-baa1-a8ad379f8ea4] INFO  o.eclipse.m2e.core.internal.Bundles - 	Entry: C:\Users\wickr\.p2\pool\plugins\org.eclipse.m2e.maven.runtime_3.9.900.20250220-2013\jars\maven-shared-utils-3.4.2.jar
2025-07-27 21:47:44,621 [Worker-2: Launching mavenrun-8a80c73f-15a2-49ce-baa1-a8ad379f8ea4] INFO  o.eclipse.m2e.core.internal.Bundles - 	Entry: C:\Users\wickr\.p2\pool\plugins\org.eclipse.m2e.maven.runtime_3.9.900.20250220-2013\jars\org.eclipse.sisu.inject-0.9.0.M3.jar
2025-07-27 21:47:44,621 [Worker-2: Launching mavenrun-8a80c73f-15a2-49ce-baa1-a8ad379f8ea4] INFO  o.eclipse.m2e.core.internal.Bundles - 	Entry: C:\Users\wickr\.p2\pool\plugins\org.eclipse.m2e.maven.runtime_3.9.900.20250220-2013\jars\org.eclipse.sisu.plexus-0.9.0.M3.jar
2025-07-27 21:47:44,621 [Worker-2: Launching mavenrun-8a80c73f-15a2-49ce-baa1-a8ad379f8ea4] INFO  o.eclipse.m2e.core.internal.Bundles - 	Entry: C:\Users\wickr\.p2\pool\plugins\org.eclipse.m2e.maven.runtime_3.9.900.20250220-2013\jars\plexus-build-api-0.0.7.jar
2025-07-27 21:47:44,621 [Worker-2: Launching mavenrun-8a80c73f-15a2-49ce-baa1-a8ad379f8ea4] INFO  o.eclipse.m2e.core.internal.Bundles - 	Entry: C:\Users\wickr\.p2\pool\plugins\org.eclipse.m2e.maven.runtime_3.9.900.20250220-2013\jars\plexus-build-api-1.2.0.jar
2025-07-27 21:47:44,621 [Worker-2: Launching mavenrun-8a80c73f-15a2-49ce-baa1-a8ad379f8ea4] INFO  o.eclipse.m2e.core.internal.Bundles - 	Entry: C:\Users\wickr\.p2\pool\plugins\org.eclipse.m2e.maven.runtime_3.9.900.20250220-2013\jars\plexus-cipher-2.0.jar
2025-07-27 21:47:44,621 [Worker-2: Launching mavenrun-8a80c73f-15a2-49ce-baa1-a8ad379f8ea4] INFO  o.eclipse.m2e.core.internal.Bundles - 	Entry: C:\Users\wickr\.p2\pool\plugins\org.eclipse.m2e.maven.runtime_3.9.900.20250220-2013\jars\plexus-classworlds-2.8.0.jar
2025-07-27 21:47:44,622 [Worker-2: Launching mavenrun-8a80c73f-15a2-49ce-baa1-a8ad379f8ea4] INFO  o.eclipse.m2e.core.internal.Bundles - 	Entry: C:\Users\wickr\.p2\pool\plugins\org.eclipse.m2e.maven.runtime_3.9.900.20250220-2013\jars\plexus-component-annotations-2.1.0.jar
2025-07-27 21:47:44,622 [Worker-2: Launching mavenrun-8a80c73f-15a2-49ce-baa1-a8ad379f8ea4] INFO  o.eclipse.m2e.core.internal.Bundles - 	Entry: C:\Users\wickr\.p2\pool\plugins\org.eclipse.m2e.maven.runtime_3.9.900.20250220-2013\jars\plexus-interpolation-1.27.jar
2025-07-27 21:47:44,622 [Worker-2: Launching mavenrun-8a80c73f-15a2-49ce-baa1-a8ad379f8ea4] INFO  o.eclipse.m2e.core.internal.Bundles - 	Entry: C:\Users\wickr\.p2\pool\plugins\org.eclipse.m2e.maven.runtime_3.9.900.20250220-2013\jars\plexus-sec-dispatcher-2.0.jar
2025-07-27 21:47:44,622 [Worker-2: Launching mavenrun-8a80c73f-15a2-49ce-baa1-a8ad379f8ea4] INFO  o.eclipse.m2e.core.internal.Bundles - 	Entry: C:\Users\wickr\.p2\pool\plugins\org.eclipse.m2e.maven.runtime_3.9.900.20250220-2013\jars\plexus-utils-3.5.1.jar
2025-07-27 21:47:44,622 [Worker-2: Launching mavenrun-8a80c73f-15a2-49ce-baa1-a8ad379f8ea4] INFO  o.eclipse.m2e.core.internal.Bundles - 	Entry: C:\Users\wickr\.p2\pool\plugins\org.eclipse.m2e.maven.runtime_3.9.900.20250220-2013\jars\plexus-xml-3.0.1.jar
2025-07-27 21:47:44,622 [Worker-2: Launching mavenrun-8a80c73f-15a2-49ce-baa1-a8ad379f8ea4] INFO  o.eclipse.m2e.core.internal.Bundles - 	Entry: C:\Users\wickr\.p2\pool\plugins\org.eclipse.m2e.maven.runtime_3.9.900.20250220-2013\jars\wagon-file-3.5.3.jar
2025-07-27 21:47:44,622 [Worker-2: Launching mavenrun-8a80c73f-15a2-49ce-baa1-a8ad379f8ea4] INFO  o.eclipse.m2e.core.internal.Bundles - 	Entry: C:\Users\wickr\.p2\pool\plugins\org.eclipse.m2e.maven.runtime_3.9.900.20250220-2013\jars\wagon-http-3.5.3.jar
2025-07-27 21:47:44,623 [Worker-2: Launching mavenrun-8a80c73f-15a2-49ce-baa1-a8ad379f8ea4] INFO  o.eclipse.m2e.core.internal.Bundles - 	Entry: C:\Users\wickr\.p2\pool\plugins\org.eclipse.m2e.maven.runtime_3.9.900.20250220-2013\jars\wagon-http-shared-3.5.3.jar
2025-07-27 21:47:44,623 [Worker-2: Launching mavenrun-8a80c73f-15a2-49ce-baa1-a8ad379f8ea4] INFO  o.eclipse.m2e.core.internal.Bundles - 	Entry: C:\Users\wickr\.p2\pool\plugins\org.eclipse.m2e.maven.runtime_3.9.900.20250220-2013\jars\wagon-provider-api-3.5.3.jar
2025-07-27 21:47:44,624 [Worker-2: Launching mavenrun-8a80c73f-15a2-49ce-baa1-a8ad379f8ea4] INFO  o.eclipse.m2e.core.internal.Bundles - getClasspathEntries(Bundle=com.google.guava_33.4.8.jre [18])
2025-07-27 21:47:44,624 [Worker-2: Launching mavenrun-8a80c73f-15a2-49ce-baa1-a8ad379f8ea4] INFO  o.eclipse.m2e.core.internal.Bundles - 	Entry: C:\Users\wickr\.p2\pool\plugins\com.google.guava_33.4.8.jre.jar
2025-07-27 21:47:44,624 [Worker-2: Launching mavenrun-8a80c73f-15a2-49ce-baa1-a8ad379f8ea4] INFO  o.eclipse.m2e.core.internal.Bundles - getClasspathEntries(Bundle=slf4j.api_2.0.17 [1004])
2025-07-27 21:47:44,624 [Worker-2: Launching mavenrun-8a80c73f-15a2-49ce-baa1-a8ad379f8ea4] INFO  o.eclipse.m2e.core.internal.Bundles - 	Entry: C:\Users\wickr\.p2\pool\plugins\slf4j.api_2.0.17.jar
2025-07-27 21:47:44,625 [Worker-2: Launching mavenrun-8a80c73f-15a2-49ce-baa1-a8ad379f8ea4] INFO  o.eclipse.m2e.core.internal.Bundles - getClasspathEntries(Bundle=jakarta.inject.jakarta.inject-api_1.0.5 [35])
2025-07-27 21:47:44,625 [Worker-2: Launching mavenrun-8a80c73f-15a2-49ce-baa1-a8ad379f8ea4] INFO  o.eclipse.m2e.core.internal.Bundles - 	Entry: C:\Users\wickr\.p2\pool\plugins\jakarta.inject.jakarta.inject-api_1.0.5.jar
2025-07-27 21:47:44,625 [Worker-2: Launching mavenrun-8a80c73f-15a2-49ce-baa1-a8ad379f8ea4] INFO  o.eclipse.m2e.core.internal.Bundles - getClasspathEntries(Bundle=javax.annotation_1.3.5.v20200909-1856 [45])
2025-07-27 21:47:44,625 [Worker-2: Launching mavenrun-8a80c73f-15a2-49ce-baa1-a8ad379f8ea4] INFO  o.eclipse.m2e.core.internal.Bundles - 	Entry: C:\Users\wickr\.p2\pool\plugins\javax.annotation_1.3.5.v20200909-1856.jar
2025-07-27 21:47:44,625 [Worker-2: Launching mavenrun-8a80c73f-15a2-49ce-baa1-a8ad379f8ea4] INFO  o.eclipse.m2e.core.internal.Bundles - getClasspathEntries(Bundle=org.apache.commons.cli_1.9.0 [76])
2025-07-27 21:47:44,625 [Worker-2: Launching mavenrun-8a80c73f-15a2-49ce-baa1-a8ad379f8ea4] INFO  o.eclipse.m2e.core.internal.Bundles - 	Entry: C:\Users\wickr\.p2\pool\plugins\org.apache.commons.cli_1.9.0.jar
2025-07-27 21:47:44,625 [Worker-2: Launching mavenrun-8a80c73f-15a2-49ce-baa1-a8ad379f8ea4] INFO  o.eclipse.m2e.core.internal.Bundles - getClasspathEntries(Bundle=org.apache.commons.commons-codec_1.16.0 [78])
2025-07-27 21:47:44,626 [Worker-2: Launching mavenrun-8a80c73f-15a2-49ce-baa1-a8ad379f8ea4] INFO  o.eclipse.m2e.core.internal.Bundles - 	Entry: C:\Users\wickr\.p2\pool\plugins\org.apache.commons.commons-codec_1.16.0.jar
2025-07-27 21:47:44,626 [Worker-2: Launching mavenrun-8a80c73f-15a2-49ce-baa1-a8ad379f8ea4] INFO  o.eclipse.m2e.core.internal.Bundles - getClasspathEntries(Bundle=com.google.guava.failureaccess_1.0.3 [19])
2025-07-27 21:47:44,626 [Worker-2: Launching mavenrun-8a80c73f-15a2-49ce-baa1-a8ad379f8ea4] INFO  o.eclipse.m2e.core.internal.Bundles - 	Entry: C:\Users\wickr\.p2\pool\plugins\com.google.guava.failureaccess_1.0.3.jar
2025-07-27 21:47:44,630 [Worker-2: Launching mavenrun-8a80c73f-15a2-49ce-baa1-a8ad379f8ea4] INFO  o.e.m.i.launch.MavenLaunchDelegate - Run build in "C:\Users\wickr\AppData\Local\Temp\m2e-archetypeGenerator12600840425164638305":
2025-07-27 21:47:44,634 [Worker-2: Launching mavenrun-8a80c73f-15a2-49ce-baa1-a8ad379f8ea4] INFO  o.e.m.i.launch.MavenLaunchDelegate -  mvn  -DarchetypeGroupId=org.apache.maven.archetypes -DarchetypeArtifactId=maven-archetype-webapp -DarchetypeVersion=1.0 -DgroupId=com.pahanaedu.bookshop -DartifactId=pahanaedu-online -Dversion=0.0.1-SNAPSHOT -Dpackage=com.pahanaedu.bookshop.pahanaedu_online -DoutputDirectory=F:\eclipse\pahanabookshop -Dstyle.color=always -U archetype:generate
2025-07-27 21:48:05,114 [Worker-1: Creating maven-archetype-webapp] INFO  o.e.m.c.i.p.ProjectConfigurationManager - Collecting project info '/pom.xml' F:\eclipse\pahanabookshop\pahanaedu-online\pom.xml
2025-07-27 21:48:05,541 [Worker-1: Creating maven-archetype-webapp] INFO  o.e.m.c.i.l.LifecycleMappingFactory - Using org.maven.ide.eclipse.wtp.WarLifecycleMapping lifecycle mapping for MavenProject: com.pahanaedu.bookshop:pahanaedu-online:0.0.1-SNAPSHOT @ F:\eclipse\pahanabookshop\pahanaedu-online\pom.xml.
2025-07-27 21:48:06,070 [Worker-1: Creating maven-archetype-webapp] INFO  o.e.m.j.i.AbstractJavaProjectConfigurator - Adding source folder /pahanaedu-online/src/main/java
2025-07-27 21:48:06,072 [Worker-1: Creating maven-archetype-webapp] INFO  o.e.m.j.i.AbstractJavaProjectConfigurator - Adding resource folder /pahanaedu-online/src/main/resources
2025-07-27 21:48:06,073 [Worker-1: Creating maven-archetype-webapp] INFO  o.e.m.j.i.AbstractJavaProjectConfigurator - Adding source folder /pahanaedu-online/src/test/java
2025-07-27 21:48:06,073 [Worker-1: Creating maven-archetype-webapp] INFO  o.e.m.j.i.AbstractJavaProjectConfigurator - Adding resource folder /pahanaedu-online/src/test/resources
2025-07-27 21:48:07,398 [Worker-1: Creating maven-archetype-webapp] INFO  o.e.m.c.i.p.ProjectConfigurationManager - Imported and configured 1 project(s) in 2 sec
2025-07-27 21:48:07,802 [Worker-15: Building] WARN  o.a.m.s.f.DefaultMavenResourcesFiltering - Using platform encoding (UTF-8 actually) to copy filtered resources, i.e. build is platform dependent!
2025-07-27 21:48:07,806 [Worker-15: Building] INFO  o.a.m.s.f.DefaultMavenResourcesFiltering - Copying 0 resource from src\main\resources to target\classes
2025-07-27 21:48:07,810 [Worker-15: Building] WARN  o.a.m.s.f.DefaultMavenResourcesFiltering - Using platform encoding (UTF-8 actually) to copy filtered resources, i.e. build is platform dependent!
2025-07-27 21:48:07,810 [Worker-15: Building] INFO  o.a.m.s.f.DefaultMavenResourcesFiltering - skip non existing resourceDirectory F:\eclipse\pahanabookshop\pahanaedu-online\src\test\resources
2025-07-27 21:48:24,174 [Worker-12: Building] WARN  o.a.m.s.f.DefaultMavenResourcesFiltering - Using platform encoding (UTF-8 actually) to copy filtered resources, i.e. build is platform dependent!
2025-07-27 21:48:24,176 [Worker-12: Building] INFO  o.a.m.s.f.DefaultMavenResourcesFiltering - Copying 0 resource from src\main\resources to target\classes
2025-07-27 21:48:24,179 [Worker-12: Building] WARN  o.a.m.s.f.DefaultMavenResourcesFiltering - Using platform encoding (UTF-8 actually) to copy filtered resources, i.e. build is platform dependent!
2025-07-27 21:48:24,179 [Worker-12: Building] INFO  o.a.m.s.f.DefaultMavenResourcesFiltering - skip non existing resourceDirectory F:\eclipse\pahanabookshop\pahanaedu-online\src\test\resources
2025-07-27 21:48:32,343 [Worker-17: Building Project pahanaedu-online] WARN  o.a.m.s.f.DefaultMavenResourcesFiltering - Using platform encoding (UTF-8 actually) to copy filtered resources, i.e. build is platform dependent!
2025-07-27 21:48:32,344 [Worker-17: Building Project pahanaedu-online] INFO  o.a.m.s.f.DefaultMavenResourcesFiltering - Copying 0 resource from src\main\resources to target\classes
2025-07-27 21:48:32,346 [Worker-17: Building Project pahanaedu-online] WARN  o.a.m.s.f.DefaultMavenResourcesFiltering - Using platform encoding (UTF-8 actually) to copy filtered resources, i.e. build is platform dependent!
2025-07-27 21:48:32,347 [Worker-17: Building Project pahanaedu-online] INFO  o.a.m.s.f.DefaultMavenResourcesFiltering - skip non existing resourceDirectory F:\eclipse\pahanabookshop\pahanaedu-online\src\test\resources
2025-07-27 21:48:47,135 [Worker-17: Building] WARN  o.a.m.s.f.DefaultMavenResourcesFiltering - Using platform encoding (UTF-8 actually) to copy filtered resources, i.e. build is platform dependent!
2025-07-27 21:48:47,137 [Worker-17: Building] INFO  o.a.m.s.f.DefaultMavenResourcesFiltering - Copying 0 resource from src\main\resources to target\classes
2025-07-27 21:48:47,139 [Worker-17: Building] WARN  o.a.m.s.f.DefaultMavenResourcesFiltering - Using platform encoding (UTF-8 actually) to copy filtered resources, i.e. build is platform dependent!
2025-07-27 21:48:47,139 [Worker-17: Building] INFO  o.a.m.s.f.DefaultMavenResourcesFiltering - skip non existing resourceDirectory F:\eclipse\pahanabookshop\pahanaedu-online\src\test\resources
2025-07-27 21:48:53,133 [Worker-10: Building] WARN  o.a.m.s.f.DefaultMavenResourcesFiltering - Using platform encoding (UTF-8 actually) to copy filtered resources, i.e. build is platform dependent!
2025-07-27 21:48:53,135 [Worker-10: Building] INFO  o.a.m.s.f.DefaultMavenResourcesFiltering - Copying 0 resource from src\main\resources to target\classes
2025-07-27 21:48:53,136 [Worker-10: Building] WARN  o.a.m.s.f.DefaultMavenResourcesFiltering - Using platform encoding (UTF-8 actually) to copy filtered resources, i.e. build is platform dependent!
2025-07-27 21:48:53,137 [Worker-10: Building] INFO  o.a.m.s.f.DefaultMavenResourcesFiltering - Copying 0 resource from src\test\resources to target\test-classes
2025-07-27 21:50:46,104 [Worker-13: Building] WARN  o.a.m.s.f.DefaultMavenResourcesFiltering - Using platform encoding (UTF-8 actually) to copy filtered resources, i.e. build is platform dependent!
2025-07-27 21:50:46,105 [Worker-13: Building] INFO  o.a.m.s.f.DefaultMavenResourcesFiltering - Copying 0 resource from src\main\resources to target\classes
2025-07-27 21:50:46,107 [Worker-13: Building] WARN  o.a.m.s.f.DefaultMavenResourcesFiltering - Using platform encoding (UTF-8 actually) to copy filtered resources, i.e. build is platform dependent!
2025-07-27 21:50:46,108 [Worker-13: Building] INFO  o.a.m.s.f.DefaultMavenResourcesFiltering - Copying 0 resource from src\test\resources to target\test-classes
2025-07-27 21:50:57,278 [Worker-8: Building] WARN  o.a.m.s.f.DefaultMavenResourcesFiltering - Using platform encoding (UTF-8 actually) to copy filtered resources, i.e. build is platform dependent!
2025-07-27 21:50:57,279 [Worker-8: Building] INFO  o.a.m.s.f.DefaultMavenResourcesFiltering - Copying 0 resource from src\main\resources to target\classes
2025-07-27 21:50:57,281 [Worker-8: Building] WARN  o.a.m.s.f.DefaultMavenResourcesFiltering - Using platform encoding (UTF-8 actually) to copy filtered resources, i.e. build is platform dependent!
2025-07-27 21:50:57,282 [Worker-8: Building] INFO  o.a.m.s.f.DefaultMavenResourcesFiltering - Copying 0 resource from src\test\resources to target\test-classes
2025-07-27 21:51:05,544 [Worker-15: Building] WARN  o.a.m.s.f.DefaultMavenResourcesFiltering - Using platform encoding (UTF-8 actually) to copy filtered resources, i.e. build is platform dependent!
2025-07-27 21:51:05,546 [Worker-15: Building] INFO  o.a.m.s.f.DefaultMavenResourcesFiltering - Copying 0 resource from src\main\resources to target\classes
2025-07-27 21:51:05,548 [Worker-15: Building] WARN  o.a.m.s.f.DefaultMavenResourcesFiltering - Using platform encoding (UTF-8 actually) to copy filtered resources, i.e. build is platform dependent!
2025-07-27 21:51:05,549 [Worker-15: Building] INFO  o.a.m.s.f.DefaultMavenResourcesFiltering - Copying 0 resource from src\test\resources to target\test-classes
2025-07-27 21:51:17,520 [Worker-16: Building] WARN  o.a.m.s.f.DefaultMavenResourcesFiltering - Using platform encoding (UTF-8 actually) to copy filtered resources, i.e. build is platform dependent!
2025-07-27 21:51:17,522 [Worker-16: Building] INFO  o.a.m.s.f.DefaultMavenResourcesFiltering - Copying 0 resource from src\main\resources to target\classes
2025-07-27 21:51:17,523 [Worker-16: Building] WARN  o.a.m.s.f.DefaultMavenResourcesFiltering - Using platform encoding (UTF-8 actually) to copy filtered resources, i.e. build is platform dependent!
2025-07-27 21:51:17,525 [Worker-16: Building] INFO  o.a.m.s.f.DefaultMavenResourcesFiltering - Copying 0 resource from src\test\resources to target\test-classes
2025-07-27 21:51:29,511 [Worker-8: Building] WARN  o.a.m.s.f.DefaultMavenResourcesFiltering - Using platform encoding (UTF-8 actually) to copy filtered resources, i.e. build is platform dependent!
2025-07-27 21:51:29,512 [Worker-8: Building] INFO  o.a.m.s.f.DefaultMavenResourcesFiltering - Copying 0 resource from src\main\resources to target\classes
2025-07-27 21:51:29,515 [Worker-8: Building] WARN  o.a.m.s.f.DefaultMavenResourcesFiltering - Using platform encoding (UTF-8 actually) to copy filtered resources, i.e. build is platform dependent!
2025-07-27 21:51:29,516 [Worker-8: Building] INFO  o.a.m.s.f.DefaultMavenResourcesFiltering - Copying 0 resource from src\test\resources to target\test-classes
2025-07-27 21:51:39,866 [Worker-18: Building] WARN  o.a.m.s.f.DefaultMavenResourcesFiltering - Using platform encoding (UTF-8 actually) to copy filtered resources, i.e. build is platform dependent!
2025-07-27 21:51:39,867 [Worker-18: Building] INFO  o.a.m.s.f.DefaultMavenResourcesFiltering - Copying 0 resource from src\main\resources to target\classes
2025-07-27 21:51:39,869 [Worker-18: Building] WARN  o.a.m.s.f.DefaultMavenResourcesFiltering - Using platform encoding (UTF-8 actually) to copy filtered resources, i.e. build is platform dependent!
2025-07-27 21:51:39,870 [Worker-18: Building] INFO  o.a.m.s.f.DefaultMavenResourcesFiltering - Copying 0 resource from src\test\resources to target\test-classes
2025-07-27 21:51:59,605 [Worker-1: Building] WARN  o.a.m.s.f.DefaultMavenResourcesFiltering - Using platform encoding (UTF-8 actually) to copy filtered resources, i.e. build is platform dependent!
2025-07-27 21:51:59,606 [Worker-1: Building] INFO  o.a.m.s.f.DefaultMavenResourcesFiltering - Copying 0 resource from src\main\resources to target\classes
2025-07-27 21:51:59,607 [Worker-1: Building] WARN  o.a.m.s.f.DefaultMavenResourcesFiltering - Using platform encoding (UTF-8 actually) to copy filtered resources, i.e. build is platform dependent!
2025-07-27 21:51:59,608 [Worker-1: Building] INFO  o.a.m.s.f.DefaultMavenResourcesFiltering - Copying 0 resource from src\test\resources to target\test-classes
2025-07-27 21:53:06,799 [Worker-11: Building] WARN  o.a.m.s.f.DefaultMavenResourcesFiltering - Using platform encoding (UTF-8 actually) to copy filtered resources, i.e. build is platform dependent!
2025-07-27 21:53:06,801 [Worker-11: Building] INFO  o.a.m.s.f.DefaultMavenResourcesFiltering - Copying 0 resource from src\main\resources to target\classes
2025-07-27 21:53:06,803 [Worker-11: Building] WARN  o.a.m.s.f.DefaultMavenResourcesFiltering - Using platform encoding (UTF-8 actually) to copy filtered resources, i.e. build is platform dependent!
2025-07-27 21:53:06,804 [Worker-11: Building] INFO  o.a.m.s.f.DefaultMavenResourcesFiltering - Copying 0 resource from src\test\resources to target\test-classes
2025-07-27 21:53:24,109 [Worker-0: Building] WARN  o.a.m.s.f.DefaultMavenResourcesFiltering - Using platform encoding (UTF-8 actually) to copy filtered resources, i.e. build is platform dependent!
2025-07-27 21:53:24,110 [Worker-0: Building] INFO  o.a.m.s.f.DefaultMavenResourcesFiltering - Copying 0 resource from src\main\resources to target\classes
2025-07-27 21:53:24,112 [Worker-0: Building] WARN  o.a.m.s.f.DefaultMavenResourcesFiltering - Using platform encoding (UTF-8 actually) to copy filtered resources, i.e. build is platform dependent!
2025-07-27 21:53:24,113 [Worker-0: Building] INFO  o.a.m.s.f.DefaultMavenResourcesFiltering - Copying 0 resource from src\test\resources to target\test-classes
2025-07-27 21:53:45,772 [Worker-12: Building] WARN  o.a.m.s.f.DefaultMavenResourcesFiltering - Using platform encoding (UTF-8 actually) to copy filtered resources, i.e. build is platform dependent!
2025-07-27 21:53:45,773 [Worker-12: Building] INFO  o.a.m.s.f.DefaultMavenResourcesFiltering - Copying 0 resource from src\main\resources to target\classes
2025-07-27 21:53:45,774 [Worker-12: Building] WARN  o.a.m.s.f.DefaultMavenResourcesFiltering - Using platform encoding (UTF-8 actually) to copy filtered resources, i.e. build is platform dependent!
2025-07-27 21:53:45,775 [Worker-12: Building] INFO  o.a.m.s.f.DefaultMavenResourcesFiltering - Copying 0 resource from src\test\resources to target\test-classes
2025-07-27 21:54:03,022 [Worker-6: Building] WARN  o.a.m.s.f.DefaultMavenResourcesFiltering - Using platform encoding (UTF-8 actually) to copy filtered resources, i.e. build is platform dependent!
2025-07-27 21:54:03,023 [Worker-6: Building] INFO  o.a.m.s.f.DefaultMavenResourcesFiltering - Copying 0 resource from src\main\resources to target\classes
2025-07-27 21:54:03,024 [Worker-6: Building] WARN  o.a.m.s.f.DefaultMavenResourcesFiltering - Using platform encoding (UTF-8 actually) to copy filtered resources, i.e. build is platform dependent!
2025-07-27 21:54:03,025 [Worker-6: Building] INFO  o.a.m.s.f.DefaultMavenResourcesFiltering - Copying 0 resource from src\test\resources to target\test-classes
2025-07-27 21:54:19,475 [Worker-4: Building] WARN  o.a.m.s.f.DefaultMavenResourcesFiltering - Using platform encoding (UTF-8 actually) to copy filtered resources, i.e. build is platform dependent!
2025-07-27 21:54:19,477 [Worker-4: Building] INFO  o.a.m.s.f.DefaultMavenResourcesFiltering - Copying 0 resource from src\main\resources to target\classes
2025-07-27 21:54:19,479 [Worker-4: Building] WARN  o.a.m.s.f.DefaultMavenResourcesFiltering - Using platform encoding (UTF-8 actually) to copy filtered resources, i.e. build is platform dependent!
2025-07-27 21:54:19,480 [Worker-4: Building] INFO  o.a.m.s.f.DefaultMavenResourcesFiltering - Copying 0 resource from src\test\resources to target\test-classes
2025-07-27 21:54:25,118 [Worker-2: Building] WARN  o.a.m.s.f.DefaultMavenResourcesFiltering - Using platform encoding (UTF-8 actually) to copy filtered resources, i.e. build is platform dependent!
2025-07-27 21:54:25,119 [Worker-2: Building] INFO  o.a.m.s.f.DefaultMavenResourcesFiltering - Copying 0 resource from src\main\resources to target\classes
2025-07-27 21:54:25,121 [Worker-2: Building] WARN  o.a.m.s.f.DefaultMavenResourcesFiltering - Using platform encoding (UTF-8 actually) to copy filtered resources, i.e. build is platform dependent!
2025-07-27 21:54:25,122 [Worker-2: Building] INFO  o.a.m.s.f.DefaultMavenResourcesFiltering - Copying 0 resource from src\test\resources to target\test-classes
2025-07-27 21:54:49,175 [Worker-14: Building] WARN  o.a.m.s.f.DefaultMavenResourcesFiltering - Using platform encoding (UTF-8 actually) to copy filtered resources, i.e. build is platform dependent!
2025-07-27 21:54:49,176 [Worker-14: Building] INFO  o.a.m.s.f.DefaultMavenResourcesFiltering - Copying 0 resource from src\main\resources to target\classes
2025-07-27 21:54:49,178 [Worker-14: Building] WARN  o.a.m.s.f.DefaultMavenResourcesFiltering - Using platform encoding (UTF-8 actually) to copy filtered resources, i.e. build is platform dependent!
2025-07-27 21:54:49,178 [Worker-14: Building] INFO  o.a.m.s.f.DefaultMavenResourcesFiltering - Copying 0 resource from src\test\resources to target\test-classes
2025-07-27 21:55:11,961 [Worker-8: Building] WARN  o.a.m.s.f.DefaultMavenResourcesFiltering - Using platform encoding (UTF-8 actually) to copy filtered resources, i.e. build is platform dependent!
2025-07-27 21:55:11,963 [Worker-8: Building] INFO  o.a.m.s.f.DefaultMavenResourcesFiltering - Copying 0 resource from src\main\resources to target\classes
2025-07-27 21:55:11,964 [Worker-8: Building] WARN  o.a.m.s.f.DefaultMavenResourcesFiltering - Using platform encoding (UTF-8 actually) to copy filtered resources, i.e. build is platform dependent!
2025-07-27 21:55:11,965 [Worker-8: Building] INFO  o.a.m.s.f.DefaultMavenResourcesFiltering - Copying 0 resource from src\test\resources to target\test-classes
2025-07-27 21:59:51,215 [Worker-14: Building] WARN  o.a.m.s.f.DefaultMavenResourcesFiltering - Using platform encoding (UTF-8 actually) to copy filtered resources, i.e. build is platform dependent!
2025-07-27 21:59:51,216 [Worker-14: Building] INFO  o.a.m.s.f.DefaultMavenResourcesFiltering - Copying 0 resource from src\main\resources to target\classes
2025-07-27 21:59:51,218 [Worker-14: Building] WARN  o.a.m.s.f.DefaultMavenResourcesFiltering - Using platform encoding (UTF-8 actually) to copy filtered resources, i.e. build is platform dependent!
2025-07-27 21:59:51,219 [Worker-14: Building] INFO  o.a.m.s.f.DefaultMavenResourcesFiltering - Copying 0 resource from src\test\resources to target\test-classes
2025-07-27 21:59:56,128 [Worker-21: Building] WARN  o.a.m.s.f.DefaultMavenResourcesFiltering - Using platform encoding (UTF-8 actually) to copy filtered resources, i.e. build is platform dependent!
2025-07-27 21:59:56,129 [Worker-21: Building] INFO  o.a.m.s.f.DefaultMavenResourcesFiltering - Copying 0 resource from src\main\resources to target\classes
2025-07-27 21:59:56,130 [Worker-21: Building] WARN  o.a.m.s.f.DefaultMavenResourcesFiltering - Using platform encoding (UTF-8 actually) to copy filtered resources, i.e. build is platform dependent!
2025-07-27 21:59:56,131 [Worker-21: Building] INFO  o.a.m.s.f.DefaultMavenResourcesFiltering - Copying 0 resource from src\test\resources to target\test-classes
2025-07-27 22:00:49,648 [Worker-22: Building] WARN  o.a.m.s.f.DefaultMavenResourcesFiltering - Using platform encoding (UTF-8 actually) to copy filtered resources, i.e. build is platform dependent!
2025-07-27 22:00:49,649 [Worker-22: Building] INFO  o.a.m.s.f.DefaultMavenResourcesFiltering - Copying 0 resource from src\main\resources to target\classes
2025-07-27 22:00:49,651 [Worker-22: Building] WARN  o.a.m.s.f.DefaultMavenResourcesFiltering - Using platform encoding (UTF-8 actually) to copy filtered resources, i.e. build is platform dependent!
2025-07-27 22:00:49,652 [Worker-22: Building] INFO  o.a.m.s.f.DefaultMavenResourcesFiltering - Copying 0 resource from src\test\resources to target\test-classes
2025-07-27 22:00:54,416 [Worker-14: Building] WARN  o.a.m.s.f.DefaultMavenResourcesFiltering - Using platform encoding (UTF-8 actually) to copy filtered resources, i.e. build is platform dependent!
2025-07-27 22:00:54,417 [Worker-14: Building] INFO  o.a.m.s.f.DefaultMavenResourcesFiltering - Copying 0 resource from src\main\resources to target\classes
2025-07-27 22:00:54,419 [Worker-14: Building] WARN  o.a.m.s.f.DefaultMavenResourcesFiltering - Using platform encoding (UTF-8 actually) to copy filtered resources, i.e. build is platform dependent!
2025-07-27 22:00:54,420 [Worker-14: Building] INFO  o.a.m.s.f.DefaultMavenResourcesFiltering - Copying 0 resource from src\test\resources to target\test-classes
2025-07-27 22:01:06,771 [Worker-20: Building] WARN  o.a.m.s.f.DefaultMavenResourcesFiltering - Using platform encoding (UTF-8 actually) to copy filtered resources, i.e. build is platform dependent!
2025-07-27 22:01:06,772 [Worker-20: Building] INFO  o.a.m.s.f.DefaultMavenResourcesFiltering - Copying 0 resource from src\main\resources to target\classes
2025-07-27 22:01:06,773 [Worker-20: Building] WARN  o.a.m.s.f.DefaultMavenResourcesFiltering - Using platform encoding (UTF-8 actually) to copy filtered resources, i.e. build is platform dependent!
2025-07-27 22:01:06,774 [Worker-20: Building] INFO  o.a.m.s.f.DefaultMavenResourcesFiltering - Copying 0 resource from src\test\resources to target\test-classes
2025-07-27 22:01:08,907 [Worker-21: Building] WARN  o.a.m.s.f.DefaultMavenResourcesFiltering - Using platform encoding (UTF-8 actually) to copy filtered resources, i.e. build is platform dependent!
2025-07-27 22:01:08,909 [Worker-21: Building] INFO  o.a.m.s.f.DefaultMavenResourcesFiltering - Copying 0 resource from src\main\resources to target\classes
2025-07-27 22:01:08,912 [Worker-21: Building] WARN  o.a.m.s.f.DefaultMavenResourcesFiltering - Using platform encoding (UTF-8 actually) to copy filtered resources, i.e. build is platform dependent!
2025-07-27 22:01:08,914 [Worker-21: Building] INFO  o.a.m.s.f.DefaultMavenResourcesFiltering - Copying 0 resource from src\test\resources to target\test-classes
2025-07-27 22:01:28,019 [Worker-22: Building] WARN  o.a.m.s.f.DefaultMavenResourcesFiltering - Using platform encoding (UTF-8 actually) to copy filtered resources, i.e. build is platform dependent!
2025-07-27 22:01:28,020 [Worker-22: Building] INFO  o.a.m.s.f.DefaultMavenResourcesFiltering - Copying 0 resource from src\main\resources to target\classes
2025-07-27 22:01:28,021 [Worker-22: Building] WARN  o.a.m.s.f.DefaultMavenResourcesFiltering - Using platform encoding (UTF-8 actually) to copy filtered resources, i.e. build is platform dependent!
2025-07-27 22:01:28,022 [Worker-22: Building] INFO  o.a.m.s.f.DefaultMavenResourcesFiltering - Copying 0 resource from src\test\resources to target\test-classes
2025-07-27 22:01:31,957 [Worker-19: Building] WARN  o.a.m.s.f.DefaultMavenResourcesFiltering - Using platform encoding (UTF-8 actually) to copy filtered resources, i.e. build is platform dependent!
2025-07-27 22:01:31,959 [Worker-19: Building] INFO  o.a.m.s.f.DefaultMavenResourcesFiltering - Copying 0 resource from src\main\resources to target\classes
2025-07-27 22:01:31,961 [Worker-19: Building] WARN  o.a.m.s.f.DefaultMavenResourcesFiltering - Using platform encoding (UTF-8 actually) to copy filtered resources, i.e. build is platform dependent!
2025-07-27 22:01:31,963 [Worker-19: Building] INFO  o.a.m.s.f.DefaultMavenResourcesFiltering - Copying 0 resource from src\test\resources to target\test-classes
2025-07-27 22:01:42,271 [Worker-20: Building] WARN  o.a.m.s.f.DefaultMavenResourcesFiltering - Using platform encoding (UTF-8 actually) to copy filtered resources, i.e. build is platform dependent!
2025-07-27 22:01:42,272 [Worker-20: Building] INFO  o.a.m.s.f.DefaultMavenResourcesFiltering - Copying 0 resource from src\main\resources to target\classes
2025-07-27 22:01:42,273 [Worker-20: Building] WARN  o.a.m.s.f.DefaultMavenResourcesFiltering - Using platform encoding (UTF-8 actually) to copy filtered resources, i.e. build is platform dependent!
2025-07-27 22:01:42,274 [Worker-20: Building] INFO  o.a.m.s.f.DefaultMavenResourcesFiltering - Copying 0 resource from src\test\resources to target\test-classes
2025-07-27 22:01:46,265 [Worker-19: Building] WARN  o.a.m.s.f.DefaultMavenResourcesFiltering - Using platform encoding (UTF-8 actually) to copy filtered resources, i.e. build is platform dependent!
2025-07-27 22:01:46,266 [Worker-19: Building] INFO  o.a.m.s.f.DefaultMavenResourcesFiltering - Copying 0 resource from src\main\resources to target\classes
2025-07-27 22:01:46,268 [Worker-19: Building] WARN  o.a.m.s.f.DefaultMavenResourcesFiltering - Using platform encoding (UTF-8 actually) to copy filtered resources, i.e. build is platform dependent!
2025-07-27 22:01:46,269 [Worker-19: Building] INFO  o.a.m.s.f.DefaultMavenResourcesFiltering - Copying 0 resource from src\test\resources to target\test-classes
2025-07-27 22:01:57,065 [Worker-21: Building] WARN  o.a.m.s.f.DefaultMavenResourcesFiltering - Using platform encoding (UTF-8 actually) to copy filtered resources, i.e. build is platform dependent!
2025-07-27 22:01:57,066 [Worker-21: Building] INFO  o.a.m.s.f.DefaultMavenResourcesFiltering - Copying 0 resource from src\main\resources to target\classes
2025-07-27 22:01:57,068 [Worker-21: Building] WARN  o.a.m.s.f.DefaultMavenResourcesFiltering - Using platform encoding (UTF-8 actually) to copy filtered resources, i.e. build is platform dependent!
2025-07-27 22:01:57,069 [Worker-21: Building] INFO  o.a.m.s.f.DefaultMavenResourcesFiltering - Copying 0 resource from src\test\resources to target\test-classes
2025-07-27 22:02:34,587 [Worker-21: Building] WARN  o.a.m.s.f.DefaultMavenResourcesFiltering - Using platform encoding (UTF-8 actually) to copy filtered resources, i.e. build is platform dependent!
2025-07-27 22:02:34,589 [Worker-21: Building] INFO  o.a.m.s.f.DefaultMavenResourcesFiltering - Copying 0 resource from src\main\resources to target\classes
2025-07-27 22:02:34,590 [Worker-21: Building] WARN  o.a.m.s.f.DefaultMavenResourcesFiltering - Using platform encoding (UTF-8 actually) to copy filtered resources, i.e. build is platform dependent!
2025-07-27 22:02:34,592 [Worker-21: Building] INFO  o.a.m.s.f.DefaultMavenResourcesFiltering - Copying 0 resource from src\test\resources to target\test-classes
2025-07-27 22:02:55,231 [Worker-20: Building] WARN  o.a.m.s.f.DefaultMavenResourcesFiltering - Using platform encoding (UTF-8 actually) to copy filtered resources, i.e. build is platform dependent!
2025-07-27 22:02:55,232 [Worker-20: Building] INFO  o.a.m.s.f.DefaultMavenResourcesFiltering - Copying 0 resource from src\main\resources to target\classes
2025-07-27 22:02:55,234 [Worker-20: Building] WARN  o.a.m.s.f.DefaultMavenResourcesFiltering - Using platform encoding (UTF-8 actually) to copy filtered resources, i.e. build is platform dependent!
2025-07-27 22:02:55,235 [Worker-20: Building] INFO  o.a.m.s.f.DefaultMavenResourcesFiltering - Copying 0 resource from src\test\resources to target\test-classes
2025-07-27 22:03:23,276 [Worker-23: Building] WARN  o.a.m.s.f.DefaultMavenResourcesFiltering - Using platform encoding (UTF-8 actually) to copy filtered resources, i.e. build is platform dependent!
2025-07-27 22:03:23,277 [Worker-23: Building] INFO  o.a.m.s.f.DefaultMavenResourcesFiltering - Copying 0 resource from src\main\resources to target\classes
2025-07-27 22:03:23,279 [Worker-23: Building] WARN  o.a.m.s.f.DefaultMavenResourcesFiltering - Using platform encoding (UTF-8 actually) to copy filtered resources, i.e. build is platform dependent!
2025-07-27 22:03:23,280 [Worker-23: Building] INFO  o.a.m.s.f.DefaultMavenResourcesFiltering - Copying 0 resource from src\test\resources to target\test-classes
2025-07-27 22:03:48,445 [Worker-14: Building] WARN  o.a.m.s.f.DefaultMavenResourcesFiltering - Using platform encoding (UTF-8 actually) to copy filtered resources, i.e. build is platform dependent!
2025-07-27 22:03:48,448 [Worker-14: Building] INFO  o.a.m.s.f.DefaultMavenResourcesFiltering - Copying 0 resource from src\main\resources to target\classes
2025-07-27 22:03:48,450 [Worker-14: Building] WARN  o.a.m.s.f.DefaultMavenResourcesFiltering - Using platform encoding (UTF-8 actually) to copy filtered resources, i.e. build is platform dependent!
2025-07-27 22:03:48,451 [Worker-14: Building] INFO  o.a.m.s.f.DefaultMavenResourcesFiltering - Copying 0 resource from src\test\resources to target\test-classes
2025-07-27 22:03:54,814 [Worker-20: Building] WARN  o.a.m.s.f.DefaultMavenResourcesFiltering - Using platform encoding (UTF-8 actually) to copy filtered resources, i.e. build is platform dependent!
2025-07-27 22:03:54,815 [Worker-20: Building] INFO  o.a.m.s.f.DefaultMavenResourcesFiltering - Copying 0 resource from src\main\resources to target\classes
2025-07-27 22:03:54,817 [Worker-20: Building] WARN  o.a.m.s.f.DefaultMavenResourcesFiltering - Using platform encoding (UTF-8 actually) to copy filtered resources, i.e. build is platform dependent!
2025-07-27 22:03:54,818 [Worker-20: Building] INFO  o.a.m.s.f.DefaultMavenResourcesFiltering - Copying 0 resource from src\test\resources to target\test-classes
2025-07-27 22:04:01,956 [Worker-14: Building] WARN  o.a.m.s.f.DefaultMavenResourcesFiltering - Using platform encoding (UTF-8 actually) to copy filtered resources, i.e. build is platform dependent!
2025-07-27 22:04:01,957 [Worker-14: Building] INFO  o.a.m.s.f.DefaultMavenResourcesFiltering - Copying 0 resource from src\main\resources to target\classes
2025-07-27 22:04:01,959 [Worker-14: Building] WARN  o.a.m.s.f.DefaultMavenResourcesFiltering - Using platform encoding (UTF-8 actually) to copy filtered resources, i.e. build is platform dependent!
2025-07-27 22:04:01,960 [Worker-14: Building] INFO  o.a.m.s.f.DefaultMavenResourcesFiltering - Copying 0 resource from src\test\resources to target\test-classes
2025-07-27 22:05:18,173 [Worker-23: Building] INFO  o.e.m.c.i.l.LifecycleMappingFactory - Using org.maven.ide.eclipse.wtp.WarLifecycleMapping lifecycle mapping for MavenProject: com.pahanaedu.bookshop:pahanaedu-online:0.0.1-SNAPSHOT @ F:\eclipse\pahanabookshop\pahanaedu-online\pom.xml.
2025-07-27 22:05:18,851 [Worker-23: Building] INFO  o.e.m.c.i.e.AbstractTransferListenerAdapter - Downloaded https://repo.maven.apache.org/maven2/mysql/mysql-connector-j/8.4.0/mysql-connector-j-8.4.0.pom
2025-07-27 22:05:18,853 [Worker-23: Building] WARN  o.e.m.c.i.embedder.EclipseLogger - The POM for mysql:mysql-connector-j:jar:8.4.0 is missing, no dependency information available
2025-07-27 22:05:19,204 [Worker-23: Building] INFO  o.e.m.c.i.e.AbstractTransferListenerAdapter - Downloaded https://repo.maven.apache.org/maven2/mysql/mysql-connector-j/8.4.0/mysql-connector-j-8.4.0.jar
2025-07-27 22:05:19,609 [Worker-23: Building] WARN  o.a.m.s.f.DefaultMavenResourcesFiltering - Using platform encoding (UTF-8 actually) to copy filtered resources, i.e. build is platform dependent!
2025-07-27 22:05:19,611 [Worker-23: Building] INFO  o.a.m.s.f.DefaultMavenResourcesFiltering - Copying 0 resource from src\main\resources to target\classes
2025-07-27 22:05:19,614 [Worker-23: Building] WARN  o.a.m.s.f.DefaultMavenResourcesFiltering - Using platform encoding (UTF-8 actually) to copy filtered resources, i.e. build is platform dependent!
2025-07-27 22:05:19,615 [Worker-23: Building] INFO  o.a.m.s.f.DefaultMavenResourcesFiltering - Copying 0 resource from src\test\resources to target\test-classes
2025-07-27 22:05:19,615 [Worker-23: Building] INFO  o.e.m.w.i.f.ResourceFilteringBuildParticipant - Changed resources require a complete clean of filtered resources of pahanaedu-online
2025-07-27 22:05:19,616 [Worker-23: Building] INFO  o.e.m.w.i.f.ResourceFilteringBuildParticipant - Executing resource filtering for pahanaedu-online
2025-07-27 22:05:21,303 [Worker-21: Download sources and javadoc] INFO  o.e.m.c.i.e.AbstractTransferListenerAdapter - Downloaded https://repo.maven.apache.org/maven2/mysql/mysql-connector-j/8.4.0/mysql-connector-j-8.4.0-sources.jar
2025-07-27 22:05:21,308 [Worker-21: Download sources and javadoc] ERROR o.e.m.j.internal.DownloadSourcesJob - Could not download sources for mysql:mysql-connector-j:8.4.0
org.eclipse.core.runtime.CoreException: Could not resolve artifact mysql:mysql-connector-j:jar:sources:8.4.0
	at org.eclipse.m2e.core.internal.embedder.MavenImpl.lambda$7(MavenImpl.java:540)
	at org.eclipse.m2e.core.internal.embedder.MavenExecutionContext.executeBare(MavenExecutionContext.java:458)
	at org.eclipse.m2e.core.internal.embedder.MavenExecutionContext.execute(MavenExecutionContext.java:292)
	at org.eclipse.m2e.core.internal.embedder.MavenExecutionContext.execute(MavenExecutionContext.java:278)
	at org.eclipse.m2e.core.internal.embedder.MavenImpl.resolve(MavenImpl.java:509)
	at org.eclipse.m2e.core.internal.embedder.MavenImpl.resolve(MavenImpl.java:494)
	at org.eclipse.m2e.jdt.internal.DownloadSourcesJob.download(DownloadSourcesJob.java:308)
	at org.eclipse.m2e.jdt.internal.DownloadSourcesJob.downloadAttachments(DownloadSourcesJob.java:282)
	at org.eclipse.m2e.jdt.internal.DownloadSourcesJob.downloadMaven(DownloadSourcesJob.java:252)
	at org.eclipse.m2e.jdt.internal.DownloadSourcesJob.downloadFilesAndPopulateToUpdate(DownloadSourcesJob.java:220)
	at org.eclipse.m2e.jdt.internal.DownloadSourcesJob.lambda$0(DownloadSourcesJob.java:149)
	at org.eclipse.m2e.core.internal.embedder.MavenExecutionContext.executeBare(MavenExecutionContext.java:458)
	at org.eclipse.m2e.core.internal.embedder.MavenExecutionContext.execute(MavenExecutionContext.java:339)
	at org.eclipse.m2e.core.internal.embedder.MavenExecutionContext.execute(MavenExecutionContext.java:278)
	at org.eclipse.m2e.core.embedder.IMaven.execute(IMaven.java:300)
	at org.eclipse.m2e.jdt.internal.DownloadSourcesJob.run(DownloadSourcesJob.java:149)
	at org.eclipse.core.internal.jobs.Worker.run(Worker.java:63)
2025-07-27 22:06:22,762 [Worker-19: Launching Executing clean in F__eclipse_pahanabookshop_pahanaedu-online] INFO  o.eclipse.m2e.core.internal.Bundles - getClasspathEntries(Bundle=org.eclipse.m2e.maven.runtime_3.9.900.20250220-2013 [639])
2025-07-27 22:06:22,762 [Worker-19: Launching Executing clean in F__eclipse_pahanabookshop_pahanaedu-online] INFO  o.eclipse.m2e.core.internal.Bundles - 	Entry: C:\Users\wickr\.p2\pool\plugins\org.eclipse.m2e.maven.runtime_3.9.900.20250220-2013
2025-07-27 22:06:22,763 [Worker-19: Launching Executing clean in F__eclipse_pahanabookshop_pahanaedu-online] INFO  o.eclipse.m2e.core.internal.Bundles - 	Entry: C:\Users\wickr\.p2\pool\plugins\org.eclipse.m2e.maven.runtime_3.9.900.20250220-2013\jars\aopalliance-1.0.jar
2025-07-27 22:06:22,763 [Worker-19: Launching Executing clean in F__eclipse_pahanabookshop_pahanaedu-online] INFO  o.eclipse.m2e.core.internal.Bundles - 	Entry: C:\Users\wickr\.p2\pool\plugins\org.eclipse.m2e.maven.runtime_3.9.900.20250220-2013\jars\guice-5.1.0.jar
2025-07-27 22:06:22,763 [Worker-19: Launching Executing clean in F__eclipse_pahanabookshop_pahanaedu-online] INFO  o.eclipse.m2e.core.internal.Bundles - 	Entry: C:\Users\wickr\.p2\pool\plugins\org.eclipse.m2e.maven.runtime_3.9.900.20250220-2013\jars\httpclient-4.5.14.jar
2025-07-27 22:06:22,763 [Worker-19: Launching Executing clean in F__eclipse_pahanabookshop_pahanaedu-online] INFO  o.eclipse.m2e.core.internal.Bundles - 	Entry: C:\Users\wickr\.p2\pool\plugins\org.eclipse.m2e.maven.runtime_3.9.900.20250220-2013\jars\httpcore-4.4.16.jar
2025-07-27 22:06:22,763 [Worker-19: Launching Executing clean in F__eclipse_pahanabookshop_pahanaedu-online] INFO  o.eclipse.m2e.core.internal.Bundles - 	Entry: C:\Users\wickr\.p2\pool\plugins\org.eclipse.m2e.maven.runtime_3.9.900.20250220-2013\jars\jansi-2.4.1.jar
2025-07-27 22:06:22,763 [Worker-19: Launching Executing clean in F__eclipse_pahanabookshop_pahanaedu-online] INFO  o.eclipse.m2e.core.internal.Bundles - 	Entry: C:\Users\wickr\.p2\pool\plugins\org.eclipse.m2e.maven.runtime_3.9.900.20250220-2013\jars\jcl-over-slf4j-1.7.36.jar
2025-07-27 22:06:22,764 [Worker-19: Launching Executing clean in F__eclipse_pahanabookshop_pahanaedu-online] INFO  o.eclipse.m2e.core.internal.Bundles - 	Entry: C:\Users\wickr\.p2\pool\plugins\org.eclipse.m2e.maven.runtime_3.9.900.20250220-2013\jars\maven-artifact-3.9.9.jar
2025-07-27 22:06:22,764 [Worker-19: Launching Executing clean in F__eclipse_pahanabookshop_pahanaedu-online] INFO  o.eclipse.m2e.core.internal.Bundles - 	Entry: C:\Users\wickr\.p2\pool\plugins\org.eclipse.m2e.maven.runtime_3.9.900.20250220-2013\jars\maven-builder-support-3.9.9.jar
2025-07-27 22:06:22,764 [Worker-19: Launching Executing clean in F__eclipse_pahanabookshop_pahanaedu-online] INFO  o.eclipse.m2e.core.internal.Bundles - 	Entry: C:\Users\wickr\.p2\pool\plugins\org.eclipse.m2e.maven.runtime_3.9.900.20250220-2013\jars\maven-compat-3.9.9.jar
2025-07-27 22:06:22,764 [Worker-19: Launching Executing clean in F__eclipse_pahanabookshop_pahanaedu-online] INFO  o.eclipse.m2e.core.internal.Bundles - 	Entry: C:\Users\wickr\.p2\pool\plugins\org.eclipse.m2e.maven.runtime_3.9.900.20250220-2013\jars\maven-core-3.9.9.jar
2025-07-27 22:06:22,764 [Worker-19: Launching Executing clean in F__eclipse_pahanabookshop_pahanaedu-online] INFO  o.eclipse.m2e.core.internal.Bundles - 	Entry: C:\Users\wickr\.p2\pool\plugins\org.eclipse.m2e.maven.runtime_3.9.900.20250220-2013\jars\maven-embedder-3.9.9.jar
2025-07-27 22:06:22,764 [Worker-19: Launching Executing clean in F__eclipse_pahanabookshop_pahanaedu-online] INFO  o.eclipse.m2e.core.internal.Bundles - 	Entry: C:\Users\wickr\.p2\pool\plugins\org.eclipse.m2e.maven.runtime_3.9.900.20250220-2013\jars\maven-model-3.9.9.jar
2025-07-27 22:06:22,764 [Worker-19: Launching Executing clean in F__eclipse_pahanabookshop_pahanaedu-online] INFO  o.eclipse.m2e.core.internal.Bundles - 	Entry: C:\Users\wickr\.p2\pool\plugins\org.eclipse.m2e.maven.runtime_3.9.900.20250220-2013\jars\maven-model-builder-3.9.9.jar
2025-07-27 22:06:22,765 [Worker-19: Launching Executing clean in F__eclipse_pahanabookshop_pahanaedu-online] INFO  o.eclipse.m2e.core.internal.Bundles - 	Entry: C:\Users\wickr\.p2\pool\plugins\org.eclipse.m2e.maven.runtime_3.9.900.20250220-2013\jars\maven-plugin-api-3.9.9.jar
2025-07-27 22:06:22,765 [Worker-19: Launching Executing clean in F__eclipse_pahanabookshop_pahanaedu-online] INFO  o.eclipse.m2e.core.internal.Bundles - 	Entry: C:\Users\wickr\.p2\pool\plugins\org.eclipse.m2e.maven.runtime_3.9.900.20250220-2013\jars\maven-repository-metadata-3.9.9.jar
2025-07-27 22:06:22,765 [Worker-19: Launching Executing clean in F__eclipse_pahanabookshop_pahanaedu-online] INFO  o.eclipse.m2e.core.internal.Bundles - 	Entry: C:\Users\wickr\.p2\pool\plugins\org.eclipse.m2e.maven.runtime_3.9.900.20250220-2013\jars\maven-resolver-api-1.9.22.jar
2025-07-27 22:06:22,765 [Worker-19: Launching Executing clean in F__eclipse_pahanabookshop_pahanaedu-online] INFO  o.eclipse.m2e.core.internal.Bundles - 	Entry: C:\Users\wickr\.p2\pool\plugins\org.eclipse.m2e.maven.runtime_3.9.900.20250220-2013\jars\maven-resolver-connector-basic-1.9.22.jar
2025-07-27 22:06:22,765 [Worker-19: Launching Executing clean in F__eclipse_pahanabookshop_pahanaedu-online] INFO  o.eclipse.m2e.core.internal.Bundles - 	Entry: C:\Users\wickr\.p2\pool\plugins\org.eclipse.m2e.maven.runtime_3.9.900.20250220-2013\jars\maven-resolver-impl-1.9.22.jar
2025-07-27 22:06:22,765 [Worker-19: Launching Executing clean in F__eclipse_pahanabookshop_pahanaedu-online] INFO  o.eclipse.m2e.core.internal.Bundles - 	Entry: C:\Users\wickr\.p2\pool\plugins\org.eclipse.m2e.maven.runtime_3.9.900.20250220-2013\jars\maven-resolver-named-locks-1.9.22.jar
2025-07-27 22:06:22,766 [Worker-19: Launching Executing clean in F__eclipse_pahanabookshop_pahanaedu-online] INFO  o.eclipse.m2e.core.internal.Bundles - 	Entry: C:\Users\wickr\.p2\pool\plugins\org.eclipse.m2e.maven.runtime_3.9.900.20250220-2013\jars\maven-resolver-provider-3.9.9.jar
2025-07-27 22:06:22,766 [Worker-19: Launching Executing clean in F__eclipse_pahanabookshop_pahanaedu-online] INFO  o.eclipse.m2e.core.internal.Bundles - 	Entry: C:\Users\wickr\.p2\pool\plugins\org.eclipse.m2e.maven.runtime_3.9.900.20250220-2013\jars\maven-resolver-spi-1.9.22.jar
2025-07-27 22:06:22,766 [Worker-19: Launching Executing clean in F__eclipse_pahanabookshop_pahanaedu-online] INFO  o.eclipse.m2e.core.internal.Bundles - 	Entry: C:\Users\wickr\.p2\pool\plugins\org.eclipse.m2e.maven.runtime_3.9.900.20250220-2013\jars\maven-resolver-transport-file-1.9.22.jar
2025-07-27 22:06:22,766 [Worker-19: Launching Executing clean in F__eclipse_pahanabookshop_pahanaedu-online] INFO  o.eclipse.m2e.core.internal.Bundles - 	Entry: C:\Users\wickr\.p2\pool\plugins\org.eclipse.m2e.maven.runtime_3.9.900.20250220-2013\jars\maven-resolver-transport-http-1.9.22.jar
2025-07-27 22:06:22,766 [Worker-19: Launching Executing clean in F__eclipse_pahanabookshop_pahanaedu-online] INFO  o.eclipse.m2e.core.internal.Bundles - 	Entry: C:\Users\wickr\.p2\pool\plugins\org.eclipse.m2e.maven.runtime_3.9.900.20250220-2013\jars\maven-resolver-transport-wagon-1.9.22.jar
2025-07-27 22:06:22,766 [Worker-19: Launching Executing clean in F__eclipse_pahanabookshop_pahanaedu-online] INFO  o.eclipse.m2e.core.internal.Bundles - 	Entry: C:\Users\wickr\.p2\pool\plugins\org.eclipse.m2e.maven.runtime_3.9.900.20250220-2013\jars\maven-resolver-util-1.9.22.jar
2025-07-27 22:06:22,767 [Worker-19: Launching Executing clean in F__eclipse_pahanabookshop_pahanaedu-online] INFO  o.eclipse.m2e.core.internal.Bundles - 	Entry: C:\Users\wickr\.p2\pool\plugins\org.eclipse.m2e.maven.runtime_3.9.900.20250220-2013\jars\maven-settings-3.9.9.jar
2025-07-27 22:06:22,767 [Worker-19: Launching Executing clean in F__eclipse_pahanabookshop_pahanaedu-online] INFO  o.eclipse.m2e.core.internal.Bundles - 	Entry: C:\Users\wickr\.p2\pool\plugins\org.eclipse.m2e.maven.runtime_3.9.900.20250220-2013\jars\maven-settings-builder-3.9.9.jar
2025-07-27 22:06:22,767 [Worker-19: Launching Executing clean in F__eclipse_pahanabookshop_pahanaedu-online] INFO  o.eclipse.m2e.core.internal.Bundles - 	Entry: C:\Users\wickr\.p2\pool\plugins\org.eclipse.m2e.maven.runtime_3.9.900.20250220-2013\jars\maven-shared-utils-3.4.2.jar
2025-07-27 22:06:22,767 [Worker-19: Launching Executing clean in F__eclipse_pahanabookshop_pahanaedu-online] INFO  o.eclipse.m2e.core.internal.Bundles - 	Entry: C:\Users\wickr\.p2\pool\plugins\org.eclipse.m2e.maven.runtime_3.9.900.20250220-2013\jars\org.eclipse.sisu.inject-0.9.0.M3.jar
2025-07-27 22:06:22,767 [Worker-19: Launching Executing clean in F__eclipse_pahanabookshop_pahanaedu-online] INFO  o.eclipse.m2e.core.internal.Bundles - 	Entry: C:\Users\wickr\.p2\pool\plugins\org.eclipse.m2e.maven.runtime_3.9.900.20250220-2013\jars\org.eclipse.sisu.plexus-0.9.0.M3.jar
2025-07-27 22:06:22,767 [Worker-19: Launching Executing clean in F__eclipse_pahanabookshop_pahanaedu-online] INFO  o.eclipse.m2e.core.internal.Bundles - 	Entry: C:\Users\wickr\.p2\pool\plugins\org.eclipse.m2e.maven.runtime_3.9.900.20250220-2013\jars\plexus-build-api-0.0.7.jar
2025-07-27 22:06:22,768 [Worker-19: Launching Executing clean in F__eclipse_pahanabookshop_pahanaedu-online] INFO  o.eclipse.m2e.core.internal.Bundles - 	Entry: C:\Users\wickr\.p2\pool\plugins\org.eclipse.m2e.maven.runtime_3.9.900.20250220-2013\jars\plexus-build-api-1.2.0.jar
2025-07-27 22:06:22,768 [Worker-19: Launching Executing clean in F__eclipse_pahanabookshop_pahanaedu-online] INFO  o.eclipse.m2e.core.internal.Bundles - 	Entry: C:\Users\wickr\.p2\pool\plugins\org.eclipse.m2e.maven.runtime_3.9.900.20250220-2013\jars\plexus-cipher-2.0.jar
2025-07-27 22:06:22,768 [Worker-19: Launching Executing clean in F__eclipse_pahanabookshop_pahanaedu-online] INFO  o.eclipse.m2e.core.internal.Bundles - 	Entry: C:\Users\wickr\.p2\pool\plugins\org.eclipse.m2e.maven.runtime_3.9.900.20250220-2013\jars\plexus-classworlds-2.8.0.jar
2025-07-27 22:06:22,768 [Worker-19: Launching Executing clean in F__eclipse_pahanabookshop_pahanaedu-online] INFO  o.eclipse.m2e.core.internal.Bundles - 	Entry: C:\Users\wickr\.p2\pool\plugins\org.eclipse.m2e.maven.runtime_3.9.900.20250220-2013\jars\plexus-component-annotations-2.1.0.jar
2025-07-27 22:06:22,768 [Worker-19: Launching Executing clean in F__eclipse_pahanabookshop_pahanaedu-online] INFO  o.eclipse.m2e.core.internal.Bundles - 	Entry: C:\Users\wickr\.p2\pool\plugins\org.eclipse.m2e.maven.runtime_3.9.900.20250220-2013\jars\plexus-interpolation-1.27.jar
2025-07-27 22:06:22,768 [Worker-19: Launching Executing clean in F__eclipse_pahanabookshop_pahanaedu-online] INFO  o.eclipse.m2e.core.internal.Bundles - 	Entry: C:\Users\wickr\.p2\pool\plugins\org.eclipse.m2e.maven.runtime_3.9.900.20250220-2013\jars\plexus-sec-dispatcher-2.0.jar
2025-07-27 22:06:22,769 [Worker-19: Launching Executing clean in F__eclipse_pahanabookshop_pahanaedu-online] INFO  o.eclipse.m2e.core.internal.Bundles - 	Entry: C:\Users\wickr\.p2\pool\plugins\org.eclipse.m2e.maven.runtime_3.9.900.20250220-2013\jars\plexus-utils-3.5.1.jar
2025-07-27 22:06:22,769 [Worker-19: Launching Executing clean in F__eclipse_pahanabookshop_pahanaedu-online] INFO  o.eclipse.m2e.core.internal.Bundles - 	Entry: C:\Users\wickr\.p2\pool\plugins\org.eclipse.m2e.maven.runtime_3.9.900.20250220-2013\jars\plexus-xml-3.0.1.jar
2025-07-27 22:06:22,769 [Worker-19: Launching Executing clean in F__eclipse_pahanabookshop_pahanaedu-online] INFO  o.eclipse.m2e.core.internal.Bundles - 	Entry: C:\Users\wickr\.p2\pool\plugins\org.eclipse.m2e.maven.runtime_3.9.900.20250220-2013\jars\wagon-file-3.5.3.jar
2025-07-27 22:06:22,769 [Worker-19: Launching Executing clean in F__eclipse_pahanabookshop_pahanaedu-online] INFO  o.eclipse.m2e.core.internal.Bundles - 	Entry: C:\Users\wickr\.p2\pool\plugins\org.eclipse.m2e.maven.runtime_3.9.900.20250220-2013\jars\wagon-http-3.5.3.jar
2025-07-27 22:06:22,769 [Worker-19: Launching Executing clean in F__eclipse_pahanabookshop_pahanaedu-online] INFO  o.eclipse.m2e.core.internal.Bundles - 	Entry: C:\Users\wickr\.p2\pool\plugins\org.eclipse.m2e.maven.runtime_3.9.900.20250220-2013\jars\wagon-http-shared-3.5.3.jar
2025-07-27 22:06:22,769 [Worker-19: Launching Executing clean in F__eclipse_pahanabookshop_pahanaedu-online] INFO  o.eclipse.m2e.core.internal.Bundles - 	Entry: C:\Users\wickr\.p2\pool\plugins\org.eclipse.m2e.maven.runtime_3.9.900.20250220-2013\jars\wagon-provider-api-3.5.3.jar
2025-07-27 22:06:22,770 [Worker-19: Launching Executing clean in F__eclipse_pahanabookshop_pahanaedu-online] INFO  o.eclipse.m2e.core.internal.Bundles - getClasspathEntries(Bundle=com.google.guava_33.4.8.jre [18])
2025-07-27 22:06:22,770 [Worker-19: Launching Executing clean in F__eclipse_pahanabookshop_pahanaedu-online] INFO  o.eclipse.m2e.core.internal.Bundles - 	Entry: C:\Users\wickr\.p2\pool\plugins\com.google.guava_33.4.8.jre.jar
2025-07-27 22:06:22,770 [Worker-19: Launching Executing clean in F__eclipse_pahanabookshop_pahanaedu-online] INFO  o.eclipse.m2e.core.internal.Bundles - getClasspathEntries(Bundle=slf4j.api_2.0.17 [1004])
2025-07-27 22:06:22,770 [Worker-19: Launching Executing clean in F__eclipse_pahanabookshop_pahanaedu-online] INFO  o.eclipse.m2e.core.internal.Bundles - 	Entry: C:\Users\wickr\.p2\pool\plugins\slf4j.api_2.0.17.jar
2025-07-27 22:06:22,770 [Worker-19: Launching Executing clean in F__eclipse_pahanabookshop_pahanaedu-online] INFO  o.eclipse.m2e.core.internal.Bundles - getClasspathEntries(Bundle=jakarta.inject.jakarta.inject-api_1.0.5 [35])
2025-07-27 22:06:22,770 [Worker-19: Launching Executing clean in F__eclipse_pahanabookshop_pahanaedu-online] INFO  o.eclipse.m2e.core.internal.Bundles - 	Entry: C:\Users\wickr\.p2\pool\plugins\jakarta.inject.jakarta.inject-api_1.0.5.jar
2025-07-27 22:06:22,770 [Worker-19: Launching Executing clean in F__eclipse_pahanabookshop_pahanaedu-online] INFO  o.eclipse.m2e.core.internal.Bundles - getClasspathEntries(Bundle=javax.annotation_1.3.5.v20200909-1856 [45])
2025-07-27 22:06:22,771 [Worker-19: Launching Executing clean in F__eclipse_pahanabookshop_pahanaedu-online] INFO  o.eclipse.m2e.core.internal.Bundles - 	Entry: C:\Users\wickr\.p2\pool\plugins\javax.annotation_1.3.5.v20200909-1856.jar
2025-07-27 22:06:22,771 [Worker-19: Launching Executing clean in F__eclipse_pahanabookshop_pahanaedu-online] INFO  o.eclipse.m2e.core.internal.Bundles - getClasspathEntries(Bundle=org.apache.commons.cli_1.9.0 [76])
2025-07-27 22:06:22,771 [Worker-19: Launching Executing clean in F__eclipse_pahanabookshop_pahanaedu-online] INFO  o.eclipse.m2e.core.internal.Bundles - 	Entry: C:\Users\wickr\.p2\pool\plugins\org.apache.commons.cli_1.9.0.jar
2025-07-27 22:06:22,771 [Worker-19: Launching Executing clean in F__eclipse_pahanabookshop_pahanaedu-online] INFO  o.eclipse.m2e.core.internal.Bundles - getClasspathEntries(Bundle=org.apache.commons.commons-codec_1.16.0 [78])
2025-07-27 22:06:22,771 [Worker-19: Launching Executing clean in F__eclipse_pahanabookshop_pahanaedu-online] INFO  o.eclipse.m2e.core.internal.Bundles - 	Entry: C:\Users\wickr\.p2\pool\plugins\org.apache.commons.commons-codec_1.16.0.jar
2025-07-27 22:06:22,771 [Worker-19: Launching Executing clean in F__eclipse_pahanabookshop_pahanaedu-online] INFO  o.eclipse.m2e.core.internal.Bundles - getClasspathEntries(Bundle=com.google.guava.failureaccess_1.0.3 [19])
2025-07-27 22:06:22,772 [Worker-19: Launching Executing clean in F__eclipse_pahanabookshop_pahanaedu-online] INFO  o.eclipse.m2e.core.internal.Bundles - 	Entry: C:\Users\wickr\.p2\pool\plugins\com.google.guava.failureaccess_1.0.3.jar
2025-07-27 22:06:22,773 [Worker-19: Launching Executing clean in F__eclipse_pahanabookshop_pahanaedu-online] INFO  o.e.m.i.launch.MavenLaunchDelegate - Run build in "F:\eclipse\pahanabookshop\pahanaedu-online":
2025-07-27 22:06:22,773 [Worker-19: Launching Executing clean in F__eclipse_pahanabookshop_pahanaedu-online] INFO  o.e.m.i.launch.MavenLaunchDelegate -  mvn  -B -Dstyle.color=always clean
2025-07-27 22:06:24,412 [Worker-21: Building] WARN  o.a.m.s.f.DefaultMavenResourcesFiltering - Using platform encoding (UTF-8 actually) to copy filtered resources, i.e. build is platform dependent!
2025-07-27 22:06:24,413 [Worker-21: Building] INFO  o.a.m.s.f.DefaultMavenResourcesFiltering - Copying 0 resource from src\main\resources to target\classes
2025-07-27 22:06:24,414 [Worker-21: Building] WARN  o.a.m.s.f.DefaultMavenResourcesFiltering - Using platform encoding (UTF-8 actually) to copy filtered resources, i.e. build is platform dependent!
2025-07-27 22:06:24,415 [Worker-21: Building] INFO  o.a.m.s.f.DefaultMavenResourcesFiltering - Copying 0 resource from src\test\resources to target\test-classes
2025-07-27 22:06:24,415 [Worker-21: Building] INFO  o.e.m.w.i.f.ResourceFilteringBuildParticipant - Changed resources require a complete clean of filtered resources of pahanaedu-online
2025-07-27 22:06:24,415 [Worker-21: Building] INFO  o.e.m.w.i.f.ResourceFilteringBuildParticipant - Executing resource filtering for pahanaedu-online
2025-07-27 22:06:31,277 [Worker-20: Launching Executing install in F__eclipse_pahanabookshop_pahanaedu-online] INFO  o.eclipse.m2e.core.internal.Bundles - getClasspathEntries(Bundle=org.eclipse.m2e.maven.runtime_3.9.900.20250220-2013 [639])
2025-07-27 22:06:31,277 [Worker-20: Launching Executing install in F__eclipse_pahanabookshop_pahanaedu-online] INFO  o.eclipse.m2e.core.internal.Bundles - 	Entry: C:\Users\wickr\.p2\pool\plugins\org.eclipse.m2e.maven.runtime_3.9.900.20250220-2013
2025-07-27 22:06:31,277 [Worker-20: Launching Executing install in F__eclipse_pahanabookshop_pahanaedu-online] INFO  o.eclipse.m2e.core.internal.Bundles - 	Entry: C:\Users\wickr\.p2\pool\plugins\org.eclipse.m2e.maven.runtime_3.9.900.20250220-2013\jars\aopalliance-1.0.jar
2025-07-27 22:06:31,278 [Worker-20: Launching Executing install in F__eclipse_pahanabookshop_pahanaedu-online] INFO  o.eclipse.m2e.core.internal.Bundles - 	Entry: C:\Users\wickr\.p2\pool\plugins\org.eclipse.m2e.maven.runtime_3.9.900.20250220-2013\jars\guice-5.1.0.jar
2025-07-27 22:06:31,278 [Worker-20: Launching Executing install in F__eclipse_pahanabookshop_pahanaedu-online] INFO  o.eclipse.m2e.core.internal.Bundles - 	Entry: C:\Users\wickr\.p2\pool\plugins\org.eclipse.m2e.maven.runtime_3.9.900.20250220-2013\jars\httpclient-4.5.14.jar
2025-07-27 22:06:31,278 [Worker-20: Launching Executing install in F__eclipse_pahanabookshop_pahanaedu-online] INFO  o.eclipse.m2e.core.internal.Bundles - 	Entry: C:\Users\wickr\.p2\pool\plugins\org.eclipse.m2e.maven.runtime_3.9.900.20250220-2013\jars\httpcore-4.4.16.jar
2025-07-27 22:06:31,278 [Worker-20: Launching Executing install in F__eclipse_pahanabookshop_pahanaedu-online] INFO  o.eclipse.m2e.core.internal.Bundles - 	Entry: C:\Users\wickr\.p2\pool\plugins\org.eclipse.m2e.maven.runtime_3.9.900.20250220-2013\jars\jansi-2.4.1.jar
2025-07-27 22:06:31,278 [Worker-20: Launching Executing install in F__eclipse_pahanabookshop_pahanaedu-online] INFO  o.eclipse.m2e.core.internal.Bundles - 	Entry: C:\Users\wickr\.p2\pool\plugins\org.eclipse.m2e.maven.runtime_3.9.900.20250220-2013\jars\jcl-over-slf4j-1.7.36.jar
2025-07-27 22:06:31,278 [Worker-20: Launching Executing install in F__eclipse_pahanabookshop_pahanaedu-online] INFO  o.eclipse.m2e.core.internal.Bundles - 	Entry: C:\Users\wickr\.p2\pool\plugins\org.eclipse.m2e.maven.runtime_3.9.900.20250220-2013\jars\maven-artifact-3.9.9.jar
2025-07-27 22:06:31,278 [Worker-20: Launching Executing install in F__eclipse_pahanabookshop_pahanaedu-online] INFO  o.eclipse.m2e.core.internal.Bundles - 	Entry: C:\Users\wickr\.p2\pool\plugins\org.eclipse.m2e.maven.runtime_3.9.900.20250220-2013\jars\maven-builder-support-3.9.9.jar
2025-07-27 22:06:31,279 [Worker-20: Launching Executing install in F__eclipse_pahanabookshop_pahanaedu-online] INFO  o.eclipse.m2e.core.internal.Bundles - 	Entry: C:\Users\wickr\.p2\pool\plugins\org.eclipse.m2e.maven.runtime_3.9.900.20250220-2013\jars\maven-compat-3.9.9.jar
2025-07-27 22:06:31,279 [Worker-20: Launching Executing install in F__eclipse_pahanabookshop_pahanaedu-online] INFO  o.eclipse.m2e.core.internal.Bundles - 	Entry: C:\Users\wickr\.p2\pool\plugins\org.eclipse.m2e.maven.runtime_3.9.900.20250220-2013\jars\maven-core-3.9.9.jar
2025-07-27 22:06:31,279 [Worker-20: Launching Executing install in F__eclipse_pahanabookshop_pahanaedu-online] INFO  o.eclipse.m2e.core.internal.Bundles - 	Entry: C:\Users\wickr\.p2\pool\plugins\org.eclipse.m2e.maven.runtime_3.9.900.20250220-2013\jars\maven-embedder-3.9.9.jar
2025-07-27 22:06:31,279 [Worker-20: Launching Executing install in F__eclipse_pahanabookshop_pahanaedu-online] INFO  o.eclipse.m2e.core.internal.Bundles - 	Entry: C:\Users\wickr\.p2\pool\plugins\org.eclipse.m2e.maven.runtime_3.9.900.20250220-2013\jars\maven-model-3.9.9.jar
2025-07-27 22:06:31,279 [Worker-20: Launching Executing install in F__eclipse_pahanabookshop_pahanaedu-online] INFO  o.eclipse.m2e.core.internal.Bundles - 	Entry: C:\Users\wickr\.p2\pool\plugins\org.eclipse.m2e.maven.runtime_3.9.900.20250220-2013\jars\maven-model-builder-3.9.9.jar
2025-07-27 22:06:31,279 [Worker-20: Launching Executing install in F__eclipse_pahanabookshop_pahanaedu-online] INFO  o.eclipse.m2e.core.internal.Bundles - 	Entry: C:\Users\wickr\.p2\pool\plugins\org.eclipse.m2e.maven.runtime_3.9.900.20250220-2013\jars\maven-plugin-api-3.9.9.jar
2025-07-27 22:06:31,279 [Worker-20: Launching Executing install in F__eclipse_pahanabookshop_pahanaedu-online] INFO  o.eclipse.m2e.core.internal.Bundles - 	Entry: C:\Users\wickr\.p2\pool\plugins\org.eclipse.m2e.maven.runtime_3.9.900.20250220-2013\jars\maven-repository-metadata-3.9.9.jar
2025-07-27 22:06:31,279 [Worker-20: Launching Executing install in F__eclipse_pahanabookshop_pahanaedu-online] INFO  o.eclipse.m2e.core.internal.Bundles - 	Entry: C:\Users\wickr\.p2\pool\plugins\org.eclipse.m2e.maven.runtime_3.9.900.20250220-2013\jars\maven-resolver-api-1.9.22.jar
2025-07-27 22:06:31,279 [Worker-20: Launching Executing install in F__eclipse_pahanabookshop_pahanaedu-online] INFO  o.eclipse.m2e.core.internal.Bundles - 	Entry: C:\Users\wickr\.p2\pool\plugins\org.eclipse.m2e.maven.runtime_3.9.900.20250220-2013\jars\maven-resolver-connector-basic-1.9.22.jar
2025-07-27 22:06:31,280 [Worker-20: Launching Executing install in F__eclipse_pahanabookshop_pahanaedu-online] INFO  o.eclipse.m2e.core.internal.Bundles - 	Entry: C:\Users\wickr\.p2\pool\plugins\org.eclipse.m2e.maven.runtime_3.9.900.20250220-2013\jars\maven-resolver-impl-1.9.22.jar
2025-07-27 22:06:31,280 [Worker-20: Launching Executing install in F__eclipse_pahanabookshop_pahanaedu-online] INFO  o.eclipse.m2e.core.internal.Bundles - 	Entry: C:\Users\wickr\.p2\pool\plugins\org.eclipse.m2e.maven.runtime_3.9.900.20250220-2013\jars\maven-resolver-named-locks-1.9.22.jar
2025-07-27 22:06:31,280 [Worker-20: Launching Executing install in F__eclipse_pahanabookshop_pahanaedu-online] INFO  o.eclipse.m2e.core.internal.Bundles - 	Entry: C:\Users\wickr\.p2\pool\plugins\org.eclipse.m2e.maven.runtime_3.9.900.20250220-2013\jars\maven-resolver-provider-3.9.9.jar
2025-07-27 22:06:31,280 [Worker-20: Launching Executing install in F__eclipse_pahanabookshop_pahanaedu-online] INFO  o.eclipse.m2e.core.internal.Bundles - 	Entry: C:\Users\wickr\.p2\pool\plugins\org.eclipse.m2e.maven.runtime_3.9.900.20250220-2013\jars\maven-resolver-spi-1.9.22.jar
2025-07-27 22:06:31,280 [Worker-20: Launching Executing install in F__eclipse_pahanabookshop_pahanaedu-online] INFO  o.eclipse.m2e.core.internal.Bundles - 	Entry: C:\Users\wickr\.p2\pool\plugins\org.eclipse.m2e.maven.runtime_3.9.900.20250220-2013\jars\maven-resolver-transport-file-1.9.22.jar
2025-07-27 22:06:31,280 [Worker-20: Launching Executing install in F__eclipse_pahanabookshop_pahanaedu-online] INFO  o.eclipse.m2e.core.internal.Bundles - 	Entry: C:\Users\wickr\.p2\pool\plugins\org.eclipse.m2e.maven.runtime_3.9.900.20250220-2013\jars\maven-resolver-transport-http-1.9.22.jar
2025-07-27 22:06:31,280 [Worker-20: Launching Executing install in F__eclipse_pahanabookshop_pahanaedu-online] INFO  o.eclipse.m2e.core.internal.Bundles - 	Entry: C:\Users\wickr\.p2\pool\plugins\org.eclipse.m2e.maven.runtime_3.9.900.20250220-2013\jars\maven-resolver-transport-wagon-1.9.22.jar
2025-07-27 22:06:31,281 [Worker-20: Launching Executing install in F__eclipse_pahanabookshop_pahanaedu-online] INFO  o.eclipse.m2e.core.internal.Bundles - 	Entry: C:\Users\wickr\.p2\pool\plugins\org.eclipse.m2e.maven.runtime_3.9.900.20250220-2013\jars\maven-resolver-util-1.9.22.jar
2025-07-27 22:06:31,281 [Worker-20: Launching Executing install in F__eclipse_pahanabookshop_pahanaedu-online] INFO  o.eclipse.m2e.core.internal.Bundles - 	Entry: C:\Users\wickr\.p2\pool\plugins\org.eclipse.m2e.maven.runtime_3.9.900.20250220-2013\jars\maven-settings-3.9.9.jar
2025-07-27 22:06:31,281 [Worker-20: Launching Executing install in F__eclipse_pahanabookshop_pahanaedu-online] INFO  o.eclipse.m2e.core.internal.Bundles - 	Entry: C:\Users\wickr\.p2\pool\plugins\org.eclipse.m2e.maven.runtime_3.9.900.20250220-2013\jars\maven-settings-builder-3.9.9.jar
2025-07-27 22:06:31,281 [Worker-20: Launching Executing install in F__eclipse_pahanabookshop_pahanaedu-online] INFO  o.eclipse.m2e.core.internal.Bundles - 	Entry: C:\Users\wickr\.p2\pool\plugins\org.eclipse.m2e.maven.runtime_3.9.900.20250220-2013\jars\maven-shared-utils-3.4.2.jar
2025-07-27 22:06:31,281 [Worker-20: Launching Executing install in F__eclipse_pahanabookshop_pahanaedu-online] INFO  o.eclipse.m2e.core.internal.Bundles - 	Entry: C:\Users\wickr\.p2\pool\plugins\org.eclipse.m2e.maven.runtime_3.9.900.20250220-2013\jars\org.eclipse.sisu.inject-0.9.0.M3.jar
2025-07-27 22:06:31,281 [Worker-20: Launching Executing install in F__eclipse_pahanabookshop_pahanaedu-online] INFO  o.eclipse.m2e.core.internal.Bundles - 	Entry: C:\Users\wickr\.p2\pool\plugins\org.eclipse.m2e.maven.runtime_3.9.900.20250220-2013\jars\org.eclipse.sisu.plexus-0.9.0.M3.jar
2025-07-27 22:06:31,281 [Worker-20: Launching Executing install in F__eclipse_pahanabookshop_pahanaedu-online] INFO  o.eclipse.m2e.core.internal.Bundles - 	Entry: C:\Users\wickr\.p2\pool\plugins\org.eclipse.m2e.maven.runtime_3.9.900.20250220-2013\jars\plexus-build-api-0.0.7.jar
2025-07-27 22:06:31,281 [Worker-20: Launching Executing install in F__eclipse_pahanabookshop_pahanaedu-online] INFO  o.eclipse.m2e.core.internal.Bundles - 	Entry: C:\Users\wickr\.p2\pool\plugins\org.eclipse.m2e.maven.runtime_3.9.900.20250220-2013\jars\plexus-build-api-1.2.0.jar
2025-07-27 22:06:31,282 [Worker-20: Launching Executing install in F__eclipse_pahanabookshop_pahanaedu-online] INFO  o.eclipse.m2e.core.internal.Bundles - 	Entry: C:\Users\wickr\.p2\pool\plugins\org.eclipse.m2e.maven.runtime_3.9.900.20250220-2013\jars\plexus-cipher-2.0.jar
2025-07-27 22:06:31,282 [Worker-20: Launching Executing install in F__eclipse_pahanabookshop_pahanaedu-online] INFO  o.eclipse.m2e.core.internal.Bundles - 	Entry: C:\Users\wickr\.p2\pool\plugins\org.eclipse.m2e.maven.runtime_3.9.900.20250220-2013\jars\plexus-classworlds-2.8.0.jar
2025-07-27 22:06:31,282 [Worker-20: Launching Executing install in F__eclipse_pahanabookshop_pahanaedu-online] INFO  o.eclipse.m2e.core.internal.Bundles - 	Entry: C:\Users\wickr\.p2\pool\plugins\org.eclipse.m2e.maven.runtime_3.9.900.20250220-2013\jars\plexus-component-annotations-2.1.0.jar
2025-07-27 22:06:31,282 [Worker-20: Launching Executing install in F__eclipse_pahanabookshop_pahanaedu-online] INFO  o.eclipse.m2e.core.internal.Bundles - 	Entry: C:\Users\wickr\.p2\pool\plugins\org.eclipse.m2e.maven.runtime_3.9.900.20250220-2013\jars\plexus-interpolation-1.27.jar
2025-07-27 22:06:31,282 [Worker-20: Launching Executing install in F__eclipse_pahanabookshop_pahanaedu-online] INFO  o.eclipse.m2e.core.internal.Bundles - 	Entry: C:\Users\wickr\.p2\pool\plugins\org.eclipse.m2e.maven.runtime_3.9.900.20250220-2013\jars\plexus-sec-dispatcher-2.0.jar
2025-07-27 22:06:31,282 [Worker-20: Launching Executing install in F__eclipse_pahanabookshop_pahanaedu-online] INFO  o.eclipse.m2e.core.internal.Bundles - 	Entry: C:\Users\wickr\.p2\pool\plugins\org.eclipse.m2e.maven.runtime_3.9.900.20250220-2013\jars\plexus-utils-3.5.1.jar
2025-07-27 22:06:31,282 [Worker-20: Launching Executing install in F__eclipse_pahanabookshop_pahanaedu-online] INFO  o.eclipse.m2e.core.internal.Bundles - 	Entry: C:\Users\wickr\.p2\pool\plugins\org.eclipse.m2e.maven.runtime_3.9.900.20250220-2013\jars\plexus-xml-3.0.1.jar
2025-07-27 22:06:31,282 [Worker-20: Launching Executing install in F__eclipse_pahanabookshop_pahanaedu-online] INFO  o.eclipse.m2e.core.internal.Bundles - 	Entry: C:\Users\wickr\.p2\pool\plugins\org.eclipse.m2e.maven.runtime_3.9.900.20250220-2013\jars\wagon-file-3.5.3.jar
2025-07-27 22:06:31,283 [Worker-20: Launching Executing install in F__eclipse_pahanabookshop_pahanaedu-online] INFO  o.eclipse.m2e.core.internal.Bundles - 	Entry: C:\Users\wickr\.p2\pool\plugins\org.eclipse.m2e.maven.runtime_3.9.900.20250220-2013\jars\wagon-http-3.5.3.jar
2025-07-27 22:06:31,283 [Worker-20: Launching Executing install in F__eclipse_pahanabookshop_pahanaedu-online] INFO  o.eclipse.m2e.core.internal.Bundles - 	Entry: C:\Users\wickr\.p2\pool\plugins\org.eclipse.m2e.maven.runtime_3.9.900.20250220-2013\jars\wagon-http-shared-3.5.3.jar
2025-07-27 22:06:31,283 [Worker-20: Launching Executing install in F__eclipse_pahanabookshop_pahanaedu-online] INFO  o.eclipse.m2e.core.internal.Bundles - 	Entry: C:\Users\wickr\.p2\pool\plugins\org.eclipse.m2e.maven.runtime_3.9.900.20250220-2013\jars\wagon-provider-api-3.5.3.jar
2025-07-27 22:06:31,283 [Worker-20: Launching Executing install in F__eclipse_pahanabookshop_pahanaedu-online] INFO  o.eclipse.m2e.core.internal.Bundles - getClasspathEntries(Bundle=com.google.guava_33.4.8.jre [18])
2025-07-27 22:06:31,283 [Worker-20: Launching Executing install in F__eclipse_pahanabookshop_pahanaedu-online] INFO  o.eclipse.m2e.core.internal.Bundles - 	Entry: C:\Users\wickr\.p2\pool\plugins\com.google.guava_33.4.8.jre.jar
2025-07-27 22:06:31,283 [Worker-20: Launching Executing install in F__eclipse_pahanabookshop_pahanaedu-online] INFO  o.eclipse.m2e.core.internal.Bundles - getClasspathEntries(Bundle=slf4j.api_2.0.17 [1004])
2025-07-27 22:06:31,284 [Worker-20: Launching Executing install in F__eclipse_pahanabookshop_pahanaedu-online] INFO  o.eclipse.m2e.core.internal.Bundles - 	Entry: C:\Users\wickr\.p2\pool\plugins\slf4j.api_2.0.17.jar
2025-07-27 22:06:31,284 [Worker-20: Launching Executing install in F__eclipse_pahanabookshop_pahanaedu-online] INFO  o.eclipse.m2e.core.internal.Bundles - getClasspathEntries(Bundle=jakarta.inject.jakarta.inject-api_1.0.5 [35])
2025-07-27 22:06:31,284 [Worker-20: Launching Executing install in F__eclipse_pahanabookshop_pahanaedu-online] INFO  o.eclipse.m2e.core.internal.Bundles - 	Entry: C:\Users\wickr\.p2\pool\plugins\jakarta.inject.jakarta.inject-api_1.0.5.jar
2025-07-27 22:06:31,284 [Worker-20: Launching Executing install in F__eclipse_pahanabookshop_pahanaedu-online] INFO  o.eclipse.m2e.core.internal.Bundles - getClasspathEntries(Bundle=javax.annotation_1.3.5.v20200909-1856 [45])
2025-07-27 22:06:31,284 [Worker-20: Launching Executing install in F__eclipse_pahanabookshop_pahanaedu-online] INFO  o.eclipse.m2e.core.internal.Bundles - 	Entry: C:\Users\wickr\.p2\pool\plugins\javax.annotation_1.3.5.v20200909-1856.jar
2025-07-27 22:06:31,284 [Worker-20: Launching Executing install in F__eclipse_pahanabookshop_pahanaedu-online] INFO  o.eclipse.m2e.core.internal.Bundles - getClasspathEntries(Bundle=org.apache.commons.cli_1.9.0 [76])
2025-07-27 22:06:31,285 [Worker-20: Launching Executing install in F__eclipse_pahanabookshop_pahanaedu-online] INFO  o.eclipse.m2e.core.internal.Bundles - 	Entry: C:\Users\wickr\.p2\pool\plugins\org.apache.commons.cli_1.9.0.jar
2025-07-27 22:06:31,285 [Worker-20: Launching Executing install in F__eclipse_pahanabookshop_pahanaedu-online] INFO  o.eclipse.m2e.core.internal.Bundles - getClasspathEntries(Bundle=org.apache.commons.commons-codec_1.16.0 [78])
2025-07-27 22:06:31,285 [Worker-20: Launching Executing install in F__eclipse_pahanabookshop_pahanaedu-online] INFO  o.eclipse.m2e.core.internal.Bundles - 	Entry: C:\Users\wickr\.p2\pool\plugins\org.apache.commons.commons-codec_1.16.0.jar
2025-07-27 22:06:31,285 [Worker-20: Launching Executing install in F__eclipse_pahanabookshop_pahanaedu-online] INFO  o.eclipse.m2e.core.internal.Bundles - getClasspathEntries(Bundle=com.google.guava.failureaccess_1.0.3 [19])
2025-07-27 22:06:31,285 [Worker-20: Launching Executing install in F__eclipse_pahanabookshop_pahanaedu-online] INFO  o.eclipse.m2e.core.internal.Bundles - 	Entry: C:\Users\wickr\.p2\pool\plugins\com.google.guava.failureaccess_1.0.3.jar
2025-07-27 22:06:31,286 [Worker-20: Launching Executing install in F__eclipse_pahanabookshop_pahanaedu-online] INFO  o.e.m.i.launch.MavenLaunchDelegate - Run build in "F:\eclipse\pahanabookshop\pahanaedu-online":
2025-07-27 22:06:31,286 [Worker-20: Launching Executing install in F__eclipse_pahanabookshop_pahanaedu-online] INFO  o.e.m.i.launch.MavenLaunchDelegate -  mvn  -B -Dstyle.color=always install
2025-07-27 22:07:36,791 [Worker-19: Building] INFO  o.e.m.c.i.l.LifecycleMappingFactory - Using org.maven.ide.eclipse.wtp.WarLifecycleMapping lifecycle mapping for MavenProject: com.pahanaedu.bookshop:pahanaedu-online:0.0.1-SNAPSHOT @ F:\eclipse\pahanabookshop\pahanaedu-online\pom.xml.
2025-07-27 22:07:37,386 [Worker-19: Building] INFO  o.e.m.c.i.e.AbstractTransferListenerAdapter - Downloaded https://repo.maven.apache.org/maven2/mysql/mysql-connector-j/8.0.33/mysql-connector-j-8.0.33.pom
2025-07-27 22:07:37,387 [Worker-19: Building] WARN  o.e.m.c.i.embedder.EclipseLogger - The POM for mysql:mysql-connector-j:jar:8.0.33 is missing, no dependency information available
2025-07-27 22:07:37,557 [Worker-19: Building] INFO  o.e.m.c.i.e.AbstractTransferListenerAdapter - Downloading https://repo.maven.apache.org/maven2/javax/servlet/jsp/jstl/javax.servlet.jsp.jstl-api/1.2.1/javax.servlet.jsp.jstl-api-1.2.1.pom
2025-07-27 22:07:37,567 [Worker-19: Building] INFO  o.e.m.c.i.e.AbstractTransferListenerAdapter - Downloaded https://repo.maven.apache.org/maven2/javax/servlet/jsp/jstl/javax.servlet.jsp.jstl-api/1.2.1/javax.servlet.jsp.jstl-api-1.2.1.pom
2025-07-27 22:07:37,738 [Worker-19: Building] INFO  o.e.m.c.i.e.AbstractTransferListenerAdapter - Downloading https://repo.maven.apache.org/maven2/net/java/jvnet-parent/1/jvnet-parent-1.pom
2025-07-27 22:07:37,752 [Worker-19: Building] INFO  o.e.m.c.i.e.AbstractTransferListenerAdapter - Downloaded https://repo.maven.apache.org/maven2/net/java/jvnet-parent/1/jvnet-parent-1.pom
2025-07-27 22:07:37,932 [Worker-19: Building] INFO  o.e.m.c.i.e.AbstractTransferListenerAdapter - Downloading https://repo.maven.apache.org/maven2/org/glassfish/web/jstl-impl/1.2/jstl-impl-1.2.pom
2025-07-27 22:07:37,949 [Worker-19: Building] INFO  o.e.m.c.i.e.AbstractTransferListenerAdapter - Downloaded https://repo.maven.apache.org/maven2/org/glassfish/web/jstl-impl/1.2/jstl-impl-1.2.pom
2025-07-27 22:07:38,121 [Worker-19: Building] INFO  o.e.m.c.i.e.AbstractTransferListenerAdapter - Downloading https://repo.maven.apache.org/maven2/org/glassfish/web/jstl/1.2/jstl-1.2.pom
2025-07-27 22:07:38,128 [Worker-19: Building] INFO  o.e.m.c.i.e.AbstractTransferListenerAdapter - Downloaded https://repo.maven.apache.org/maven2/org/glassfish/web/jstl/1.2/jstl-1.2.pom
2025-07-27 22:07:38,297 [Worker-19: Building] INFO  o.e.m.c.i.e.AbstractTransferListenerAdapter - Downloading https://repo.maven.apache.org/maven2/javax/servlet/servlet-api/2.5/servlet-api-2.5.pom
2025-07-27 22:07:38,300 [Worker-19: Building] INFO  o.e.m.c.i.e.AbstractTransferListenerAdapter - Downloaded https://repo.maven.apache.org/maven2/javax/servlet/servlet-api/2.5/servlet-api-2.5.pom
2025-07-27 22:07:38,470 [Worker-19: Building] INFO  o.e.m.c.i.e.AbstractTransferListenerAdapter - Downloading https://repo.maven.apache.org/maven2/javax/servlet/jsp/jsp-api/2.1/jsp-api-2.1.pom
2025-07-27 22:07:38,472 [Worker-19: Building] INFO  o.e.m.c.i.e.AbstractTransferListenerAdapter - Downloaded https://repo.maven.apache.org/maven2/javax/servlet/jsp/jsp-api/2.1/jsp-api-2.1.pom
2025-07-27 22:07:38,641 [Worker-19: Building] INFO  o.e.m.c.i.e.AbstractTransferListenerAdapter - Downloading https://repo.maven.apache.org/maven2/javax/servlet/jsp/jstl/jstl-api/1.2/jstl-api-1.2.pom
2025-07-27 22:07:38,653 [Worker-19: Building] INFO  o.e.m.c.i.e.AbstractTransferListenerAdapter - Downloaded https://repo.maven.apache.org/maven2/javax/servlet/jsp/jstl/jstl-api/1.2/jstl-api-1.2.pom
2025-07-27 22:07:38,837 [Worker-19: Building] INFO  o.e.m.c.i.e.AbstractTransferListenerAdapter - Downloaded https://repo.maven.apache.org/maven2/mysql/mysql-connector-j/8.0.33/mysql-connector-j-8.0.33.jar
2025-07-27 22:07:39,012 [BasicRepositoryConnector-repo.maven.apache.org-0-1] INFO  o.e.m.c.i.e.AbstractTransferListenerAdapter - Downloading https://repo.maven.apache.org/maven2/org/glassfish/web/jstl-impl/1.2/jstl-impl-1.2.jar
2025-07-27 22:07:39,312 [BasicRepositoryConnector-repo.maven.apache.org-0-0] INFO  o.e.m.c.i.e.AbstractTransferListenerAdapter - Downloading https://repo.maven.apache.org/maven2/javax/servlet/jsp/jstl/javax.servlet.jsp.jstl-api/1.2.1/javax.servlet.jsp.jstl-api-1.2.1.jar
2025-07-27 22:07:39,314 [BasicRepositoryConnector-repo.maven.apache.org-0-2] INFO  o.e.m.c.i.e.AbstractTransferListenerAdapter - Downloading https://repo.maven.apache.org/maven2/javax/servlet/servlet-api/2.5/servlet-api-2.5.jar
2025-07-27 22:07:39,337 [BasicRepositoryConnector-repo.maven.apache.org-0-3] INFO  o.e.m.c.i.e.AbstractTransferListenerAdapter - Downloading https://repo.maven.apache.org/maven2/javax/servlet/jsp/jsp-api/2.1/jsp-api-2.1.jar
2025-07-27 22:07:39,339 [BasicRepositoryConnector-repo.maven.apache.org-0-4] INFO  o.e.m.c.i.e.AbstractTransferListenerAdapter - Downloading https://repo.maven.apache.org/maven2/javax/servlet/jsp/jstl/jstl-api/1.2/jstl-api-1.2.jar
2025-07-27 22:07:39,362 [BasicRepositoryConnector-repo.maven.apache.org-0-0] INFO  o.e.m.c.i.e.AbstractTransferListenerAdapter - Downloaded https://repo.maven.apache.org/maven2/javax/servlet/jsp/jstl/javax.servlet.jsp.jstl-api/1.2.1/javax.servlet.jsp.jstl-api-1.2.1.jar
2025-07-27 22:07:39,565 [BasicRepositoryConnector-repo.maven.apache.org-0-4] INFO  o.e.m.c.i.e.AbstractTransferListenerAdapter - Downloaded https://repo.maven.apache.org/maven2/javax/servlet/jsp/jstl/jstl-api/1.2/jstl-api-1.2.jar
2025-07-27 22:07:39,623 [BasicRepositoryConnector-repo.maven.apache.org-0-2] INFO  o.e.m.c.i.e.AbstractTransferListenerAdapter - Downloaded https://repo.maven.apache.org/maven2/javax/servlet/servlet-api/2.5/servlet-api-2.5.jar
2025-07-27 22:07:39,693 [BasicRepositoryConnector-repo.maven.apache.org-0-3] INFO  o.e.m.c.i.e.AbstractTransferListenerAdapter - Downloaded https://repo.maven.apache.org/maven2/javax/servlet/jsp/jsp-api/2.1/jsp-api-2.1.jar
2025-07-27 22:07:39,795 [BasicRepositoryConnector-repo.maven.apache.org-0-1] INFO  o.e.m.c.i.e.AbstractTransferListenerAdapter - Downloaded https://repo.maven.apache.org/maven2/org/glassfish/web/jstl-impl/1.2/jstl-impl-1.2.jar
2025-07-27 22:07:40,140 [Worker-19: Building] INFO  o.a.m.s.f.DefaultMavenResourcesFiltering - Copying 0 resource from src\main\resources to target\classes
2025-07-27 22:07:40,142 [Worker-19: Building] INFO  o.a.m.s.f.DefaultMavenResourcesFiltering - Copying 0 resource from src\test\resources to target\test-classes
2025-07-27 22:07:40,143 [Worker-19: Building] INFO  o.e.m.w.i.f.ResourceFilteringBuildParticipant - Changed resources require a complete clean of filtered resources of pahanaedu-online
2025-07-27 22:07:40,143 [Worker-19: Building] INFO  o.e.m.w.i.f.ResourceFilteringBuildParticipant - Executing resource filtering for pahanaedu-online
2025-07-27 22:07:41,861 [Worker-19: Download sources and javadoc] INFO  o.e.m.c.i.e.AbstractTransferListenerAdapter - Downloaded https://repo.maven.apache.org/maven2/mysql/mysql-connector-j/8.0.33/mysql-connector-j-8.0.33-sources.jar
2025-07-27 22:07:41,864 [Worker-19: Download sources and javadoc] ERROR o.e.m.j.internal.DownloadSourcesJob - Could not download sources for mysql:mysql-connector-j:8.0.33
org.eclipse.core.runtime.CoreException: Could not resolve artifact mysql:mysql-connector-j:jar:sources:8.0.33
	at org.eclipse.m2e.core.internal.embedder.MavenImpl.lambda$7(MavenImpl.java:540)
	at org.eclipse.m2e.core.internal.embedder.MavenExecutionContext.executeBare(MavenExecutionContext.java:458)
	at org.eclipse.m2e.core.internal.embedder.MavenExecutionContext.execute(MavenExecutionContext.java:292)
	at org.eclipse.m2e.core.internal.embedder.MavenExecutionContext.execute(MavenExecutionContext.java:278)
	at org.eclipse.m2e.core.internal.embedder.MavenImpl.resolve(MavenImpl.java:509)
	at org.eclipse.m2e.core.internal.embedder.MavenImpl.resolve(MavenImpl.java:494)
	at org.eclipse.m2e.jdt.internal.DownloadSourcesJob.download(DownloadSourcesJob.java:308)
	at org.eclipse.m2e.jdt.internal.DownloadSourcesJob.downloadAttachments(DownloadSourcesJob.java:282)
	at org.eclipse.m2e.jdt.internal.DownloadSourcesJob.downloadMaven(DownloadSourcesJob.java:252)
	at org.eclipse.m2e.jdt.internal.DownloadSourcesJob.downloadFilesAndPopulateToUpdate(DownloadSourcesJob.java:220)
	at org.eclipse.m2e.jdt.internal.DownloadSourcesJob.lambda$0(DownloadSourcesJob.java:149)
	at org.eclipse.m2e.core.internal.embedder.MavenExecutionContext.executeBare(MavenExecutionContext.java:458)
	at org.eclipse.m2e.core.internal.embedder.MavenExecutionContext.execute(MavenExecutionContext.java:339)
	at org.eclipse.m2e.core.internal.embedder.MavenExecutionContext.execute(MavenExecutionContext.java:278)
	at org.eclipse.m2e.core.embedder.IMaven.execute(IMaven.java:300)
	at org.eclipse.m2e.jdt.internal.DownloadSourcesJob.run(DownloadSourcesJob.java:149)
	at org.eclipse.core.internal.jobs.Worker.run(Worker.java:63)
2025-07-27 22:07:42,580 [Worker-19: Download sources and javadoc] INFO  o.e.m.c.i.e.AbstractTransferListenerAdapter - Downloading https://repo.maven.apache.org/maven2/javax/servlet/jsp/jstl/javax.servlet.jsp.jstl-api/1.2.1/javax.servlet.jsp.jstl-api-1.2.1-sources.jar
2025-07-27 22:07:42,761 [Worker-19: Download sources and javadoc] INFO  o.e.m.c.i.e.AbstractTransferListenerAdapter - Downloaded https://repo.maven.apache.org/maven2/javax/servlet/jsp/jstl/javax.servlet.jsp.jstl-api/1.2.1/javax.servlet.jsp.jstl-api-1.2.1-sources.jar
2025-07-27 22:07:42,766 [Worker-19: Download sources and javadoc] INFO  o.e.m.j.internal.DownloadSourcesJob - Downloaded sources for javax.servlet.jsp.jstl:javax.servlet.jsp.jstl-api:1.2.1
2025-07-27 22:07:43,262 [Worker-19: Download sources and javadoc] INFO  o.e.m.c.i.e.AbstractTransferListenerAdapter - Downloading https://repo.maven.apache.org/maven2/org/glassfish/web/jstl-impl/1.2/jstl-impl-1.2-sources.jar
2025-07-27 22:07:43,987 [Worker-19: Download sources and javadoc] INFO  o.e.m.c.i.e.AbstractTransferListenerAdapter - Downloaded https://repo.maven.apache.org/maven2/org/glassfish/web/jstl-impl/1.2/jstl-impl-1.2-sources.jar
2025-07-27 22:07:43,989 [Worker-19: Download sources and javadoc] INFO  o.e.m.j.internal.DownloadSourcesJob - Downloaded sources for org.glassfish.web:jstl-impl:1.2
2025-07-27 22:07:44,499 [Worker-19: Download sources and javadoc] INFO  o.e.m.c.i.e.AbstractTransferListenerAdapter - Downloading https://repo.maven.apache.org/maven2/javax/servlet/servlet-api/2.5/servlet-api-2.5-sources.jar
2025-07-27 22:07:44,875 [Worker-19: Download sources and javadoc] INFO  o.e.m.c.i.e.AbstractTransferListenerAdapter - Downloaded https://repo.maven.apache.org/maven2/javax/servlet/servlet-api/2.5/servlet-api-2.5-sources.jar
2025-07-27 22:07:44,885 [Worker-19: Download sources and javadoc] INFO  o.e.m.j.internal.DownloadSourcesJob - Downloaded sources for javax.servlet:servlet-api:2.5
2025-07-27 22:07:45,406 [Worker-19: Download sources and javadoc] INFO  o.e.m.c.i.e.AbstractTransferListenerAdapter - Downloading https://repo.maven.apache.org/maven2/javax/servlet/jsp/jsp-api/2.1/jsp-api-2.1-sources.jar
2025-07-27 22:07:45,819 [Worker-19: Download sources and javadoc] INFO  o.e.m.c.i.e.AbstractTransferListenerAdapter - Downloaded https://repo.maven.apache.org/maven2/javax/servlet/jsp/jsp-api/2.1/jsp-api-2.1-sources.jar
2025-07-27 22:07:45,822 [Worker-19: Download sources and javadoc] INFO  o.e.m.j.internal.DownloadSourcesJob - Downloaded sources for javax.servlet.jsp:jsp-api:2.1
2025-07-27 22:07:46,439 [Worker-19: Download sources and javadoc] INFO  o.e.m.c.i.e.AbstractTransferListenerAdapter - Downloading https://repo.maven.apache.org/maven2/javax/servlet/jsp/jstl/jstl-api/1.2/jstl-api-1.2-sources.jar
2025-07-27 22:07:46,632 [Worker-19: Download sources and javadoc] INFO  o.e.m.c.i.e.AbstractTransferListenerAdapter - Downloaded https://repo.maven.apache.org/maven2/javax/servlet/jsp/jstl/jstl-api/1.2/jstl-api-1.2-sources.jar
2025-07-27 22:07:46,635 [Worker-19: Download sources and javadoc] INFO  o.e.m.j.internal.DownloadSourcesJob - Downloaded sources for javax.servlet.jsp.jstl:jstl-api:1.2
2025-07-27 22:09:06,030 [Worker-14: Launching Executing clean in F__eclipse_pahanabookshop_pahanaedu-online] INFO  o.eclipse.m2e.core.internal.Bundles - getClasspathEntries(Bundle=org.eclipse.m2e.maven.runtime_3.9.900.20250220-2013 [639])
2025-07-27 22:09:06,030 [Worker-14: Launching Executing clean in F__eclipse_pahanabookshop_pahanaedu-online] INFO  o.eclipse.m2e.core.internal.Bundles - 	Entry: C:\Users\wickr\.p2\pool\plugins\org.eclipse.m2e.maven.runtime_3.9.900.20250220-2013
2025-07-27 22:09:06,031 [Worker-14: Launching Executing clean in F__eclipse_pahanabookshop_pahanaedu-online] INFO  o.eclipse.m2e.core.internal.Bundles - 	Entry: C:\Users\wickr\.p2\pool\plugins\org.eclipse.m2e.maven.runtime_3.9.900.20250220-2013\jars\aopalliance-1.0.jar
2025-07-27 22:09:06,031 [Worker-14: Launching Executing clean in F__eclipse_pahanabookshop_pahanaedu-online] INFO  o.eclipse.m2e.core.internal.Bundles - 	Entry: C:\Users\wickr\.p2\pool\plugins\org.eclipse.m2e.maven.runtime_3.9.900.20250220-2013\jars\guice-5.1.0.jar
2025-07-27 22:09:06,031 [Worker-14: Launching Executing clean in F__eclipse_pahanabookshop_pahanaedu-online] INFO  o.eclipse.m2e.core.internal.Bundles - 	Entry: C:\Users\wickr\.p2\pool\plugins\org.eclipse.m2e.maven.runtime_3.9.900.20250220-2013\jars\httpclient-4.5.14.jar
2025-07-27 22:09:06,031 [Worker-14: Launching Executing clean in F__eclipse_pahanabookshop_pahanaedu-online] INFO  o.eclipse.m2e.core.internal.Bundles - 	Entry: C:\Users\wickr\.p2\pool\plugins\org.eclipse.m2e.maven.runtime_3.9.900.20250220-2013\jars\httpcore-4.4.16.jar
2025-07-27 22:09:06,031 [Worker-14: Launching Executing clean in F__eclipse_pahanabookshop_pahanaedu-online] INFO  o.eclipse.m2e.core.internal.Bundles - 	Entry: C:\Users\wickr\.p2\pool\plugins\org.eclipse.m2e.maven.runtime_3.9.900.20250220-2013\jars\jansi-2.4.1.jar
2025-07-27 22:09:06,031 [Worker-14: Launching Executing clean in F__eclipse_pahanabookshop_pahanaedu-online] INFO  o.eclipse.m2e.core.internal.Bundles - 	Entry: C:\Users\wickr\.p2\pool\plugins\org.eclipse.m2e.maven.runtime_3.9.900.20250220-2013\jars\jcl-over-slf4j-1.7.36.jar
2025-07-27 22:09:06,031 [Worker-14: Launching Executing clean in F__eclipse_pahanabookshop_pahanaedu-online] INFO  o.eclipse.m2e.core.internal.Bundles - 	Entry: C:\Users\wickr\.p2\pool\plugins\org.eclipse.m2e.maven.runtime_3.9.900.20250220-2013\jars\maven-artifact-3.9.9.jar
2025-07-27 22:09:06,032 [Worker-14: Launching Executing clean in F__eclipse_pahanabookshop_pahanaedu-online] INFO  o.eclipse.m2e.core.internal.Bundles - 	Entry: C:\Users\wickr\.p2\pool\plugins\org.eclipse.m2e.maven.runtime_3.9.900.20250220-2013\jars\maven-builder-support-3.9.9.jar
2025-07-27 22:09:06,032 [Worker-14: Launching Executing clean in F__eclipse_pahanabookshop_pahanaedu-online] INFO  o.eclipse.m2e.core.internal.Bundles - 	Entry: C:\Users\wickr\.p2\pool\plugins\org.eclipse.m2e.maven.runtime_3.9.900.20250220-2013\jars\maven-compat-3.9.9.jar
2025-07-27 22:09:06,032 [Worker-14: Launching Executing clean in F__eclipse_pahanabookshop_pahanaedu-online] INFO  o.eclipse.m2e.core.internal.Bundles - 	Entry: C:\Users\wickr\.p2\pool\plugins\org.eclipse.m2e.maven.runtime_3.9.900.20250220-2013\jars\maven-core-3.9.9.jar
2025-07-27 22:09:06,032 [Worker-14: Launching Executing clean in F__eclipse_pahanabookshop_pahanaedu-online] INFO  o.eclipse.m2e.core.internal.Bundles - 	Entry: C:\Users\wickr\.p2\pool\plugins\org.eclipse.m2e.maven.runtime_3.9.900.20250220-2013\jars\maven-embedder-3.9.9.jar
2025-07-27 22:09:06,032 [Worker-14: Launching Executing clean in F__eclipse_pahanabookshop_pahanaedu-online] INFO  o.eclipse.m2e.core.internal.Bundles - 	Entry: C:\Users\wickr\.p2\pool\plugins\org.eclipse.m2e.maven.runtime_3.9.900.20250220-2013\jars\maven-model-3.9.9.jar
2025-07-27 22:09:06,032 [Worker-14: Launching Executing clean in F__eclipse_pahanabookshop_pahanaedu-online] INFO  o.eclipse.m2e.core.internal.Bundles - 	Entry: C:\Users\wickr\.p2\pool\plugins\org.eclipse.m2e.maven.runtime_3.9.900.20250220-2013\jars\maven-model-builder-3.9.9.jar
2025-07-27 22:09:06,032 [Worker-14: Launching Executing clean in F__eclipse_pahanabookshop_pahanaedu-online] INFO  o.eclipse.m2e.core.internal.Bundles - 	Entry: C:\Users\wickr\.p2\pool\plugins\org.eclipse.m2e.maven.runtime_3.9.900.20250220-2013\jars\maven-plugin-api-3.9.9.jar
2025-07-27 22:09:06,033 [Worker-14: Launching Executing clean in F__eclipse_pahanabookshop_pahanaedu-online] INFO  o.eclipse.m2e.core.internal.Bundles - 	Entry: C:\Users\wickr\.p2\pool\plugins\org.eclipse.m2e.maven.runtime_3.9.900.20250220-2013\jars\maven-repository-metadata-3.9.9.jar
2025-07-27 22:09:06,033 [Worker-14: Launching Executing clean in F__eclipse_pahanabookshop_pahanaedu-online] INFO  o.eclipse.m2e.core.internal.Bundles - 	Entry: C:\Users\wickr\.p2\pool\plugins\org.eclipse.m2e.maven.runtime_3.9.900.20250220-2013\jars\maven-resolver-api-1.9.22.jar
2025-07-27 22:09:06,033 [Worker-14: Launching Executing clean in F__eclipse_pahanabookshop_pahanaedu-online] INFO  o.eclipse.m2e.core.internal.Bundles - 	Entry: C:\Users\wickr\.p2\pool\plugins\org.eclipse.m2e.maven.runtime_3.9.900.20250220-2013\jars\maven-resolver-connector-basic-1.9.22.jar
2025-07-27 22:09:06,033 [Worker-14: Launching Executing clean in F__eclipse_pahanabookshop_pahanaedu-online] INFO  o.eclipse.m2e.core.internal.Bundles - 	Entry: C:\Users\wickr\.p2\pool\plugins\org.eclipse.m2e.maven.runtime_3.9.900.20250220-2013\jars\maven-resolver-impl-1.9.22.jar
2025-07-27 22:09:06,033 [Worker-14: Launching Executing clean in F__eclipse_pahanabookshop_pahanaedu-online] INFO  o.eclipse.m2e.core.internal.Bundles - 	Entry: C:\Users\wickr\.p2\pool\plugins\org.eclipse.m2e.maven.runtime_3.9.900.20250220-2013\jars\maven-resolver-named-locks-1.9.22.jar
2025-07-27 22:09:06,033 [Worker-14: Launching Executing clean in F__eclipse_pahanabookshop_pahanaedu-online] INFO  o.eclipse.m2e.core.internal.Bundles - 	Entry: C:\Users\wickr\.p2\pool\plugins\org.eclipse.m2e.maven.runtime_3.9.900.20250220-2013\jars\maven-resolver-provider-3.9.9.jar
2025-07-27 22:09:06,033 [Worker-14: Launching Executing clean in F__eclipse_pahanabookshop_pahanaedu-online] INFO  o.eclipse.m2e.core.internal.Bundles - 	Entry: C:\Users\wickr\.p2\pool\plugins\org.eclipse.m2e.maven.runtime_3.9.900.20250220-2013\jars\maven-resolver-spi-1.9.22.jar
2025-07-27 22:09:06,033 [Worker-14: Launching Executing clean in F__eclipse_pahanabookshop_pahanaedu-online] INFO  o.eclipse.m2e.core.internal.Bundles - 	Entry: C:\Users\wickr\.p2\pool\plugins\org.eclipse.m2e.maven.runtime_3.9.900.20250220-2013\jars\maven-resolver-transport-file-1.9.22.jar
2025-07-27 22:09:06,034 [Worker-14: Launching Executing clean in F__eclipse_pahanabookshop_pahanaedu-online] INFO  o.eclipse.m2e.core.internal.Bundles - 	Entry: C:\Users\wickr\.p2\pool\plugins\org.eclipse.m2e.maven.runtime_3.9.900.20250220-2013\jars\maven-resolver-transport-http-1.9.22.jar
2025-07-27 22:09:06,034 [Worker-14: Launching Executing clean in F__eclipse_pahanabookshop_pahanaedu-online] INFO  o.eclipse.m2e.core.internal.Bundles - 	Entry: C:\Users\wickr\.p2\pool\plugins\org.eclipse.m2e.maven.runtime_3.9.900.20250220-2013\jars\maven-resolver-transport-wagon-1.9.22.jar
2025-07-27 22:09:06,034 [Worker-14: Launching Executing clean in F__eclipse_pahanabookshop_pahanaedu-online] INFO  o.eclipse.m2e.core.internal.Bundles - 	Entry: C:\Users\wickr\.p2\pool\plugins\org.eclipse.m2e.maven.runtime_3.9.900.20250220-2013\jars\maven-resolver-util-1.9.22.jar
2025-07-27 22:09:06,034 [Worker-14: Launching Executing clean in F__eclipse_pahanabookshop_pahanaedu-online] INFO  o.eclipse.m2e.core.internal.Bundles - 	Entry: C:\Users\wickr\.p2\pool\plugins\org.eclipse.m2e.maven.runtime_3.9.900.20250220-2013\jars\maven-settings-3.9.9.jar
2025-07-27 22:09:06,034 [Worker-14: Launching Executing clean in F__eclipse_pahanabookshop_pahanaedu-online] INFO  o.eclipse.m2e.core.internal.Bundles - 	Entry: C:\Users\wickr\.p2\pool\plugins\org.eclipse.m2e.maven.runtime_3.9.900.20250220-2013\jars\maven-settings-builder-3.9.9.jar
2025-07-27 22:09:06,034 [Worker-14: Launching Executing clean in F__eclipse_pahanabookshop_pahanaedu-online] INFO  o.eclipse.m2e.core.internal.Bundles - 	Entry: C:\Users\wickr\.p2\pool\plugins\org.eclipse.m2e.maven.runtime_3.9.900.20250220-2013\jars\maven-shared-utils-3.4.2.jar
2025-07-27 22:09:06,034 [Worker-14: Launching Executing clean in F__eclipse_pahanabookshop_pahanaedu-online] INFO  o.eclipse.m2e.core.internal.Bundles - 	Entry: C:\Users\wickr\.p2\pool\plugins\org.eclipse.m2e.maven.runtime_3.9.900.20250220-2013\jars\org.eclipse.sisu.inject-0.9.0.M3.jar
2025-07-27 22:09:06,035 [Worker-14: Launching Executing clean in F__eclipse_pahanabookshop_pahanaedu-online] INFO  o.eclipse.m2e.core.internal.Bundles - 	Entry: C:\Users\wickr\.p2\pool\plugins\org.eclipse.m2e.maven.runtime_3.9.900.20250220-2013\jars\org.eclipse.sisu.plexus-0.9.0.M3.jar
2025-07-27 22:09:06,035 [Worker-14: Launching Executing clean in F__eclipse_pahanabookshop_pahanaedu-online] INFO  o.eclipse.m2e.core.internal.Bundles - 	Entry: C:\Users\wickr\.p2\pool\plugins\org.eclipse.m2e.maven.runtime_3.9.900.20250220-2013\jars\plexus-build-api-0.0.7.jar
2025-07-27 22:09:06,035 [Worker-14: Launching Executing clean in F__eclipse_pahanabookshop_pahanaedu-online] INFO  o.eclipse.m2e.core.internal.Bundles - 	Entry: C:\Users\wickr\.p2\pool\plugins\org.eclipse.m2e.maven.runtime_3.9.900.20250220-2013\jars\plexus-build-api-1.2.0.jar
2025-07-27 22:09:06,035 [Worker-14: Launching Executing clean in F__eclipse_pahanabookshop_pahanaedu-online] INFO  o.eclipse.m2e.core.internal.Bundles - 	Entry: C:\Users\wickr\.p2\pool\plugins\org.eclipse.m2e.maven.runtime_3.9.900.20250220-2013\jars\plexus-cipher-2.0.jar
2025-07-27 22:09:06,035 [Worker-14: Launching Executing clean in F__eclipse_pahanabookshop_pahanaedu-online] INFO  o.eclipse.m2e.core.internal.Bundles - 	Entry: C:\Users\wickr\.p2\pool\plugins\org.eclipse.m2e.maven.runtime_3.9.900.20250220-2013\jars\plexus-classworlds-2.8.0.jar
2025-07-27 22:09:06,035 [Worker-14: Launching Executing clean in F__eclipse_pahanabookshop_pahanaedu-online] INFO  o.eclipse.m2e.core.internal.Bundles - 	Entry: C:\Users\wickr\.p2\pool\plugins\org.eclipse.m2e.maven.runtime_3.9.900.20250220-2013\jars\plexus-component-annotations-2.1.0.jar
2025-07-27 22:09:06,035 [Worker-14: Launching Executing clean in F__eclipse_pahanabookshop_pahanaedu-online] INFO  o.eclipse.m2e.core.internal.Bundles - 	Entry: C:\Users\wickr\.p2\pool\plugins\org.eclipse.m2e.maven.runtime_3.9.900.20250220-2013\jars\plexus-interpolation-1.27.jar
2025-07-27 22:09:06,036 [Worker-14: Launching Executing clean in F__eclipse_pahanabookshop_pahanaedu-online] INFO  o.eclipse.m2e.core.internal.Bundles - 	Entry: C:\Users\wickr\.p2\pool\plugins\org.eclipse.m2e.maven.runtime_3.9.900.20250220-2013\jars\plexus-sec-dispatcher-2.0.jar
2025-07-27 22:09:06,036 [Worker-14: Launching Executing clean in F__eclipse_pahanabookshop_pahanaedu-online] INFO  o.eclipse.m2e.core.internal.Bundles - 	Entry: C:\Users\wickr\.p2\pool\plugins\org.eclipse.m2e.maven.runtime_3.9.900.20250220-2013\jars\plexus-utils-3.5.1.jar
2025-07-27 22:09:06,036 [Worker-14: Launching Executing clean in F__eclipse_pahanabookshop_pahanaedu-online] INFO  o.eclipse.m2e.core.internal.Bundles - 	Entry: C:\Users\wickr\.p2\pool\plugins\org.eclipse.m2e.maven.runtime_3.9.900.20250220-2013\jars\plexus-xml-3.0.1.jar
2025-07-27 22:09:06,036 [Worker-14: Launching Executing clean in F__eclipse_pahanabookshop_pahanaedu-online] INFO  o.eclipse.m2e.core.internal.Bundles - 	Entry: C:\Users\wickr\.p2\pool\plugins\org.eclipse.m2e.maven.runtime_3.9.900.20250220-2013\jars\wagon-file-3.5.3.jar
2025-07-27 22:09:06,036 [Worker-14: Launching Executing clean in F__eclipse_pahanabookshop_pahanaedu-online] INFO  o.eclipse.m2e.core.internal.Bundles - 	Entry: C:\Users\wickr\.p2\pool\plugins\org.eclipse.m2e.maven.runtime_3.9.900.20250220-2013\jars\wagon-http-3.5.3.jar
2025-07-27 22:09:06,036 [Worker-14: Launching Executing clean in F__eclipse_pahanabookshop_pahanaedu-online] INFO  o.eclipse.m2e.core.internal.Bundles - 	Entry: C:\Users\wickr\.p2\pool\plugins\org.eclipse.m2e.maven.runtime_3.9.900.20250220-2013\jars\wagon-http-shared-3.5.3.jar
2025-07-27 22:09:06,036 [Worker-14: Launching Executing clean in F__eclipse_pahanabookshop_pahanaedu-online] INFO  o.eclipse.m2e.core.internal.Bundles - 	Entry: C:\Users\wickr\.p2\pool\plugins\org.eclipse.m2e.maven.runtime_3.9.900.20250220-2013\jars\wagon-provider-api-3.5.3.jar
2025-07-27 22:09:06,037 [Worker-14: Launching Executing clean in F__eclipse_pahanabookshop_pahanaedu-online] INFO  o.eclipse.m2e.core.internal.Bundles - getClasspathEntries(Bundle=com.google.guava_33.4.8.jre [18])
2025-07-27 22:09:06,037 [Worker-14: Launching Executing clean in F__eclipse_pahanabookshop_pahanaedu-online] INFO  o.eclipse.m2e.core.internal.Bundles - 	Entry: C:\Users\wickr\.p2\pool\plugins\com.google.guava_33.4.8.jre.jar
2025-07-27 22:09:06,037 [Worker-14: Launching Executing clean in F__eclipse_pahanabookshop_pahanaedu-online] INFO  o.eclipse.m2e.core.internal.Bundles - getClasspathEntries(Bundle=slf4j.api_2.0.17 [1004])
2025-07-27 22:09:06,037 [Worker-14: Launching Executing clean in F__eclipse_pahanabookshop_pahanaedu-online] INFO  o.eclipse.m2e.core.internal.Bundles - 	Entry: C:\Users\wickr\.p2\pool\plugins\slf4j.api_2.0.17.jar
2025-07-27 22:09:06,037 [Worker-14: Launching Executing clean in F__eclipse_pahanabookshop_pahanaedu-online] INFO  o.eclipse.m2e.core.internal.Bundles - getClasspathEntries(Bundle=jakarta.inject.jakarta.inject-api_1.0.5 [35])
2025-07-27 22:09:06,037 [Worker-14: Launching Executing clean in F__eclipse_pahanabookshop_pahanaedu-online] INFO  o.eclipse.m2e.core.internal.Bundles - 	Entry: C:\Users\wickr\.p2\pool\plugins\jakarta.inject.jakarta.inject-api_1.0.5.jar
2025-07-27 22:09:06,037 [Worker-14: Launching Executing clean in F__eclipse_pahanabookshop_pahanaedu-online] INFO  o.eclipse.m2e.core.internal.Bundles - getClasspathEntries(Bundle=javax.annotation_1.3.5.v20200909-1856 [45])
2025-07-27 22:09:06,038 [Worker-14: Launching Executing clean in F__eclipse_pahanabookshop_pahanaedu-online] INFO  o.eclipse.m2e.core.internal.Bundles - 	Entry: C:\Users\wickr\.p2\pool\plugins\javax.annotation_1.3.5.v20200909-1856.jar
2025-07-27 22:09:06,038 [Worker-14: Launching Executing clean in F__eclipse_pahanabookshop_pahanaedu-online] INFO  o.eclipse.m2e.core.internal.Bundles - getClasspathEntries(Bundle=org.apache.commons.cli_1.9.0 [76])
2025-07-27 22:09:06,038 [Worker-14: Launching Executing clean in F__eclipse_pahanabookshop_pahanaedu-online] INFO  o.eclipse.m2e.core.internal.Bundles - 	Entry: C:\Users\wickr\.p2\pool\plugins\org.apache.commons.cli_1.9.0.jar
2025-07-27 22:09:06,038 [Worker-14: Launching Executing clean in F__eclipse_pahanabookshop_pahanaedu-online] INFO  o.eclipse.m2e.core.internal.Bundles - getClasspathEntries(Bundle=org.apache.commons.commons-codec_1.16.0 [78])
2025-07-27 22:09:06,038 [Worker-14: Launching Executing clean in F__eclipse_pahanabookshop_pahanaedu-online] INFO  o.eclipse.m2e.core.internal.Bundles - 	Entry: C:\Users\wickr\.p2\pool\plugins\org.apache.commons.commons-codec_1.16.0.jar
2025-07-27 22:09:06,038 [Worker-14: Launching Executing clean in F__eclipse_pahanabookshop_pahanaedu-online] INFO  o.eclipse.m2e.core.internal.Bundles - getClasspathEntries(Bundle=com.google.guava.failureaccess_1.0.3 [19])
2025-07-27 22:09:06,039 [Worker-14: Launching Executing clean in F__eclipse_pahanabookshop_pahanaedu-online] INFO  o.eclipse.m2e.core.internal.Bundles - 	Entry: C:\Users\wickr\.p2\pool\plugins\com.google.guava.failureaccess_1.0.3.jar
2025-07-27 22:09:06,039 [Worker-14: Launching Executing clean in F__eclipse_pahanabookshop_pahanaedu-online] INFO  o.e.m.i.launch.MavenLaunchDelegate - Run build in "F:\eclipse\pahanabookshop\pahanaedu-online":
2025-07-27 22:09:06,039 [Worker-14: Launching Executing clean in F__eclipse_pahanabookshop_pahanaedu-online] INFO  o.e.m.i.launch.MavenLaunchDelegate -  mvn  -B -Dstyle.color=always clean
2025-07-27 22:09:24,802 [Worker-25: Launching Executing install in F__eclipse_pahanabookshop_pahanaedu-online] INFO  o.eclipse.m2e.core.internal.Bundles - getClasspathEntries(Bundle=org.eclipse.m2e.maven.runtime_3.9.900.20250220-2013 [639])
2025-07-27 22:09:24,802 [Worker-25: Launching Executing install in F__eclipse_pahanabookshop_pahanaedu-online] INFO  o.eclipse.m2e.core.internal.Bundles - 	Entry: C:\Users\wickr\.p2\pool\plugins\org.eclipse.m2e.maven.runtime_3.9.900.20250220-2013
2025-07-27 22:09:24,802 [Worker-25: Launching Executing install in F__eclipse_pahanabookshop_pahanaedu-online] INFO  o.eclipse.m2e.core.internal.Bundles - 	Entry: C:\Users\wickr\.p2\pool\plugins\org.eclipse.m2e.maven.runtime_3.9.900.20250220-2013\jars\aopalliance-1.0.jar
2025-07-27 22:09:24,802 [Worker-25: Launching Executing install in F__eclipse_pahanabookshop_pahanaedu-online] INFO  o.eclipse.m2e.core.internal.Bundles - 	Entry: C:\Users\wickr\.p2\pool\plugins\org.eclipse.m2e.maven.runtime_3.9.900.20250220-2013\jars\guice-5.1.0.jar
2025-07-27 22:09:24,803 [Worker-25: Launching Executing install in F__eclipse_pahanabookshop_pahanaedu-online] INFO  o.eclipse.m2e.core.internal.Bundles - 	Entry: C:\Users\wickr\.p2\pool\plugins\org.eclipse.m2e.maven.runtime_3.9.900.20250220-2013\jars\httpclient-4.5.14.jar
2025-07-27 22:09:24,803 [Worker-25: Launching Executing install in F__eclipse_pahanabookshop_pahanaedu-online] INFO  o.eclipse.m2e.core.internal.Bundles - 	Entry: C:\Users\wickr\.p2\pool\plugins\org.eclipse.m2e.maven.runtime_3.9.900.20250220-2013\jars\httpcore-4.4.16.jar
2025-07-27 22:09:24,803 [Worker-25: Launching Executing install in F__eclipse_pahanabookshop_pahanaedu-online] INFO  o.eclipse.m2e.core.internal.Bundles - 	Entry: C:\Users\wickr\.p2\pool\plugins\org.eclipse.m2e.maven.runtime_3.9.900.20250220-2013\jars\jansi-2.4.1.jar
2025-07-27 22:09:24,803 [Worker-25: Launching Executing install in F__eclipse_pahanabookshop_pahanaedu-online] INFO  o.eclipse.m2e.core.internal.Bundles - 	Entry: C:\Users\wickr\.p2\pool\plugins\org.eclipse.m2e.maven.runtime_3.9.900.20250220-2013\jars\jcl-over-slf4j-1.7.36.jar
2025-07-27 22:09:24,803 [Worker-25: Launching Executing install in F__eclipse_pahanabookshop_pahanaedu-online] INFO  o.eclipse.m2e.core.internal.Bundles - 	Entry: C:\Users\wickr\.p2\pool\plugins\org.eclipse.m2e.maven.runtime_3.9.900.20250220-2013\jars\maven-artifact-3.9.9.jar
2025-07-27 22:09:24,803 [Worker-25: Launching Executing install in F__eclipse_pahanabookshop_pahanaedu-online] INFO  o.eclipse.m2e.core.internal.Bundles - 	Entry: C:\Users\wickr\.p2\pool\plugins\org.eclipse.m2e.maven.runtime_3.9.900.20250220-2013\jars\maven-builder-support-3.9.9.jar
2025-07-27 22:09:24,803 [Worker-25: Launching Executing install in F__eclipse_pahanabookshop_pahanaedu-online] INFO  o.eclipse.m2e.core.internal.Bundles - 	Entry: C:\Users\wickr\.p2\pool\plugins\org.eclipse.m2e.maven.runtime_3.9.900.20250220-2013\jars\maven-compat-3.9.9.jar
2025-07-27 22:09:24,803 [Worker-25: Launching Executing install in F__eclipse_pahanabookshop_pahanaedu-online] INFO  o.eclipse.m2e.core.internal.Bundles - 	Entry: C:\Users\wickr\.p2\pool\plugins\org.eclipse.m2e.maven.runtime_3.9.900.20250220-2013\jars\maven-core-3.9.9.jar
2025-07-27 22:09:24,804 [Worker-25: Launching Executing install in F__eclipse_pahanabookshop_pahanaedu-online] INFO  o.eclipse.m2e.core.internal.Bundles - 	Entry: C:\Users\wickr\.p2\pool\plugins\org.eclipse.m2e.maven.runtime_3.9.900.20250220-2013\jars\maven-embedder-3.9.9.jar
2025-07-27 22:09:24,804 [Worker-25: Launching Executing install in F__eclipse_pahanabookshop_pahanaedu-online] INFO  o.eclipse.m2e.core.internal.Bundles - 	Entry: C:\Users\wickr\.p2\pool\plugins\org.eclipse.m2e.maven.runtime_3.9.900.20250220-2013\jars\maven-model-3.9.9.jar
2025-07-27 22:09:24,804 [Worker-25: Launching Executing install in F__eclipse_pahanabookshop_pahanaedu-online] INFO  o.eclipse.m2e.core.internal.Bundles - 	Entry: C:\Users\wickr\.p2\pool\plugins\org.eclipse.m2e.maven.runtime_3.9.900.20250220-2013\jars\maven-model-builder-3.9.9.jar
2025-07-27 22:09:24,804 [Worker-25: Launching Executing install in F__eclipse_pahanabookshop_pahanaedu-online] INFO  o.eclipse.m2e.core.internal.Bundles - 	Entry: C:\Users\wickr\.p2\pool\plugins\org.eclipse.m2e.maven.runtime_3.9.900.20250220-2013\jars\maven-plugin-api-3.9.9.jar
2025-07-27 22:09:24,804 [Worker-25: Launching Executing install in F__eclipse_pahanabookshop_pahanaedu-online] INFO  o.eclipse.m2e.core.internal.Bundles - 	Entry: C:\Users\wickr\.p2\pool\plugins\org.eclipse.m2e.maven.runtime_3.9.900.20250220-2013\jars\maven-repository-metadata-3.9.9.jar
2025-07-27 22:09:24,804 [Worker-25: Launching Executing install in F__eclipse_pahanabookshop_pahanaedu-online] INFO  o.eclipse.m2e.core.internal.Bundles - 	Entry: C:\Users\wickr\.p2\pool\plugins\org.eclipse.m2e.maven.runtime_3.9.900.20250220-2013\jars\maven-resolver-api-1.9.22.jar
2025-07-27 22:09:24,804 [Worker-25: Launching Executing install in F__eclipse_pahanabookshop_pahanaedu-online] INFO  o.eclipse.m2e.core.internal.Bundles - 	Entry: C:\Users\wickr\.p2\pool\plugins\org.eclipse.m2e.maven.runtime_3.9.900.20250220-2013\jars\maven-resolver-connector-basic-1.9.22.jar
2025-07-27 22:09:24,804 [Worker-25: Launching Executing install in F__eclipse_pahanabookshop_pahanaedu-online] INFO  o.eclipse.m2e.core.internal.Bundles - 	Entry: C:\Users\wickr\.p2\pool\plugins\org.eclipse.m2e.maven.runtime_3.9.900.20250220-2013\jars\maven-resolver-impl-1.9.22.jar
2025-07-27 22:09:24,804 [Worker-25: Launching Executing install in F__eclipse_pahanabookshop_pahanaedu-online] INFO  o.eclipse.m2e.core.internal.Bundles - 	Entry: C:\Users\wickr\.p2\pool\plugins\org.eclipse.m2e.maven.runtime_3.9.900.20250220-2013\jars\maven-resolver-named-locks-1.9.22.jar
2025-07-27 22:09:24,805 [Worker-25: Launching Executing install in F__eclipse_pahanabookshop_pahanaedu-online] INFO  o.eclipse.m2e.core.internal.Bundles - 	Entry: C:\Users\wickr\.p2\pool\plugins\org.eclipse.m2e.maven.runtime_3.9.900.20250220-2013\jars\maven-resolver-provider-3.9.9.jar
2025-07-27 22:09:24,805 [Worker-25: Launching Executing install in F__eclipse_pahanabookshop_pahanaedu-online] INFO  o.eclipse.m2e.core.internal.Bundles - 	Entry: C:\Users\wickr\.p2\pool\plugins\org.eclipse.m2e.maven.runtime_3.9.900.20250220-2013\jars\maven-resolver-spi-1.9.22.jar
2025-07-27 22:09:24,805 [Worker-25: Launching Executing install in F__eclipse_pahanabookshop_pahanaedu-online] INFO  o.eclipse.m2e.core.internal.Bundles - 	Entry: C:\Users\wickr\.p2\pool\plugins\org.eclipse.m2e.maven.runtime_3.9.900.20250220-2013\jars\maven-resolver-transport-file-1.9.22.jar
2025-07-27 22:09:24,805 [Worker-25: Launching Executing install in F__eclipse_pahanabookshop_pahanaedu-online] INFO  o.eclipse.m2e.core.internal.Bundles - 	Entry: C:\Users\wickr\.p2\pool\plugins\org.eclipse.m2e.maven.runtime_3.9.900.20250220-2013\jars\maven-resolver-transport-http-1.9.22.jar
2025-07-27 22:09:24,805 [Worker-25: Launching Executing install in F__eclipse_pahanabookshop_pahanaedu-online] INFO  o.eclipse.m2e.core.internal.Bundles - 	Entry: C:\Users\wickr\.p2\pool\plugins\org.eclipse.m2e.maven.runtime_3.9.900.20250220-2013\jars\maven-resolver-transport-wagon-1.9.22.jar
2025-07-27 22:09:24,805 [Worker-25: Launching Executing install in F__eclipse_pahanabookshop_pahanaedu-online] INFO  o.eclipse.m2e.core.internal.Bundles - 	Entry: C:\Users\wickr\.p2\pool\plugins\org.eclipse.m2e.maven.runtime_3.9.900.20250220-2013\jars\maven-resolver-util-1.9.22.jar
2025-07-27 22:09:24,805 [Worker-25: Launching Executing install in F__eclipse_pahanabookshop_pahanaedu-online] INFO  o.eclipse.m2e.core.internal.Bundles - 	Entry: C:\Users\wickr\.p2\pool\plugins\org.eclipse.m2e.maven.runtime_3.9.900.20250220-2013\jars\maven-settings-3.9.9.jar
2025-07-27 22:09:24,805 [Worker-25: Launching Executing install in F__eclipse_pahanabookshop_pahanaedu-online] INFO  o.eclipse.m2e.core.internal.Bundles - 	Entry: C:\Users\wickr\.p2\pool\plugins\org.eclipse.m2e.maven.runtime_3.9.900.20250220-2013\jars\maven-settings-builder-3.9.9.jar
2025-07-27 22:09:24,806 [Worker-25: Launching Executing install in F__eclipse_pahanabookshop_pahanaedu-online] INFO  o.eclipse.m2e.core.internal.Bundles - 	Entry: C:\Users\wickr\.p2\pool\plugins\org.eclipse.m2e.maven.runtime_3.9.900.20250220-2013\jars\maven-shared-utils-3.4.2.jar
2025-07-27 22:09:24,806 [Worker-25: Launching Executing install in F__eclipse_pahanabookshop_pahanaedu-online] INFO  o.eclipse.m2e.core.internal.Bundles - 	Entry: C:\Users\wickr\.p2\pool\plugins\org.eclipse.m2e.maven.runtime_3.9.900.20250220-2013\jars\org.eclipse.sisu.inject-0.9.0.M3.jar
2025-07-27 22:09:24,806 [Worker-25: Launching Executing install in F__eclipse_pahanabookshop_pahanaedu-online] INFO  o.eclipse.m2e.core.internal.Bundles - 	Entry: C:\Users\wickr\.p2\pool\plugins\org.eclipse.m2e.maven.runtime_3.9.900.20250220-2013\jars\org.eclipse.sisu.plexus-0.9.0.M3.jar
2025-07-27 22:09:24,806 [Worker-25: Launching Executing install in F__eclipse_pahanabookshop_pahanaedu-online] INFO  o.eclipse.m2e.core.internal.Bundles - 	Entry: C:\Users\wickr\.p2\pool\plugins\org.eclipse.m2e.maven.runtime_3.9.900.20250220-2013\jars\plexus-build-api-0.0.7.jar
2025-07-27 22:09:24,806 [Worker-25: Launching Executing install in F__eclipse_pahanabookshop_pahanaedu-online] INFO  o.eclipse.m2e.core.internal.Bundles - 	Entry: C:\Users\wickr\.p2\pool\plugins\org.eclipse.m2e.maven.runtime_3.9.900.20250220-2013\jars\plexus-build-api-1.2.0.jar
2025-07-27 22:09:24,806 [Worker-25: Launching Executing install in F__eclipse_pahanabookshop_pahanaedu-online] INFO  o.eclipse.m2e.core.internal.Bundles - 	Entry: C:\Users\wickr\.p2\pool\plugins\org.eclipse.m2e.maven.runtime_3.9.900.20250220-2013\jars\plexus-cipher-2.0.jar
2025-07-27 22:09:24,806 [Worker-25: Launching Executing install in F__eclipse_pahanabookshop_pahanaedu-online] INFO  o.eclipse.m2e.core.internal.Bundles - 	Entry: C:\Users\wickr\.p2\pool\plugins\org.eclipse.m2e.maven.runtime_3.9.900.20250220-2013\jars\plexus-classworlds-2.8.0.jar
2025-07-27 22:09:24,806 [Worker-25: Launching Executing install in F__eclipse_pahanabookshop_pahanaedu-online] INFO  o.eclipse.m2e.core.internal.Bundles - 	Entry: C:\Users\wickr\.p2\pool\plugins\org.eclipse.m2e.maven.runtime_3.9.900.20250220-2013\jars\plexus-component-annotations-2.1.0.jar
2025-07-27 22:09:24,807 [Worker-25: Launching Executing install in F__eclipse_pahanabookshop_pahanaedu-online] INFO  o.eclipse.m2e.core.internal.Bundles - 	Entry: C:\Users\wickr\.p2\pool\plugins\org.eclipse.m2e.maven.runtime_3.9.900.20250220-2013\jars\plexus-interpolation-1.27.jar
2025-07-27 22:09:24,807 [Worker-25: Launching Executing install in F__eclipse_pahanabookshop_pahanaedu-online] INFO  o.eclipse.m2e.core.internal.Bundles - 	Entry: C:\Users\wickr\.p2\pool\plugins\org.eclipse.m2e.maven.runtime_3.9.900.20250220-2013\jars\plexus-sec-dispatcher-2.0.jar
2025-07-27 22:09:24,807 [Worker-25: Launching Executing install in F__eclipse_pahanabookshop_pahanaedu-online] INFO  o.eclipse.m2e.core.internal.Bundles - 	Entry: C:\Users\wickr\.p2\pool\plugins\org.eclipse.m2e.maven.runtime_3.9.900.20250220-2013\jars\plexus-utils-3.5.1.jar
2025-07-27 22:09:24,807 [Worker-25: Launching Executing install in F__eclipse_pahanabookshop_pahanaedu-online] INFO  o.eclipse.m2e.core.internal.Bundles - 	Entry: C:\Users\wickr\.p2\pool\plugins\org.eclipse.m2e.maven.runtime_3.9.900.20250220-2013\jars\plexus-xml-3.0.1.jar
2025-07-27 22:09:24,807 [Worker-25: Launching Executing install in F__eclipse_pahanabookshop_pahanaedu-online] INFO  o.eclipse.m2e.core.internal.Bundles - 	Entry: C:\Users\wickr\.p2\pool\plugins\org.eclipse.m2e.maven.runtime_3.9.900.20250220-2013\jars\wagon-file-3.5.3.jar
2025-07-27 22:09:24,807 [Worker-25: Launching Executing install in F__eclipse_pahanabookshop_pahanaedu-online] INFO  o.eclipse.m2e.core.internal.Bundles - 	Entry: C:\Users\wickr\.p2\pool\plugins\org.eclipse.m2e.maven.runtime_3.9.900.20250220-2013\jars\wagon-http-3.5.3.jar
2025-07-27 22:09:24,807 [Worker-25: Launching Executing install in F__eclipse_pahanabookshop_pahanaedu-online] INFO  o.eclipse.m2e.core.internal.Bundles - 	Entry: C:\Users\wickr\.p2\pool\plugins\org.eclipse.m2e.maven.runtime_3.9.900.20250220-2013\jars\wagon-http-shared-3.5.3.jar
2025-07-27 22:09:24,807 [Worker-25: Launching Executing install in F__eclipse_pahanabookshop_pahanaedu-online] INFO  o.eclipse.m2e.core.internal.Bundles - 	Entry: C:\Users\wickr\.p2\pool\plugins\org.eclipse.m2e.maven.runtime_3.9.900.20250220-2013\jars\wagon-provider-api-3.5.3.jar
2025-07-27 22:09:24,808 [Worker-25: Launching Executing install in F__eclipse_pahanabookshop_pahanaedu-online] INFO  o.eclipse.m2e.core.internal.Bundles - getClasspathEntries(Bundle=com.google.guava_33.4.8.jre [18])
2025-07-27 22:09:24,808 [Worker-25: Launching Executing install in F__eclipse_pahanabookshop_pahanaedu-online] INFO  o.eclipse.m2e.core.internal.Bundles - 	Entry: C:\Users\wickr\.p2\pool\plugins\com.google.guava_33.4.8.jre.jar
2025-07-27 22:09:24,808 [Worker-25: Launching Executing install in F__eclipse_pahanabookshop_pahanaedu-online] INFO  o.eclipse.m2e.core.internal.Bundles - getClasspathEntries(Bundle=slf4j.api_2.0.17 [1004])
2025-07-27 22:09:24,808 [Worker-25: Launching Executing install in F__eclipse_pahanabookshop_pahanaedu-online] INFO  o.eclipse.m2e.core.internal.Bundles - 	Entry: C:\Users\wickr\.p2\pool\plugins\slf4j.api_2.0.17.jar
2025-07-27 22:09:24,808 [Worker-25: Launching Executing install in F__eclipse_pahanabookshop_pahanaedu-online] INFO  o.eclipse.m2e.core.internal.Bundles - getClasspathEntries(Bundle=jakarta.inject.jakarta.inject-api_1.0.5 [35])
2025-07-27 22:09:24,809 [Worker-25: Launching Executing install in F__eclipse_pahanabookshop_pahanaedu-online] INFO  o.eclipse.m2e.core.internal.Bundles - 	Entry: C:\Users\wickr\.p2\pool\plugins\jakarta.inject.jakarta.inject-api_1.0.5.jar
2025-07-27 22:09:24,809 [Worker-25: Launching Executing install in F__eclipse_pahanabookshop_pahanaedu-online] INFO  o.eclipse.m2e.core.internal.Bundles - getClasspathEntries(Bundle=javax.annotation_1.3.5.v20200909-1856 [45])
2025-07-27 22:09:24,809 [Worker-25: Launching Executing install in F__eclipse_pahanabookshop_pahanaedu-online] INFO  o.eclipse.m2e.core.internal.Bundles - 	Entry: C:\Users\wickr\.p2\pool\plugins\javax.annotation_1.3.5.v20200909-1856.jar
2025-07-27 22:09:24,809 [Worker-25: Launching Executing install in F__eclipse_pahanabookshop_pahanaedu-online] INFO  o.eclipse.m2e.core.internal.Bundles - getClasspathEntries(Bundle=org.apache.commons.cli_1.9.0 [76])
2025-07-27 22:09:24,809 [Worker-25: Launching Executing install in F__eclipse_pahanabookshop_pahanaedu-online] INFO  o.eclipse.m2e.core.internal.Bundles - 	Entry: C:\Users\wickr\.p2\pool\plugins\org.apache.commons.cli_1.9.0.jar
2025-07-27 22:09:24,809 [Worker-25: Launching Executing install in F__eclipse_pahanabookshop_pahanaedu-online] INFO  o.eclipse.m2e.core.internal.Bundles - getClasspathEntries(Bundle=org.apache.commons.commons-codec_1.16.0 [78])
2025-07-27 22:09:24,809 [Worker-25: Launching Executing install in F__eclipse_pahanabookshop_pahanaedu-online] INFO  o.eclipse.m2e.core.internal.Bundles - 	Entry: C:\Users\wickr\.p2\pool\plugins\org.apache.commons.commons-codec_1.16.0.jar
2025-07-27 22:09:24,809 [Worker-25: Launching Executing install in F__eclipse_pahanabookshop_pahanaedu-online] INFO  o.eclipse.m2e.core.internal.Bundles - getClasspathEntries(Bundle=com.google.guava.failureaccess_1.0.3 [19])
2025-07-27 22:09:24,810 [Worker-25: Launching Executing install in F__eclipse_pahanabookshop_pahanaedu-online] INFO  o.eclipse.m2e.core.internal.Bundles - 	Entry: C:\Users\wickr\.p2\pool\plugins\com.google.guava.failureaccess_1.0.3.jar
2025-07-27 22:09:24,811 [Worker-25: Launching Executing install in F__eclipse_pahanabookshop_pahanaedu-online] INFO  o.e.m.i.launch.MavenLaunchDelegate - Run build in "F:\eclipse\pahanabookshop\pahanaedu-online":
2025-07-27 22:09:24,811 [Worker-25: Launching Executing install in F__eclipse_pahanabookshop_pahanaedu-online] INFO  o.e.m.i.launch.MavenLaunchDelegate -  mvn  -B -Dstyle.color=always install
2025-07-27 22:09:38,933 [main] INFO  o.e.m2e.actions.ExecutePomAction - Creating new launch configuration
2025-07-27 22:09:40,290 [Worker-20: Launching pahanaedu-online] INFO  o.eclipse.m2e.core.internal.Bundles - getClasspathEntries(Bundle=org.eclipse.m2e.maven.runtime_3.9.900.20250220-2013 [639])
2025-07-27 22:09:40,291 [Worker-20: Launching pahanaedu-online] INFO  o.eclipse.m2e.core.internal.Bundles - 	Entry: C:\Users\wickr\.p2\pool\plugins\org.eclipse.m2e.maven.runtime_3.9.900.20250220-2013
2025-07-27 22:09:40,291 [Worker-20: Launching pahanaedu-online] INFO  o.eclipse.m2e.core.internal.Bundles - 	Entry: C:\Users\wickr\.p2\pool\plugins\org.eclipse.m2e.maven.runtime_3.9.900.20250220-2013\jars\aopalliance-1.0.jar
2025-07-27 22:09:40,291 [Worker-20: Launching pahanaedu-online] INFO  o.eclipse.m2e.core.internal.Bundles - 	Entry: C:\Users\wickr\.p2\pool\plugins\org.eclipse.m2e.maven.runtime_3.9.900.20250220-2013\jars\guice-5.1.0.jar
2025-07-27 22:09:40,291 [Worker-20: Launching pahanaedu-online] INFO  o.eclipse.m2e.core.internal.Bundles - 	Entry: C:\Users\wickr\.p2\pool\plugins\org.eclipse.m2e.maven.runtime_3.9.900.20250220-2013\jars\httpclient-4.5.14.jar
2025-07-27 22:09:40,291 [Worker-20: Launching pahanaedu-online] INFO  o.eclipse.m2e.core.internal.Bundles - 	Entry: C:\Users\wickr\.p2\pool\plugins\org.eclipse.m2e.maven.runtime_3.9.900.20250220-2013\jars\httpcore-4.4.16.jar
2025-07-27 22:09:40,291 [Worker-20: Launching pahanaedu-online] INFO  o.eclipse.m2e.core.internal.Bundles - 	Entry: C:\Users\wickr\.p2\pool\plugins\org.eclipse.m2e.maven.runtime_3.9.900.20250220-2013\jars\jansi-2.4.1.jar
2025-07-27 22:09:40,291 [Worker-20: Launching pahanaedu-online] INFO  o.eclipse.m2e.core.internal.Bundles - 	Entry: C:\Users\wickr\.p2\pool\plugins\org.eclipse.m2e.maven.runtime_3.9.900.20250220-2013\jars\jcl-over-slf4j-1.7.36.jar
2025-07-27 22:09:40,291 [Worker-20: Launching pahanaedu-online] INFO  o.eclipse.m2e.core.internal.Bundles - 	Entry: C:\Users\wickr\.p2\pool\plugins\org.eclipse.m2e.maven.runtime_3.9.900.20250220-2013\jars\maven-artifact-3.9.9.jar
2025-07-27 22:09:40,291 [Worker-20: Launching pahanaedu-online] INFO  o.eclipse.m2e.core.internal.Bundles - 	Entry: C:\Users\wickr\.p2\pool\plugins\org.eclipse.m2e.maven.runtime_3.9.900.20250220-2013\jars\maven-builder-support-3.9.9.jar
2025-07-27 22:09:40,291 [Worker-20: Launching pahanaedu-online] INFO  o.eclipse.m2e.core.internal.Bundles - 	Entry: C:\Users\wickr\.p2\pool\plugins\org.eclipse.m2e.maven.runtime_3.9.900.20250220-2013\jars\maven-compat-3.9.9.jar
2025-07-27 22:09:40,291 [Worker-20: Launching pahanaedu-online] INFO  o.eclipse.m2e.core.internal.Bundles - 	Entry: C:\Users\wickr\.p2\pool\plugins\org.eclipse.m2e.maven.runtime_3.9.900.20250220-2013\jars\maven-core-3.9.9.jar
2025-07-27 22:09:40,291 [Worker-20: Launching pahanaedu-online] INFO  o.eclipse.m2e.core.internal.Bundles - 	Entry: C:\Users\wickr\.p2\pool\plugins\org.eclipse.m2e.maven.runtime_3.9.900.20250220-2013\jars\maven-embedder-3.9.9.jar
2025-07-27 22:09:40,291 [Worker-20: Launching pahanaedu-online] INFO  o.eclipse.m2e.core.internal.Bundles - 	Entry: C:\Users\wickr\.p2\pool\plugins\org.eclipse.m2e.maven.runtime_3.9.900.20250220-2013\jars\maven-model-3.9.9.jar
2025-07-27 22:09:40,291 [Worker-20: Launching pahanaedu-online] INFO  o.eclipse.m2e.core.internal.Bundles - 	Entry: C:\Users\wickr\.p2\pool\plugins\org.eclipse.m2e.maven.runtime_3.9.900.20250220-2013\jars\maven-model-builder-3.9.9.jar
2025-07-27 22:09:40,291 [Worker-20: Launching pahanaedu-online] INFO  o.eclipse.m2e.core.internal.Bundles - 	Entry: C:\Users\wickr\.p2\pool\plugins\org.eclipse.m2e.maven.runtime_3.9.900.20250220-2013\jars\maven-plugin-api-3.9.9.jar
2025-07-27 22:09:40,291 [Worker-20: Launching pahanaedu-online] INFO  o.eclipse.m2e.core.internal.Bundles - 	Entry: C:\Users\wickr\.p2\pool\plugins\org.eclipse.m2e.maven.runtime_3.9.900.20250220-2013\jars\maven-repository-metadata-3.9.9.jar
2025-07-27 22:09:40,292 [Worker-20: Launching pahanaedu-online] INFO  o.eclipse.m2e.core.internal.Bundles - 	Entry: C:\Users\wickr\.p2\pool\plugins\org.eclipse.m2e.maven.runtime_3.9.900.20250220-2013\jars\maven-resolver-api-1.9.22.jar
2025-07-27 22:09:40,292 [Worker-20: Launching pahanaedu-online] INFO  o.eclipse.m2e.core.internal.Bundles - 	Entry: C:\Users\wickr\.p2\pool\plugins\org.eclipse.m2e.maven.runtime_3.9.900.20250220-2013\jars\maven-resolver-connector-basic-1.9.22.jar
2025-07-27 22:09:40,292 [Worker-20: Launching pahanaedu-online] INFO  o.eclipse.m2e.core.internal.Bundles - 	Entry: C:\Users\wickr\.p2\pool\plugins\org.eclipse.m2e.maven.runtime_3.9.900.20250220-2013\jars\maven-resolver-impl-1.9.22.jar
2025-07-27 22:09:40,292 [Worker-20: Launching pahanaedu-online] INFO  o.eclipse.m2e.core.internal.Bundles - 	Entry: C:\Users\wickr\.p2\pool\plugins\org.eclipse.m2e.maven.runtime_3.9.900.20250220-2013\jars\maven-resolver-named-locks-1.9.22.jar
2025-07-27 22:09:40,292 [Worker-20: Launching pahanaedu-online] INFO  o.eclipse.m2e.core.internal.Bundles - 	Entry: C:\Users\wickr\.p2\pool\plugins\org.eclipse.m2e.maven.runtime_3.9.900.20250220-2013\jars\maven-resolver-provider-3.9.9.jar
2025-07-27 22:09:40,292 [Worker-20: Launching pahanaedu-online] INFO  o.eclipse.m2e.core.internal.Bundles - 	Entry: C:\Users\wickr\.p2\pool\plugins\org.eclipse.m2e.maven.runtime_3.9.900.20250220-2013\jars\maven-resolver-spi-1.9.22.jar
2025-07-27 22:09:40,292 [Worker-20: Launching pahanaedu-online] INFO  o.eclipse.m2e.core.internal.Bundles - 	Entry: C:\Users\wickr\.p2\pool\plugins\org.eclipse.m2e.maven.runtime_3.9.900.20250220-2013\jars\maven-resolver-transport-file-1.9.22.jar
2025-07-27 22:09:40,292 [Worker-20: Launching pahanaedu-online] INFO  o.eclipse.m2e.core.internal.Bundles - 	Entry: C:\Users\wickr\.p2\pool\plugins\org.eclipse.m2e.maven.runtime_3.9.900.20250220-2013\jars\maven-resolver-transport-http-1.9.22.jar
2025-07-27 22:09:40,293 [Worker-20: Launching pahanaedu-online] INFO  o.eclipse.m2e.core.internal.Bundles - 	Entry: C:\Users\wickr\.p2\pool\plugins\org.eclipse.m2e.maven.runtime_3.9.900.20250220-2013\jars\maven-resolver-transport-wagon-1.9.22.jar
2025-07-27 22:09:40,293 [Worker-20: Launching pahanaedu-online] INFO  o.eclipse.m2e.core.internal.Bundles - 	Entry: C:\Users\wickr\.p2\pool\plugins\org.eclipse.m2e.maven.runtime_3.9.900.20250220-2013\jars\maven-resolver-util-1.9.22.jar
2025-07-27 22:09:40,293 [Worker-20: Launching pahanaedu-online] INFO  o.eclipse.m2e.core.internal.Bundles - 	Entry: C:\Users\wickr\.p2\pool\plugins\org.eclipse.m2e.maven.runtime_3.9.900.20250220-2013\jars\maven-settings-3.9.9.jar
2025-07-27 22:09:40,293 [Worker-20: Launching pahanaedu-online] INFO  o.eclipse.m2e.core.internal.Bundles - 	Entry: C:\Users\wickr\.p2\pool\plugins\org.eclipse.m2e.maven.runtime_3.9.900.20250220-2013\jars\maven-settings-builder-3.9.9.jar
2025-07-27 22:09:40,293 [Worker-20: Launching pahanaedu-online] INFO  o.eclipse.m2e.core.internal.Bundles - 	Entry: C:\Users\wickr\.p2\pool\plugins\org.eclipse.m2e.maven.runtime_3.9.900.20250220-2013\jars\maven-shared-utils-3.4.2.jar
2025-07-27 22:09:40,293 [Worker-20: Launching pahanaedu-online] INFO  o.eclipse.m2e.core.internal.Bundles - 	Entry: C:\Users\wickr\.p2\pool\plugins\org.eclipse.m2e.maven.runtime_3.9.900.20250220-2013\jars\org.eclipse.sisu.inject-0.9.0.M3.jar
2025-07-27 22:09:40,293 [Worker-20: Launching pahanaedu-online] INFO  o.eclipse.m2e.core.internal.Bundles - 	Entry: C:\Users\wickr\.p2\pool\plugins\org.eclipse.m2e.maven.runtime_3.9.900.20250220-2013\jars\org.eclipse.sisu.plexus-0.9.0.M3.jar
2025-07-27 22:09:40,293 [Worker-20: Launching pahanaedu-online] INFO  o.eclipse.m2e.core.internal.Bundles - 	Entry: C:\Users\wickr\.p2\pool\plugins\org.eclipse.m2e.maven.runtime_3.9.900.20250220-2013\jars\plexus-build-api-0.0.7.jar
2025-07-27 22:09:40,293 [Worker-20: Launching pahanaedu-online] INFO  o.eclipse.m2e.core.internal.Bundles - 	Entry: C:\Users\wickr\.p2\pool\plugins\org.eclipse.m2e.maven.runtime_3.9.900.20250220-2013\jars\plexus-build-api-1.2.0.jar
2025-07-27 22:09:40,294 [Worker-20: Launching pahanaedu-online] INFO  o.eclipse.m2e.core.internal.Bundles - 	Entry: C:\Users\wickr\.p2\pool\plugins\org.eclipse.m2e.maven.runtime_3.9.900.20250220-2013\jars\plexus-cipher-2.0.jar
2025-07-27 22:09:40,294 [Worker-20: Launching pahanaedu-online] INFO  o.eclipse.m2e.core.internal.Bundles - 	Entry: C:\Users\wickr\.p2\pool\plugins\org.eclipse.m2e.maven.runtime_3.9.900.20250220-2013\jars\plexus-classworlds-2.8.0.jar
2025-07-27 22:09:40,294 [Worker-20: Launching pahanaedu-online] INFO  o.eclipse.m2e.core.internal.Bundles - 	Entry: C:\Users\wickr\.p2\pool\plugins\org.eclipse.m2e.maven.runtime_3.9.900.20250220-2013\jars\plexus-component-annotations-2.1.0.jar
2025-07-27 22:09:40,294 [Worker-20: Launching pahanaedu-online] INFO  o.eclipse.m2e.core.internal.Bundles - 	Entry: C:\Users\wickr\.p2\pool\plugins\org.eclipse.m2e.maven.runtime_3.9.900.20250220-2013\jars\plexus-interpolation-1.27.jar
2025-07-27 22:09:40,294 [Worker-20: Launching pahanaedu-online] INFO  o.eclipse.m2e.core.internal.Bundles - 	Entry: C:\Users\wickr\.p2\pool\plugins\org.eclipse.m2e.maven.runtime_3.9.900.20250220-2013\jars\plexus-sec-dispatcher-2.0.jar
2025-07-27 22:09:40,294 [Worker-20: Launching pahanaedu-online] INFO  o.eclipse.m2e.core.internal.Bundles - 	Entry: C:\Users\wickr\.p2\pool\plugins\org.eclipse.m2e.maven.runtime_3.9.900.20250220-2013\jars\plexus-utils-3.5.1.jar
2025-07-27 22:09:40,294 [Worker-20: Launching pahanaedu-online] INFO  o.eclipse.m2e.core.internal.Bundles - 	Entry: C:\Users\wickr\.p2\pool\plugins\org.eclipse.m2e.maven.runtime_3.9.900.20250220-2013\jars\plexus-xml-3.0.1.jar
2025-07-27 22:09:40,294 [Worker-20: Launching pahanaedu-online] INFO  o.eclipse.m2e.core.internal.Bundles - 	Entry: C:\Users\wickr\.p2\pool\plugins\org.eclipse.m2e.maven.runtime_3.9.900.20250220-2013\jars\wagon-file-3.5.3.jar
2025-07-27 22:09:40,295 [Worker-20: Launching pahanaedu-online] INFO  o.eclipse.m2e.core.internal.Bundles - 	Entry: C:\Users\wickr\.p2\pool\plugins\org.eclipse.m2e.maven.runtime_3.9.900.20250220-2013\jars\wagon-http-3.5.3.jar
2025-07-27 22:09:40,295 [Worker-20: Launching pahanaedu-online] INFO  o.eclipse.m2e.core.internal.Bundles - 	Entry: C:\Users\wickr\.p2\pool\plugins\org.eclipse.m2e.maven.runtime_3.9.900.20250220-2013\jars\wagon-http-shared-3.5.3.jar
2025-07-27 22:09:40,295 [Worker-20: Launching pahanaedu-online] INFO  o.eclipse.m2e.core.internal.Bundles - 	Entry: C:\Users\wickr\.p2\pool\plugins\org.eclipse.m2e.maven.runtime_3.9.900.20250220-2013\jars\wagon-provider-api-3.5.3.jar
2025-07-27 22:09:40,295 [Worker-20: Launching pahanaedu-online] INFO  o.eclipse.m2e.core.internal.Bundles - getClasspathEntries(Bundle=com.google.guava_33.4.8.jre [18])
2025-07-27 22:09:40,295 [Worker-20: Launching pahanaedu-online] INFO  o.eclipse.m2e.core.internal.Bundles - 	Entry: C:\Users\wickr\.p2\pool\plugins\com.google.guava_33.4.8.jre.jar
2025-07-27 22:09:40,295 [Worker-20: Launching pahanaedu-online] INFO  o.eclipse.m2e.core.internal.Bundles - getClasspathEntries(Bundle=slf4j.api_2.0.17 [1004])
2025-07-27 22:09:40,296 [Worker-20: Launching pahanaedu-online] INFO  o.eclipse.m2e.core.internal.Bundles - 	Entry: C:\Users\wickr\.p2\pool\plugins\slf4j.api_2.0.17.jar
2025-07-27 22:09:40,296 [Worker-20: Launching pahanaedu-online] INFO  o.eclipse.m2e.core.internal.Bundles - getClasspathEntries(Bundle=jakarta.inject.jakarta.inject-api_1.0.5 [35])
2025-07-27 22:09:40,296 [Worker-20: Launching pahanaedu-online] INFO  o.eclipse.m2e.core.internal.Bundles - 	Entry: C:\Users\wickr\.p2\pool\plugins\jakarta.inject.jakarta.inject-api_1.0.5.jar
2025-07-27 22:09:40,296 [Worker-20: Launching pahanaedu-online] INFO  o.eclipse.m2e.core.internal.Bundles - getClasspathEntries(Bundle=javax.annotation_1.3.5.v20200909-1856 [45])
2025-07-27 22:09:40,296 [Worker-20: Launching pahanaedu-online] INFO  o.eclipse.m2e.core.internal.Bundles - 	Entry: C:\Users\wickr\.p2\pool\plugins\javax.annotation_1.3.5.v20200909-1856.jar
2025-07-27 22:09:40,296 [Worker-20: Launching pahanaedu-online] INFO  o.eclipse.m2e.core.internal.Bundles - getClasspathEntries(Bundle=org.apache.commons.cli_1.9.0 [76])
2025-07-27 22:09:40,297 [Worker-20: Launching pahanaedu-online] INFO  o.eclipse.m2e.core.internal.Bundles - 	Entry: C:\Users\wickr\.p2\pool\plugins\org.apache.commons.cli_1.9.0.jar
2025-07-27 22:09:40,297 [Worker-20: Launching pahanaedu-online] INFO  o.eclipse.m2e.core.internal.Bundles - getClasspathEntries(Bundle=org.apache.commons.commons-codec_1.16.0 [78])
2025-07-27 22:09:40,297 [Worker-20: Launching pahanaedu-online] INFO  o.eclipse.m2e.core.internal.Bundles - 	Entry: C:\Users\wickr\.p2\pool\plugins\org.apache.commons.commons-codec_1.16.0.jar
2025-07-27 22:09:40,297 [Worker-20: Launching pahanaedu-online] INFO  o.eclipse.m2e.core.internal.Bundles - getClasspathEntries(Bundle=com.google.guava.failureaccess_1.0.3 [19])
2025-07-27 22:09:40,297 [Worker-20: Launching pahanaedu-online] INFO  o.eclipse.m2e.core.internal.Bundles - 	Entry: C:\Users\wickr\.p2\pool\plugins\com.google.guava.failureaccess_1.0.3.jar
2025-07-27 22:09:40,298 [Worker-20: Launching pahanaedu-online] INFO  o.e.m.i.launch.MavenLaunchDelegate - Run build in "F:\eclipse\pahanabookshop\pahanaedu-online":
2025-07-27 22:09:40,298 [Worker-20: Launching pahanaedu-online] INFO  o.e.m.i.launch.MavenLaunchDelegate -  mvn  -B -Dstyle.color=always 
2025-07-27 22:11:48,205 [Worker-21: Launching Executing clean in F__eclipse_pahanabookshop_pahanaedu-online] INFO  o.eclipse.m2e.core.internal.Bundles - getClasspathEntries(Bundle=org.eclipse.m2e.maven.runtime_3.9.900.20250220-2013 [639])
2025-07-27 22:11:48,205 [Worker-21: Launching Executing clean in F__eclipse_pahanabookshop_pahanaedu-online] INFO  o.eclipse.m2e.core.internal.Bundles - 	Entry: C:\Users\wickr\.p2\pool\plugins\org.eclipse.m2e.maven.runtime_3.9.900.20250220-2013
2025-07-27 22:11:48,205 [Worker-21: Launching Executing clean in F__eclipse_pahanabookshop_pahanaedu-online] INFO  o.eclipse.m2e.core.internal.Bundles - 	Entry: C:\Users\wickr\.p2\pool\plugins\org.eclipse.m2e.maven.runtime_3.9.900.20250220-2013\jars\aopalliance-1.0.jar
2025-07-27 22:11:48,206 [Worker-21: Launching Executing clean in F__eclipse_pahanabookshop_pahanaedu-online] INFO  o.eclipse.m2e.core.internal.Bundles - 	Entry: C:\Users\wickr\.p2\pool\plugins\org.eclipse.m2e.maven.runtime_3.9.900.20250220-2013\jars\guice-5.1.0.jar
2025-07-27 22:11:48,206 [Worker-21: Launching Executing clean in F__eclipse_pahanabookshop_pahanaedu-online] INFO  o.eclipse.m2e.core.internal.Bundles - 	Entry: C:\Users\wickr\.p2\pool\plugins\org.eclipse.m2e.maven.runtime_3.9.900.20250220-2013\jars\httpclient-4.5.14.jar
2025-07-27 22:11:48,206 [Worker-21: Launching Executing clean in F__eclipse_pahanabookshop_pahanaedu-online] INFO  o.eclipse.m2e.core.internal.Bundles - 	Entry: C:\Users\wickr\.p2\pool\plugins\org.eclipse.m2e.maven.runtime_3.9.900.20250220-2013\jars\httpcore-4.4.16.jar
2025-07-27 22:11:48,206 [Worker-21: Launching Executing clean in F__eclipse_pahanabookshop_pahanaedu-online] INFO  o.eclipse.m2e.core.internal.Bundles - 	Entry: C:\Users\wickr\.p2\pool\plugins\org.eclipse.m2e.maven.runtime_3.9.900.20250220-2013\jars\jansi-2.4.1.jar
2025-07-27 22:11:48,206 [Worker-21: Launching Executing clean in F__eclipse_pahanabookshop_pahanaedu-online] INFO  o.eclipse.m2e.core.internal.Bundles - 	Entry: C:\Users\wickr\.p2\pool\plugins\org.eclipse.m2e.maven.runtime_3.9.900.20250220-2013\jars\jcl-over-slf4j-1.7.36.jar
2025-07-27 22:11:48,206 [Worker-21: Launching Executing clean in F__eclipse_pahanabookshop_pahanaedu-online] INFO  o.eclipse.m2e.core.internal.Bundles - 	Entry: C:\Users\wickr\.p2\pool\plugins\org.eclipse.m2e.maven.runtime_3.9.900.20250220-2013\jars\maven-artifact-3.9.9.jar
2025-07-27 22:11:48,206 [Worker-21: Launching Executing clean in F__eclipse_pahanabookshop_pahanaedu-online] INFO  o.eclipse.m2e.core.internal.Bundles - 	Entry: C:\Users\wickr\.p2\pool\plugins\org.eclipse.m2e.maven.runtime_3.9.900.20250220-2013\jars\maven-builder-support-3.9.9.jar
2025-07-27 22:11:48,206 [Worker-21: Launching Executing clean in F__eclipse_pahanabookshop_pahanaedu-online] INFO  o.eclipse.m2e.core.internal.Bundles - 	Entry: C:\Users\wickr\.p2\pool\plugins\org.eclipse.m2e.maven.runtime_3.9.900.20250220-2013\jars\maven-compat-3.9.9.jar
2025-07-27 22:11:48,207 [Worker-21: Launching Executing clean in F__eclipse_pahanabookshop_pahanaedu-online] INFO  o.eclipse.m2e.core.internal.Bundles - 	Entry: C:\Users\wickr\.p2\pool\plugins\org.eclipse.m2e.maven.runtime_3.9.900.20250220-2013\jars\maven-core-3.9.9.jar
2025-07-27 22:11:48,207 [Worker-21: Launching Executing clean in F__eclipse_pahanabookshop_pahanaedu-online] INFO  o.eclipse.m2e.core.internal.Bundles - 	Entry: C:\Users\wickr\.p2\pool\plugins\org.eclipse.m2e.maven.runtime_3.9.900.20250220-2013\jars\maven-embedder-3.9.9.jar
2025-07-27 22:11:48,207 [Worker-21: Launching Executing clean in F__eclipse_pahanabookshop_pahanaedu-online] INFO  o.eclipse.m2e.core.internal.Bundles - 	Entry: C:\Users\wickr\.p2\pool\plugins\org.eclipse.m2e.maven.runtime_3.9.900.20250220-2013\jars\maven-model-3.9.9.jar
2025-07-27 22:11:48,207 [Worker-21: Launching Executing clean in F__eclipse_pahanabookshop_pahanaedu-online] INFO  o.eclipse.m2e.core.internal.Bundles - 	Entry: C:\Users\wickr\.p2\pool\plugins\org.eclipse.m2e.maven.runtime_3.9.900.20250220-2013\jars\maven-model-builder-3.9.9.jar
2025-07-27 22:11:48,207 [Worker-21: Launching Executing clean in F__eclipse_pahanabookshop_pahanaedu-online] INFO  o.eclipse.m2e.core.internal.Bundles - 	Entry: C:\Users\wickr\.p2\pool\plugins\org.eclipse.m2e.maven.runtime_3.9.900.20250220-2013\jars\maven-plugin-api-3.9.9.jar
2025-07-27 22:11:48,207 [Worker-21: Launching Executing clean in F__eclipse_pahanabookshop_pahanaedu-online] INFO  o.eclipse.m2e.core.internal.Bundles - 	Entry: C:\Users\wickr\.p2\pool\plugins\org.eclipse.m2e.maven.runtime_3.9.900.20250220-2013\jars\maven-repository-metadata-3.9.9.jar
2025-07-27 22:11:48,207 [Worker-21: Launching Executing clean in F__eclipse_pahanabookshop_pahanaedu-online] INFO  o.eclipse.m2e.core.internal.Bundles - 	Entry: C:\Users\wickr\.p2\pool\plugins\org.eclipse.m2e.maven.runtime_3.9.900.20250220-2013\jars\maven-resolver-api-1.9.22.jar
2025-07-27 22:11:48,207 [Worker-21: Launching Executing clean in F__eclipse_pahanabookshop_pahanaedu-online] INFO  o.eclipse.m2e.core.internal.Bundles - 	Entry: C:\Users\wickr\.p2\pool\plugins\org.eclipse.m2e.maven.runtime_3.9.900.20250220-2013\jars\maven-resolver-connector-basic-1.9.22.jar
2025-07-27 22:11:48,208 [Worker-21: Launching Executing clean in F__eclipse_pahanabookshop_pahanaedu-online] INFO  o.eclipse.m2e.core.internal.Bundles - 	Entry: C:\Users\wickr\.p2\pool\plugins\org.eclipse.m2e.maven.runtime_3.9.900.20250220-2013\jars\maven-resolver-impl-1.9.22.jar
2025-07-27 22:11:48,208 [Worker-21: Launching Executing clean in F__eclipse_pahanabookshop_pahanaedu-online] INFO  o.eclipse.m2e.core.internal.Bundles - 	Entry: C:\Users\wickr\.p2\pool\plugins\org.eclipse.m2e.maven.runtime_3.9.900.20250220-2013\jars\maven-resolver-named-locks-1.9.22.jar
2025-07-27 22:11:48,208 [Worker-21: Launching Executing clean in F__eclipse_pahanabookshop_pahanaedu-online] INFO  o.eclipse.m2e.core.internal.Bundles - 	Entry: C:\Users\wickr\.p2\pool\plugins\org.eclipse.m2e.maven.runtime_3.9.900.20250220-2013\jars\maven-resolver-provider-3.9.9.jar
2025-07-27 22:11:48,208 [Worker-21: Launching Executing clean in F__eclipse_pahanabookshop_pahanaedu-online] INFO  o.eclipse.m2e.core.internal.Bundles - 	Entry: C:\Users\wickr\.p2\pool\plugins\org.eclipse.m2e.maven.runtime_3.9.900.20250220-2013\jars\maven-resolver-spi-1.9.22.jar
2025-07-27 22:11:48,208 [Worker-21: Launching Executing clean in F__eclipse_pahanabookshop_pahanaedu-online] INFO  o.eclipse.m2e.core.internal.Bundles - 	Entry: C:\Users\wickr\.p2\pool\plugins\org.eclipse.m2e.maven.runtime_3.9.900.20250220-2013\jars\maven-resolver-transport-file-1.9.22.jar
2025-07-27 22:11:48,208 [Worker-21: Launching Executing clean in F__eclipse_pahanabookshop_pahanaedu-online] INFO  o.eclipse.m2e.core.internal.Bundles - 	Entry: C:\Users\wickr\.p2\pool\plugins\org.eclipse.m2e.maven.runtime_3.9.900.20250220-2013\jars\maven-resolver-transport-http-1.9.22.jar
2025-07-27 22:11:48,208 [Worker-21: Launching Executing clean in F__eclipse_pahanabookshop_pahanaedu-online] INFO  o.eclipse.m2e.core.internal.Bundles - 	Entry: C:\Users\wickr\.p2\pool\plugins\org.eclipse.m2e.maven.runtime_3.9.900.20250220-2013\jars\maven-resolver-transport-wagon-1.9.22.jar
2025-07-27 22:11:48,209 [Worker-21: Launching Executing clean in F__eclipse_pahanabookshop_pahanaedu-online] INFO  o.eclipse.m2e.core.internal.Bundles - 	Entry: C:\Users\wickr\.p2\pool\plugins\org.eclipse.m2e.maven.runtime_3.9.900.20250220-2013\jars\maven-resolver-util-1.9.22.jar
2025-07-27 22:11:48,209 [Worker-21: Launching Executing clean in F__eclipse_pahanabookshop_pahanaedu-online] INFO  o.eclipse.m2e.core.internal.Bundles - 	Entry: C:\Users\wickr\.p2\pool\plugins\org.eclipse.m2e.maven.runtime_3.9.900.20250220-2013\jars\maven-settings-3.9.9.jar
2025-07-27 22:11:48,209 [Worker-21: Launching Executing clean in F__eclipse_pahanabookshop_pahanaedu-online] INFO  o.eclipse.m2e.core.internal.Bundles - 	Entry: C:\Users\wickr\.p2\pool\plugins\org.eclipse.m2e.maven.runtime_3.9.900.20250220-2013\jars\maven-settings-builder-3.9.9.jar
2025-07-27 22:11:48,209 [Worker-21: Launching Executing clean in F__eclipse_pahanabookshop_pahanaedu-online] INFO  o.eclipse.m2e.core.internal.Bundles - 	Entry: C:\Users\wickr\.p2\pool\plugins\org.eclipse.m2e.maven.runtime_3.9.900.20250220-2013\jars\maven-shared-utils-3.4.2.jar
2025-07-27 22:11:48,209 [Worker-21: Launching Executing clean in F__eclipse_pahanabookshop_pahanaedu-online] INFO  o.eclipse.m2e.core.internal.Bundles - 	Entry: C:\Users\wickr\.p2\pool\plugins\org.eclipse.m2e.maven.runtime_3.9.900.20250220-2013\jars\org.eclipse.sisu.inject-0.9.0.M3.jar
2025-07-27 22:11:48,209 [Worker-21: Launching Executing clean in F__eclipse_pahanabookshop_pahanaedu-online] INFO  o.eclipse.m2e.core.internal.Bundles - 	Entry: C:\Users\wickr\.p2\pool\plugins\org.eclipse.m2e.maven.runtime_3.9.900.20250220-2013\jars\org.eclipse.sisu.plexus-0.9.0.M3.jar
2025-07-27 22:11:48,209 [Worker-21: Launching Executing clean in F__eclipse_pahanabookshop_pahanaedu-online] INFO  o.eclipse.m2e.core.internal.Bundles - 	Entry: C:\Users\wickr\.p2\pool\plugins\org.eclipse.m2e.maven.runtime_3.9.900.20250220-2013\jars\plexus-build-api-0.0.7.jar
2025-07-27 22:11:48,209 [Worker-21: Launching Executing clean in F__eclipse_pahanabookshop_pahanaedu-online] INFO  o.eclipse.m2e.core.internal.Bundles - 	Entry: C:\Users\wickr\.p2\pool\plugins\org.eclipse.m2e.maven.runtime_3.9.900.20250220-2013\jars\plexus-build-api-1.2.0.jar
2025-07-27 22:11:48,210 [Worker-21: Launching Executing clean in F__eclipse_pahanabookshop_pahanaedu-online] INFO  o.eclipse.m2e.core.internal.Bundles - 	Entry: C:\Users\wickr\.p2\pool\plugins\org.eclipse.m2e.maven.runtime_3.9.900.20250220-2013\jars\plexus-cipher-2.0.jar
2025-07-27 22:11:48,210 [Worker-21: Launching Executing clean in F__eclipse_pahanabookshop_pahanaedu-online] INFO  o.eclipse.m2e.core.internal.Bundles - 	Entry: C:\Users\wickr\.p2\pool\plugins\org.eclipse.m2e.maven.runtime_3.9.900.20250220-2013\jars\plexus-classworlds-2.8.0.jar
2025-07-27 22:11:48,210 [Worker-21: Launching Executing clean in F__eclipse_pahanabookshop_pahanaedu-online] INFO  o.eclipse.m2e.core.internal.Bundles - 	Entry: C:\Users\wickr\.p2\pool\plugins\org.eclipse.m2e.maven.runtime_3.9.900.20250220-2013\jars\plexus-component-annotations-2.1.0.jar
2025-07-27 22:11:48,210 [Worker-21: Launching Executing clean in F__eclipse_pahanabookshop_pahanaedu-online] INFO  o.eclipse.m2e.core.internal.Bundles - 	Entry: C:\Users\wickr\.p2\pool\plugins\org.eclipse.m2e.maven.runtime_3.9.900.20250220-2013\jars\plexus-interpolation-1.27.jar
2025-07-27 22:11:48,210 [Worker-21: Launching Executing clean in F__eclipse_pahanabookshop_pahanaedu-online] INFO  o.eclipse.m2e.core.internal.Bundles - 	Entry: C:\Users\wickr\.p2\pool\plugins\org.eclipse.m2e.maven.runtime_3.9.900.20250220-2013\jars\plexus-sec-dispatcher-2.0.jar
2025-07-27 22:11:48,210 [Worker-21: Launching Executing clean in F__eclipse_pahanabookshop_pahanaedu-online] INFO  o.eclipse.m2e.core.internal.Bundles - 	Entry: C:\Users\wickr\.p2\pool\plugins\org.eclipse.m2e.maven.runtime_3.9.900.20250220-2013\jars\plexus-utils-3.5.1.jar
2025-07-27 22:11:48,210 [Worker-21: Launching Executing clean in F__eclipse_pahanabookshop_pahanaedu-online] INFO  o.eclipse.m2e.core.internal.Bundles - 	Entry: C:\Users\wickr\.p2\pool\plugins\org.eclipse.m2e.maven.runtime_3.9.900.20250220-2013\jars\plexus-xml-3.0.1.jar
2025-07-27 22:11:48,210 [Worker-21: Launching Executing clean in F__eclipse_pahanabookshop_pahanaedu-online] INFO  o.eclipse.m2e.core.internal.Bundles - 	Entry: C:\Users\wickr\.p2\pool\plugins\org.eclipse.m2e.maven.runtime_3.9.900.20250220-2013\jars\wagon-file-3.5.3.jar
2025-07-27 22:11:48,211 [Worker-21: Launching Executing clean in F__eclipse_pahanabookshop_pahanaedu-online] INFO  o.eclipse.m2e.core.internal.Bundles - 	Entry: C:\Users\wickr\.p2\pool\plugins\org.eclipse.m2e.maven.runtime_3.9.900.20250220-2013\jars\wagon-http-3.5.3.jar
2025-07-27 22:11:48,211 [Worker-21: Launching Executing clean in F__eclipse_pahanabookshop_pahanaedu-online] INFO  o.eclipse.m2e.core.internal.Bundles - 	Entry: C:\Users\wickr\.p2\pool\plugins\org.eclipse.m2e.maven.runtime_3.9.900.20250220-2013\jars\wagon-http-shared-3.5.3.jar
2025-07-27 22:11:48,211 [Worker-21: Launching Executing clean in F__eclipse_pahanabookshop_pahanaedu-online] INFO  o.eclipse.m2e.core.internal.Bundles - 	Entry: C:\Users\wickr\.p2\pool\plugins\org.eclipse.m2e.maven.runtime_3.9.900.20250220-2013\jars\wagon-provider-api-3.5.3.jar
2025-07-27 22:11:48,211 [Worker-21: Launching Executing clean in F__eclipse_pahanabookshop_pahanaedu-online] INFO  o.eclipse.m2e.core.internal.Bundles - getClasspathEntries(Bundle=com.google.guava_33.4.8.jre [18])
2025-07-27 22:11:48,211 [Worker-21: Launching Executing clean in F__eclipse_pahanabookshop_pahanaedu-online] INFO  o.eclipse.m2e.core.internal.Bundles - 	Entry: C:\Users\wickr\.p2\pool\plugins\com.google.guava_33.4.8.jre.jar
2025-07-27 22:11:48,211 [Worker-21: Launching Executing clean in F__eclipse_pahanabookshop_pahanaedu-online] INFO  o.eclipse.m2e.core.internal.Bundles - getClasspathEntries(Bundle=slf4j.api_2.0.17 [1004])
2025-07-27 22:11:48,212 [Worker-21: Launching Executing clean in F__eclipse_pahanabookshop_pahanaedu-online] INFO  o.eclipse.m2e.core.internal.Bundles - 	Entry: C:\Users\wickr\.p2\pool\plugins\slf4j.api_2.0.17.jar
2025-07-27 22:11:48,212 [Worker-21: Launching Executing clean in F__eclipse_pahanabookshop_pahanaedu-online] INFO  o.eclipse.m2e.core.internal.Bundles - getClasspathEntries(Bundle=jakarta.inject.jakarta.inject-api_1.0.5 [35])
2025-07-27 22:11:48,212 [Worker-21: Launching Executing clean in F__eclipse_pahanabookshop_pahanaedu-online] INFO  o.eclipse.m2e.core.internal.Bundles - 	Entry: C:\Users\wickr\.p2\pool\plugins\jakarta.inject.jakarta.inject-api_1.0.5.jar
2025-07-27 22:11:48,212 [Worker-21: Launching Executing clean in F__eclipse_pahanabookshop_pahanaedu-online] INFO  o.eclipse.m2e.core.internal.Bundles - getClasspathEntries(Bundle=javax.annotation_1.3.5.v20200909-1856 [45])
2025-07-27 22:11:48,212 [Worker-21: Launching Executing clean in F__eclipse_pahanabookshop_pahanaedu-online] INFO  o.eclipse.m2e.core.internal.Bundles - 	Entry: C:\Users\wickr\.p2\pool\plugins\javax.annotation_1.3.5.v20200909-1856.jar
2025-07-27 22:11:48,212 [Worker-21: Launching Executing clean in F__eclipse_pahanabookshop_pahanaedu-online] INFO  o.eclipse.m2e.core.internal.Bundles - getClasspathEntries(Bundle=org.apache.commons.cli_1.9.0 [76])
2025-07-27 22:11:48,213 [Worker-21: Launching Executing clean in F__eclipse_pahanabookshop_pahanaedu-online] INFO  o.eclipse.m2e.core.internal.Bundles - 	Entry: C:\Users\wickr\.p2\pool\plugins\org.apache.commons.cli_1.9.0.jar
2025-07-27 22:11:48,213 [Worker-21: Launching Executing clean in F__eclipse_pahanabookshop_pahanaedu-online] INFO  o.eclipse.m2e.core.internal.Bundles - getClasspathEntries(Bundle=org.apache.commons.commons-codec_1.16.0 [78])
2025-07-27 22:11:48,213 [Worker-21: Launching Executing clean in F__eclipse_pahanabookshop_pahanaedu-online] INFO  o.eclipse.m2e.core.internal.Bundles - 	Entry: C:\Users\wickr\.p2\pool\plugins\org.apache.commons.commons-codec_1.16.0.jar
2025-07-27 22:11:48,213 [Worker-21: Launching Executing clean in F__eclipse_pahanabookshop_pahanaedu-online] INFO  o.eclipse.m2e.core.internal.Bundles - getClasspathEntries(Bundle=com.google.guava.failureaccess_1.0.3 [19])
2025-07-27 22:11:48,213 [Worker-21: Launching Executing clean in F__eclipse_pahanabookshop_pahanaedu-online] INFO  o.eclipse.m2e.core.internal.Bundles - 	Entry: C:\Users\wickr\.p2\pool\plugins\com.google.guava.failureaccess_1.0.3.jar
2025-07-27 22:11:48,214 [Worker-21: Launching Executing clean in F__eclipse_pahanabookshop_pahanaedu-online] INFO  o.e.m.i.launch.MavenLaunchDelegate - Run build in "F:\eclipse\pahanabookshop\pahanaedu-online":
2025-07-27 22:11:48,214 [Worker-21: Launching Executing clean in F__eclipse_pahanabookshop_pahanaedu-online] INFO  o.e.m.i.launch.MavenLaunchDelegate -  mvn  -B -Dstyle.color=always clean
2025-07-27 22:11:56,612 [Worker-28: Launching Executing install in F__eclipse_pahanabookshop_pahanaedu-online] INFO  o.eclipse.m2e.core.internal.Bundles - getClasspathEntries(Bundle=org.eclipse.m2e.maven.runtime_3.9.900.20250220-2013 [639])
2025-07-27 22:11:56,613 [Worker-28: Launching Executing install in F__eclipse_pahanabookshop_pahanaedu-online] INFO  o.eclipse.m2e.core.internal.Bundles - 	Entry: C:\Users\wickr\.p2\pool\plugins\org.eclipse.m2e.maven.runtime_3.9.900.20250220-2013
2025-07-27 22:11:56,613 [Worker-28: Launching Executing install in F__eclipse_pahanabookshop_pahanaedu-online] INFO  o.eclipse.m2e.core.internal.Bundles - 	Entry: C:\Users\wickr\.p2\pool\plugins\org.eclipse.m2e.maven.runtime_3.9.900.20250220-2013\jars\aopalliance-1.0.jar
2025-07-27 22:11:56,613 [Worker-28: Launching Executing install in F__eclipse_pahanabookshop_pahanaedu-online] INFO  o.eclipse.m2e.core.internal.Bundles - 	Entry: C:\Users\wickr\.p2\pool\plugins\org.eclipse.m2e.maven.runtime_3.9.900.20250220-2013\jars\guice-5.1.0.jar
2025-07-27 22:11:56,613 [Worker-28: Launching Executing install in F__eclipse_pahanabookshop_pahanaedu-online] INFO  o.eclipse.m2e.core.internal.Bundles - 	Entry: C:\Users\wickr\.p2\pool\plugins\org.eclipse.m2e.maven.runtime_3.9.900.20250220-2013\jars\httpclient-4.5.14.jar
2025-07-27 22:11:56,614 [Worker-28: Launching Executing install in F__eclipse_pahanabookshop_pahanaedu-online] INFO  o.eclipse.m2e.core.internal.Bundles - 	Entry: C:\Users\wickr\.p2\pool\plugins\org.eclipse.m2e.maven.runtime_3.9.900.20250220-2013\jars\httpcore-4.4.16.jar
2025-07-27 22:11:56,614 [Worker-28: Launching Executing install in F__eclipse_pahanabookshop_pahanaedu-online] INFO  o.eclipse.m2e.core.internal.Bundles - 	Entry: C:\Users\wickr\.p2\pool\plugins\org.eclipse.m2e.maven.runtime_3.9.900.20250220-2013\jars\jansi-2.4.1.jar
2025-07-27 22:11:56,614 [Worker-28: Launching Executing install in F__eclipse_pahanabookshop_pahanaedu-online] INFO  o.eclipse.m2e.core.internal.Bundles - 	Entry: C:\Users\wickr\.p2\pool\plugins\org.eclipse.m2e.maven.runtime_3.9.900.20250220-2013\jars\jcl-over-slf4j-1.7.36.jar
2025-07-27 22:11:56,614 [Worker-28: Launching Executing install in F__eclipse_pahanabookshop_pahanaedu-online] INFO  o.eclipse.m2e.core.internal.Bundles - 	Entry: C:\Users\wickr\.p2\pool\plugins\org.eclipse.m2e.maven.runtime_3.9.900.20250220-2013\jars\maven-artifact-3.9.9.jar
2025-07-27 22:11:56,614 [Worker-28: Launching Executing install in F__eclipse_pahanabookshop_pahanaedu-online] INFO  o.eclipse.m2e.core.internal.Bundles - 	Entry: C:\Users\wickr\.p2\pool\plugins\org.eclipse.m2e.maven.runtime_3.9.900.20250220-2013\jars\maven-builder-support-3.9.9.jar
2025-07-27 22:11:56,614 [Worker-28: Launching Executing install in F__eclipse_pahanabookshop_pahanaedu-online] INFO  o.eclipse.m2e.core.internal.Bundles - 	Entry: C:\Users\wickr\.p2\pool\plugins\org.eclipse.m2e.maven.runtime_3.9.900.20250220-2013\jars\maven-compat-3.9.9.jar
2025-07-27 22:11:56,614 [Worker-28: Launching Executing install in F__eclipse_pahanabookshop_pahanaedu-online] INFO  o.eclipse.m2e.core.internal.Bundles - 	Entry: C:\Users\wickr\.p2\pool\plugins\org.eclipse.m2e.maven.runtime_3.9.900.20250220-2013\jars\maven-core-3.9.9.jar
2025-07-27 22:11:56,614 [Worker-28: Launching Executing install in F__eclipse_pahanabookshop_pahanaedu-online] INFO  o.eclipse.m2e.core.internal.Bundles - 	Entry: C:\Users\wickr\.p2\pool\plugins\org.eclipse.m2e.maven.runtime_3.9.900.20250220-2013\jars\maven-embedder-3.9.9.jar
2025-07-27 22:11:56,615 [Worker-28: Launching Executing install in F__eclipse_pahanabookshop_pahanaedu-online] INFO  o.eclipse.m2e.core.internal.Bundles - 	Entry: C:\Users\wickr\.p2\pool\plugins\org.eclipse.m2e.maven.runtime_3.9.900.20250220-2013\jars\maven-model-3.9.9.jar
2025-07-27 22:11:56,615 [Worker-28: Launching Executing install in F__eclipse_pahanabookshop_pahanaedu-online] INFO  o.eclipse.m2e.core.internal.Bundles - 	Entry: C:\Users\wickr\.p2\pool\plugins\org.eclipse.m2e.maven.runtime_3.9.900.20250220-2013\jars\maven-model-builder-3.9.9.jar
2025-07-27 22:11:56,615 [Worker-28: Launching Executing install in F__eclipse_pahanabookshop_pahanaedu-online] INFO  o.eclipse.m2e.core.internal.Bundles - 	Entry: C:\Users\wickr\.p2\pool\plugins\org.eclipse.m2e.maven.runtime_3.9.900.20250220-2013\jars\maven-plugin-api-3.9.9.jar
2025-07-27 22:11:56,615 [Worker-28: Launching Executing install in F__eclipse_pahanabookshop_pahanaedu-online] INFO  o.eclipse.m2e.core.internal.Bundles - 	Entry: C:\Users\wickr\.p2\pool\plugins\org.eclipse.m2e.maven.runtime_3.9.900.20250220-2013\jars\maven-repository-metadata-3.9.9.jar
2025-07-27 22:11:56,615 [Worker-28: Launching Executing install in F__eclipse_pahanabookshop_pahanaedu-online] INFO  o.eclipse.m2e.core.internal.Bundles - 	Entry: C:\Users\wickr\.p2\pool\plugins\org.eclipse.m2e.maven.runtime_3.9.900.20250220-2013\jars\maven-resolver-api-1.9.22.jar
2025-07-27 22:11:56,615 [Worker-28: Launching Executing install in F__eclipse_pahanabookshop_pahanaedu-online] INFO  o.eclipse.m2e.core.internal.Bundles - 	Entry: C:\Users\wickr\.p2\pool\plugins\org.eclipse.m2e.maven.runtime_3.9.900.20250220-2013\jars\maven-resolver-connector-basic-1.9.22.jar
2025-07-27 22:11:56,615 [Worker-28: Launching Executing install in F__eclipse_pahanabookshop_pahanaedu-online] INFO  o.eclipse.m2e.core.internal.Bundles - 	Entry: C:\Users\wickr\.p2\pool\plugins\org.eclipse.m2e.maven.runtime_3.9.900.20250220-2013\jars\maven-resolver-impl-1.9.22.jar
2025-07-27 22:11:56,615 [Worker-28: Launching Executing install in F__eclipse_pahanabookshop_pahanaedu-online] INFO  o.eclipse.m2e.core.internal.Bundles - 	Entry: C:\Users\wickr\.p2\pool\plugins\org.eclipse.m2e.maven.runtime_3.9.900.20250220-2013\jars\maven-resolver-named-locks-1.9.22.jar
2025-07-27 22:11:56,616 [Worker-28: Launching Executing install in F__eclipse_pahanabookshop_pahanaedu-online] INFO  o.eclipse.m2e.core.internal.Bundles - 	Entry: C:\Users\wickr\.p2\pool\plugins\org.eclipse.m2e.maven.runtime_3.9.900.20250220-2013\jars\maven-resolver-provider-3.9.9.jar
2025-07-27 22:11:56,616 [Worker-28: Launching Executing install in F__eclipse_pahanabookshop_pahanaedu-online] INFO  o.eclipse.m2e.core.internal.Bundles - 	Entry: C:\Users\wickr\.p2\pool\plugins\org.eclipse.m2e.maven.runtime_3.9.900.20250220-2013\jars\maven-resolver-spi-1.9.22.jar
2025-07-27 22:11:56,616 [Worker-28: Launching Executing install in F__eclipse_pahanabookshop_pahanaedu-online] INFO  o.eclipse.m2e.core.internal.Bundles - 	Entry: C:\Users\wickr\.p2\pool\plugins\org.eclipse.m2e.maven.runtime_3.9.900.20250220-2013\jars\maven-resolver-transport-file-1.9.22.jar
2025-07-27 22:11:56,616 [Worker-28: Launching Executing install in F__eclipse_pahanabookshop_pahanaedu-online] INFO  o.eclipse.m2e.core.internal.Bundles - 	Entry: C:\Users\wickr\.p2\pool\plugins\org.eclipse.m2e.maven.runtime_3.9.900.20250220-2013\jars\maven-resolver-transport-http-1.9.22.jar
2025-07-27 22:11:56,616 [Worker-28: Launching Executing install in F__eclipse_pahanabookshop_pahanaedu-online] INFO  o.eclipse.m2e.core.internal.Bundles - 	Entry: C:\Users\wickr\.p2\pool\plugins\org.eclipse.m2e.maven.runtime_3.9.900.20250220-2013\jars\maven-resolver-transport-wagon-1.9.22.jar
2025-07-27 22:11:56,616 [Worker-28: Launching Executing install in F__eclipse_pahanabookshop_pahanaedu-online] INFO  o.eclipse.m2e.core.internal.Bundles - 	Entry: C:\Users\wickr\.p2\pool\plugins\org.eclipse.m2e.maven.runtime_3.9.900.20250220-2013\jars\maven-resolver-util-1.9.22.jar
2025-07-27 22:11:56,616 [Worker-28: Launching Executing install in F__eclipse_pahanabookshop_pahanaedu-online] INFO  o.eclipse.m2e.core.internal.Bundles - 	Entry: C:\Users\wickr\.p2\pool\plugins\org.eclipse.m2e.maven.runtime_3.9.900.20250220-2013\jars\maven-settings-3.9.9.jar
2025-07-27 22:11:56,616 [Worker-28: Launching Executing install in F__eclipse_pahanabookshop_pahanaedu-online] INFO  o.eclipse.m2e.core.internal.Bundles - 	Entry: C:\Users\wickr\.p2\pool\plugins\org.eclipse.m2e.maven.runtime_3.9.900.20250220-2013\jars\maven-settings-builder-3.9.9.jar
2025-07-27 22:11:56,617 [Worker-28: Launching Executing install in F__eclipse_pahanabookshop_pahanaedu-online] INFO  o.eclipse.m2e.core.internal.Bundles - 	Entry: C:\Users\wickr\.p2\pool\plugins\org.eclipse.m2e.maven.runtime_3.9.900.20250220-2013\jars\maven-shared-utils-3.4.2.jar
2025-07-27 22:11:56,617 [Worker-28: Launching Executing install in F__eclipse_pahanabookshop_pahanaedu-online] INFO  o.eclipse.m2e.core.internal.Bundles - 	Entry: C:\Users\wickr\.p2\pool\plugins\org.eclipse.m2e.maven.runtime_3.9.900.20250220-2013\jars\org.eclipse.sisu.inject-0.9.0.M3.jar
2025-07-27 22:11:56,617 [Worker-28: Launching Executing install in F__eclipse_pahanabookshop_pahanaedu-online] INFO  o.eclipse.m2e.core.internal.Bundles - 	Entry: C:\Users\wickr\.p2\pool\plugins\org.eclipse.m2e.maven.runtime_3.9.900.20250220-2013\jars\org.eclipse.sisu.plexus-0.9.0.M3.jar
2025-07-27 22:11:56,617 [Worker-28: Launching Executing install in F__eclipse_pahanabookshop_pahanaedu-online] INFO  o.eclipse.m2e.core.internal.Bundles - 	Entry: C:\Users\wickr\.p2\pool\plugins\org.eclipse.m2e.maven.runtime_3.9.900.20250220-2013\jars\plexus-build-api-0.0.7.jar
2025-07-27 22:11:56,617 [Worker-28: Launching Executing install in F__eclipse_pahanabookshop_pahanaedu-online] INFO  o.eclipse.m2e.core.internal.Bundles - 	Entry: C:\Users\wickr\.p2\pool\plugins\org.eclipse.m2e.maven.runtime_3.9.900.20250220-2013\jars\plexus-build-api-1.2.0.jar
2025-07-27 22:11:56,617 [Worker-28: Launching Executing install in F__eclipse_pahanabookshop_pahanaedu-online] INFO  o.eclipse.m2e.core.internal.Bundles - 	Entry: C:\Users\wickr\.p2\pool\plugins\org.eclipse.m2e.maven.runtime_3.9.900.20250220-2013\jars\plexus-cipher-2.0.jar
2025-07-27 22:11:56,617 [Worker-28: Launching Executing install in F__eclipse_pahanabookshop_pahanaedu-online] INFO  o.eclipse.m2e.core.internal.Bundles - 	Entry: C:\Users\wickr\.p2\pool\plugins\org.eclipse.m2e.maven.runtime_3.9.900.20250220-2013\jars\plexus-classworlds-2.8.0.jar
2025-07-27 22:11:56,618 [Worker-28: Launching Executing install in F__eclipse_pahanabookshop_pahanaedu-online] INFO  o.eclipse.m2e.core.internal.Bundles - 	Entry: C:\Users\wickr\.p2\pool\plugins\org.eclipse.m2e.maven.runtime_3.9.900.20250220-2013\jars\plexus-component-annotations-2.1.0.jar
2025-07-27 22:11:56,618 [Worker-28: Launching Executing install in F__eclipse_pahanabookshop_pahanaedu-online] INFO  o.eclipse.m2e.core.internal.Bundles - 	Entry: C:\Users\wickr\.p2\pool\plugins\org.eclipse.m2e.maven.runtime_3.9.900.20250220-2013\jars\plexus-interpolation-1.27.jar
2025-07-27 22:11:56,618 [Worker-28: Launching Executing install in F__eclipse_pahanabookshop_pahanaedu-online] INFO  o.eclipse.m2e.core.internal.Bundles - 	Entry: C:\Users\wickr\.p2\pool\plugins\org.eclipse.m2e.maven.runtime_3.9.900.20250220-2013\jars\plexus-sec-dispatcher-2.0.jar
2025-07-27 22:11:56,618 [Worker-28: Launching Executing install in F__eclipse_pahanabookshop_pahanaedu-online] INFO  o.eclipse.m2e.core.internal.Bundles - 	Entry: C:\Users\wickr\.p2\pool\plugins\org.eclipse.m2e.maven.runtime_3.9.900.20250220-2013\jars\plexus-utils-3.5.1.jar
2025-07-27 22:11:56,618 [Worker-28: Launching Executing install in F__eclipse_pahanabookshop_pahanaedu-online] INFO  o.eclipse.m2e.core.internal.Bundles - 	Entry: C:\Users\wickr\.p2\pool\plugins\org.eclipse.m2e.maven.runtime_3.9.900.20250220-2013\jars\plexus-xml-3.0.1.jar
2025-07-27 22:11:56,618 [Worker-28: Launching Executing install in F__eclipse_pahanabookshop_pahanaedu-online] INFO  o.eclipse.m2e.core.internal.Bundles - 	Entry: C:\Users\wickr\.p2\pool\plugins\org.eclipse.m2e.maven.runtime_3.9.900.20250220-2013\jars\wagon-file-3.5.3.jar
2025-07-27 22:11:56,618 [Worker-28: Launching Executing install in F__eclipse_pahanabookshop_pahanaedu-online] INFO  o.eclipse.m2e.core.internal.Bundles - 	Entry: C:\Users\wickr\.p2\pool\plugins\org.eclipse.m2e.maven.runtime_3.9.900.20250220-2013\jars\wagon-http-3.5.3.jar
2025-07-27 22:11:56,618 [Worker-28: Launching Executing install in F__eclipse_pahanabookshop_pahanaedu-online] INFO  o.eclipse.m2e.core.internal.Bundles - 	Entry: C:\Users\wickr\.p2\pool\plugins\org.eclipse.m2e.maven.runtime_3.9.900.20250220-2013\jars\wagon-http-shared-3.5.3.jar
2025-07-27 22:11:56,618 [Worker-28: Launching Executing install in F__eclipse_pahanabookshop_pahanaedu-online] INFO  o.eclipse.m2e.core.internal.Bundles - 	Entry: C:\Users\wickr\.p2\pool\plugins\org.eclipse.m2e.maven.runtime_3.9.900.20250220-2013\jars\wagon-provider-api-3.5.3.jar
2025-07-27 22:11:56,619 [Worker-28: Launching Executing install in F__eclipse_pahanabookshop_pahanaedu-online] INFO  o.eclipse.m2e.core.internal.Bundles - getClasspathEntries(Bundle=com.google.guava_33.4.8.jre [18])
2025-07-27 22:11:56,619 [Worker-28: Launching Executing install in F__eclipse_pahanabookshop_pahanaedu-online] INFO  o.eclipse.m2e.core.internal.Bundles - 	Entry: C:\Users\wickr\.p2\pool\plugins\com.google.guava_33.4.8.jre.jar
2025-07-27 22:11:56,619 [Worker-28: Launching Executing install in F__eclipse_pahanabookshop_pahanaedu-online] INFO  o.eclipse.m2e.core.internal.Bundles - getClasspathEntries(Bundle=slf4j.api_2.0.17 [1004])
2025-07-27 22:11:56,619 [Worker-28: Launching Executing install in F__eclipse_pahanabookshop_pahanaedu-online] INFO  o.eclipse.m2e.core.internal.Bundles - 	Entry: C:\Users\wickr\.p2\pool\plugins\slf4j.api_2.0.17.jar
2025-07-27 22:11:56,619 [Worker-28: Launching Executing install in F__eclipse_pahanabookshop_pahanaedu-online] INFO  o.eclipse.m2e.core.internal.Bundles - getClasspathEntries(Bundle=jakarta.inject.jakarta.inject-api_1.0.5 [35])
2025-07-27 22:11:56,620 [Worker-28: Launching Executing install in F__eclipse_pahanabookshop_pahanaedu-online] INFO  o.eclipse.m2e.core.internal.Bundles - 	Entry: C:\Users\wickr\.p2\pool\plugins\jakarta.inject.jakarta.inject-api_1.0.5.jar
2025-07-27 22:11:56,620 [Worker-28: Launching Executing install in F__eclipse_pahanabookshop_pahanaedu-online] INFO  o.eclipse.m2e.core.internal.Bundles - getClasspathEntries(Bundle=javax.annotation_1.3.5.v20200909-1856 [45])
2025-07-27 22:11:56,620 [Worker-28: Launching Executing install in F__eclipse_pahanabookshop_pahanaedu-online] INFO  o.eclipse.m2e.core.internal.Bundles - 	Entry: C:\Users\wickr\.p2\pool\plugins\javax.annotation_1.3.5.v20200909-1856.jar
2025-07-27 22:11:56,620 [Worker-28: Launching Executing install in F__eclipse_pahanabookshop_pahanaedu-online] INFO  o.eclipse.m2e.core.internal.Bundles - getClasspathEntries(Bundle=org.apache.commons.cli_1.9.0 [76])
2025-07-27 22:11:56,620 [Worker-28: Launching Executing install in F__eclipse_pahanabookshop_pahanaedu-online] INFO  o.eclipse.m2e.core.internal.Bundles - 	Entry: C:\Users\wickr\.p2\pool\plugins\org.apache.commons.cli_1.9.0.jar
2025-07-27 22:11:56,620 [Worker-28: Launching Executing install in F__eclipse_pahanabookshop_pahanaedu-online] INFO  o.eclipse.m2e.core.internal.Bundles - getClasspathEntries(Bundle=org.apache.commons.commons-codec_1.16.0 [78])
2025-07-27 22:11:56,620 [Worker-28: Launching Executing install in F__eclipse_pahanabookshop_pahanaedu-online] INFO  o.eclipse.m2e.core.internal.Bundles - 	Entry: C:\Users\wickr\.p2\pool\plugins\org.apache.commons.commons-codec_1.16.0.jar
2025-07-27 22:11:56,620 [Worker-28: Launching Executing install in F__eclipse_pahanabookshop_pahanaedu-online] INFO  o.eclipse.m2e.core.internal.Bundles - getClasspathEntries(Bundle=com.google.guava.failureaccess_1.0.3 [19])
2025-07-27 22:11:56,621 [Worker-28: Launching Executing install in F__eclipse_pahanabookshop_pahanaedu-online] INFO  o.eclipse.m2e.core.internal.Bundles - 	Entry: C:\Users\wickr\.p2\pool\plugins\com.google.guava.failureaccess_1.0.3.jar
2025-07-27 22:11:56,621 [Worker-28: Launching Executing install in F__eclipse_pahanabookshop_pahanaedu-online] INFO  o.e.m.i.launch.MavenLaunchDelegate - Run build in "F:\eclipse\pahanabookshop\pahanaedu-online":
2025-07-27 22:11:56,621 [Worker-28: Launching Executing install in F__eclipse_pahanabookshop_pahanaedu-online] INFO  o.e.m.i.launch.MavenLaunchDelegate -  mvn  -B -Dstyle.color=always install
2025-07-27 22:12:07,432 [Worker-21: Building] INFO  o.e.m.c.i.l.LifecycleMappingFactory - Using org.maven.ide.eclipse.wtp.WarLifecycleMapping lifecycle mapping for MavenProject: com.pahanaedu.bookshop:pahanaedu-online:0.0.1-SNAPSHOT @ F:\eclipse\pahanabookshop\pahanaedu-online\pom.xml.
2025-07-27 22:12:07,787 [Worker-21: Building] INFO  o.a.m.s.f.DefaultMavenResourcesFiltering - Copying 0 resource from src\main\resources to target\classes
2025-07-27 22:12:07,790 [Worker-21: Building] INFO  o.a.m.s.f.DefaultMavenResourcesFiltering - Copying 0 resource from src\test\resources to target\test-classes
2025-07-27 22:12:07,790 [Worker-21: Building] INFO  o.e.m.w.i.f.ResourceFilteringBuildParticipant - Changed resources require a complete clean of filtered resources of pahanaedu-online
2025-07-27 22:12:07,790 [Worker-21: Building] INFO  o.e.m.w.i.f.ResourceFilteringBuildParticipant - Executing resource filtering for pahanaedu-online
2025-07-27 22:16:57,770 [Worker-27: Building] INFO  o.e.m.c.i.l.LifecycleMappingFactory - Using org.maven.ide.eclipse.wtp.WarLifecycleMapping lifecycle mapping for MavenProject: com.pahanaedu.bookshop:pahanaedu-online:0.0.1-SNAPSHOT @ F:\eclipse\pahanabookshop\pahanaedu-online\pom.xml.
2025-07-27 22:16:57,800 [Worker-27: Building] WARN  o.e.m.c.i.embedder.EclipseLogger - The artifact mysql:mysql-connector-java:jar:8.0.33 has been relocated to com.mysql:mysql-connector-j:jar:8.0.33: MySQL Connector/J artifacts moved to reverse-DNS compliant Maven 2+ coordinates.
2025-07-27 22:16:57,808 [Worker-27: Building] WARN  o.e.m.c.i.embedder.EclipseLogger - The artifact mysql:mysql-connector-java:jar:8.0.33 has been relocated to com.mysql:mysql-connector-j:jar:8.0.33: MySQL Connector/J artifacts moved to reverse-DNS compliant Maven 2+ coordinates.
2025-07-27 22:16:58,147 [Worker-27: Building] INFO  o.a.m.s.f.DefaultMavenResourcesFiltering - Copying 0 resource from src\main\resources to target\classes
2025-07-27 22:16:58,150 [Worker-27: Building] INFO  o.a.m.s.f.DefaultMavenResourcesFiltering - Copying 0 resource from src\test\resources to target\test-classes
2025-07-27 22:16:58,150 [Worker-27: Building] INFO  o.e.m.w.i.f.ResourceFilteringBuildParticipant - Changed resources require a complete clean of filtered resources of pahanaedu-online
2025-07-27 22:16:58,150 [Worker-27: Building] INFO  o.e.m.w.i.f.ResourceFilteringBuildParticipant - Executing resource filtering for pahanaedu-online
2025-07-27 23:51:07,538 [Worker-4: Loading available Gradle versions] INFO  o.e.b.c.i.u.g.PublishedGradleVersions - Gradle version information cache is up-to-date. Trying to read.
2025-07-27 23:51:08,075 [Worker-2: reload maven project] WARN  o.e.m.c.i.embedder.EclipseLogger - The artifact mysql:mysql-connector-java:jar:8.0.33 has been relocated to com.mysql:mysql-connector-j:jar:8.0.33: MySQL Connector/J artifacts moved to reverse-DNS compliant Maven 2+ coordinates.
2025-07-27 23:52:45,592 [Worker-3: Building] INFO  o.a.m.s.f.DefaultMavenResourcesFiltering - Copying 0 resource from src\main\resources to target\classes
2025-07-27 23:52:45,596 [Worker-3: Building] INFO  o.a.m.s.f.DefaultMavenResourcesFiltering - Copying 0 resource from src\test\resources to target\test-classes
2025-07-27 23:56:53,441 [Worker-17: Building] INFO  o.a.m.s.f.DefaultMavenResourcesFiltering - Copying 0 resource from src\main\resources to target\classes
2025-07-27 23:56:53,444 [Worker-17: Building] INFO  o.a.m.s.f.DefaultMavenResourcesFiltering - Copying 0 resource from src\test\resources to target\test-classes
2025-07-27 23:56:59,117 [Worker-5: Building] INFO  o.a.m.s.f.DefaultMavenResourcesFiltering - Copying 0 resource from src\main\resources to target\classes
2025-07-27 23:56:59,120 [Worker-5: Building] INFO  o.a.m.s.f.DefaultMavenResourcesFiltering - Copying 0 resource from src\test\resources to target\test-classes
2025-07-27 23:57:24,011 [Worker-5: Building] INFO  o.a.m.s.f.DefaultMavenResourcesFiltering - Copying 0 resource from src\main\resources to target\classes
2025-07-27 23:57:24,014 [Worker-5: Building] INFO  o.a.m.s.f.DefaultMavenResourcesFiltering - Copying 0 resource from src\test\resources to target\test-classes
2025-07-27 23:57:30,585 [Worker-5: Building] INFO  o.a.m.s.f.DefaultMavenResourcesFiltering - Copying 0 resource from src\main\resources to target\classes
2025-07-27 23:57:30,587 [Worker-5: Building] INFO  o.a.m.s.f.DefaultMavenResourcesFiltering - Copying 0 resource from src\test\resources to target\test-classes
2025-07-27 23:57:51,435 [Worker-11: Building] INFO  o.a.m.s.f.DefaultMavenResourcesFiltering - Copying 0 resource from src\main\resources to target\classes
2025-07-27 23:57:51,438 [Worker-11: Building] INFO  o.a.m.s.f.DefaultMavenResourcesFiltering - Copying 0 resource from src\test\resources to target\test-classes
2025-07-27 23:59:45,264 [Worker-18: Building] INFO  o.a.m.s.f.DefaultMavenResourcesFiltering - Copying 0 resource from src\main\resources to target\classes
2025-07-27 23:59:45,266 [Worker-18: Building] INFO  o.a.m.s.f.DefaultMavenResourcesFiltering - Copying 0 resource from src\test\resources to target\test-classes
2025-07-28 00:00:09,038 [Worker-18: Building] INFO  o.a.m.s.f.DefaultMavenResourcesFiltering - Copying 0 resource from src\main\resources to target\classes
2025-07-28 00:00:09,041 [Worker-18: Building] INFO  o.a.m.s.f.DefaultMavenResourcesFiltering - Copying 0 resource from src\test\resources to target\test-classes
2025-07-28 00:05:04,100 [Worker-20: Building] INFO  o.a.m.s.f.DefaultMavenResourcesFiltering - Copying 0 resource from src\main\resources to target\classes
2025-07-28 00:05:04,103 [Worker-20: Building] INFO  o.a.m.s.f.DefaultMavenResourcesFiltering - Copying 0 resource from src\test\resources to target\test-classes
2025-07-28 00:05:15,608 [Worker-21: Building] INFO  o.a.m.s.f.DefaultMavenResourcesFiltering - Copying 0 resource from src\main\resources to target\classes
2025-07-28 00:05:15,611 [Worker-21: Building] INFO  o.a.m.s.f.DefaultMavenResourcesFiltering - Copying 0 resource from src\test\resources to target\test-classes
2025-07-28 00:05:24,343 [Worker-20: Building] INFO  o.a.m.s.f.DefaultMavenResourcesFiltering - Copying 0 resource from src\main\resources to target\classes
2025-07-28 00:05:24,345 [Worker-20: Building] INFO  o.a.m.s.f.DefaultMavenResourcesFiltering - Copying 0 resource from src\test\resources to target\test-classes
2025-07-28 00:05:33,188 [Worker-11: Building] INFO  o.a.m.s.f.DefaultMavenResourcesFiltering - Copying 0 resource from src\main\resources to target\classes
2025-07-28 00:05:33,190 [Worker-11: Building] INFO  o.a.m.s.f.DefaultMavenResourcesFiltering - Copying 0 resource from src\test\resources to target\test-classes
2025-07-28 00:06:26,947 [Worker-19: Building] INFO  o.a.m.s.f.DefaultMavenResourcesFiltering - Copying 0 resource from src\main\resources to target\classes
2025-07-28 00:06:26,949 [Worker-19: Building] INFO  o.a.m.s.f.DefaultMavenResourcesFiltering - Copying 0 resource from src\test\resources to target\test-classes
2025-07-28 00:16:24,645 [Worker-5: Building] INFO  o.a.m.s.f.DefaultMavenResourcesFiltering - Copying 0 resource from src\main\resources to target\classes
2025-07-28 00:16:24,647 [Worker-5: Building] INFO  o.a.m.s.f.DefaultMavenResourcesFiltering - Copying 0 resource from src\test\resources to target\test-classes
2025-07-28 11:21:44,007 [Worker-2: Loading available Gradle versions] INFO  o.e.b.c.i.u.g.PublishedGradleVersions - Gradle version information cache is up-to-date. Trying to read.
2025-07-28 11:21:47,034 [Worker-12: Building] WARN  o.e.m.c.i.embedder.EclipseLogger - The artifact mysql:mysql-connector-java:jar:8.0.33 has been relocated to com.mysql:mysql-connector-j:jar:8.0.33: MySQL Connector/J artifacts moved to reverse-DNS compliant Maven 2+ coordinates.
2025-07-28 11:24:21,768 [Worker-0: Building] INFO  o.a.m.s.f.DefaultMavenResourcesFiltering - Copying 0 resource from src\main\resources to target\classes
2025-07-28 11:24:21,772 [Worker-0: Building] INFO  o.a.m.s.f.DefaultMavenResourcesFiltering - Copying 0 resource from src\test\resources to target\test-classes
2025-07-28 11:25:04,535 [Worker-1: Building] INFO  o.a.m.s.f.DefaultMavenResourcesFiltering - Copying 0 resource from src\main\resources to target\classes
2025-07-28 11:25:04,539 [Worker-1: Building] INFO  o.a.m.s.f.DefaultMavenResourcesFiltering - Copying 0 resource from src\test\resources to target\test-classes
2025-07-28 11:25:27,712 [Worker-0: Building] INFO  o.a.m.s.f.DefaultMavenResourcesFiltering - Copying 0 resource from src\main\resources to target\classes
2025-07-28 11:25:27,715 [Worker-0: Building] INFO  o.a.m.s.f.DefaultMavenResourcesFiltering - Copying 0 resource from src\test\resources to target\test-classes
2025-07-28 11:26:05,514 [Worker-17: Building] INFO  o.a.m.s.f.DefaultMavenResourcesFiltering - Copying 0 resource from src\main\resources to target\classes
2025-07-28 11:26:05,518 [Worker-17: Building] INFO  o.a.m.s.f.DefaultMavenResourcesFiltering - Copying 0 resource from src\test\resources to target\test-classes
2025-07-28 11:44:22,080 [Worker-21: Building] INFO  o.a.m.s.f.DefaultMavenResourcesFiltering - Copying 0 resource from src\main\resources to target\classes
2025-07-28 11:44:22,084 [Worker-21: Building] INFO  o.a.m.s.f.DefaultMavenResourcesFiltering - Copying 0 resource from src\test\resources to target\test-classes
2025-07-28 11:44:27,083 [Worker-22: Building] INFO  o.a.m.s.f.DefaultMavenResourcesFiltering - Copying 0 resource from src\main\resources to target\classes
2025-07-28 11:44:27,086 [Worker-22: Building] INFO  o.a.m.s.f.DefaultMavenResourcesFiltering - Copying 0 resource from src\test\resources to target\test-classes
2025-07-28 11:44:53,700 [Worker-18: Building] INFO  o.a.m.s.f.DefaultMavenResourcesFiltering - Copying 0 resource from src\main\resources to target\classes
2025-07-28 11:44:53,703 [Worker-18: Building] INFO  o.a.m.s.f.DefaultMavenResourcesFiltering - Copying 0 resource from src\test\resources to target\test-classes
2025-07-28 11:44:59,261 [Worker-24: Building] INFO  o.a.m.s.f.DefaultMavenResourcesFiltering - Copying 0 resource from src\main\resources to target\classes
2025-07-28 11:44:59,263 [Worker-24: Building] INFO  o.a.m.s.f.DefaultMavenResourcesFiltering - Copying 0 resource from src\test\resources to target\test-classes
2025-07-28 11:45:24,337 [Worker-22: Building] INFO  o.a.m.s.f.DefaultMavenResourcesFiltering - Copying 0 resource from src\main\resources to target\classes
2025-07-28 11:45:24,339 [Worker-22: Building] INFO  o.a.m.s.f.DefaultMavenResourcesFiltering - Copying 0 resource from src\test\resources to target\test-classes
2025-07-28 11:45:30,100 [Worker-21: Building] INFO  o.a.m.s.f.DefaultMavenResourcesFiltering - Copying 0 resource from src\main\resources to target\classes
2025-07-28 11:45:30,102 [Worker-21: Building] INFO  o.a.m.s.f.DefaultMavenResourcesFiltering - Copying 0 resource from src\test\resources to target\test-classes
2025-07-28 11:46:03,210 [Worker-0: Building] INFO  o.a.m.s.f.DefaultMavenResourcesFiltering - Copying 0 resource from src\main\resources to target\classes
2025-07-28 11:46:03,213 [Worker-0: Building] INFO  o.a.m.s.f.DefaultMavenResourcesFiltering - Copying 0 resource from src\test\resources to target\test-classes
2025-07-28 11:46:09,284 [Worker-18: Building] INFO  o.a.m.s.f.DefaultMavenResourcesFiltering - Copying 0 resource from src\main\resources to target\classes
2025-07-28 11:46:09,286 [Worker-18: Building] INFO  o.a.m.s.f.DefaultMavenResourcesFiltering - Copying 0 resource from src\test\resources to target\test-classes
2025-07-28 11:46:19,013 [Worker-23: Building] INFO  o.a.m.s.f.DefaultMavenResourcesFiltering - Copying 0 resource from src\main\resources to target\classes
2025-07-28 11:46:19,015 [Worker-23: Building] INFO  o.a.m.s.f.DefaultMavenResourcesFiltering - Copying 0 resource from src\test\resources to target\test-classes
2025-07-28 11:48:15,220 [Worker-26: Building] INFO  o.a.m.s.f.DefaultMavenResourcesFiltering - Copying 0 resource from src\main\resources to target\classes
2025-07-28 11:48:15,223 [Worker-26: Building] INFO  o.a.m.s.f.DefaultMavenResourcesFiltering - Copying 0 resource from src\test\resources to target\test-classes
2025-07-28 11:48:56,649 [Worker-0: Building] INFO  o.a.m.s.f.DefaultMavenResourcesFiltering - Copying 0 resource from src\main\resources to target\classes
2025-07-28 11:48:56,651 [Worker-0: Building] INFO  o.a.m.s.f.DefaultMavenResourcesFiltering - Copying 0 resource from src\test\resources to target\test-classes
2025-07-28 11:49:03,116 [Worker-0: Building] INFO  o.a.m.s.f.DefaultMavenResourcesFiltering - Copying 0 resource from src\main\resources to target\classes
2025-07-28 11:49:03,118 [Worker-0: Building] INFO  o.a.m.s.f.DefaultMavenResourcesFiltering - Copying 0 resource from src\test\resources to target\test-classes
2025-07-28 11:49:07,487 [Worker-22: Building] INFO  o.a.m.s.f.DefaultMavenResourcesFiltering - Copying 0 resource from src\main\resources to target\classes
2025-07-28 11:49:07,489 [Worker-22: Building] INFO  o.a.m.s.f.DefaultMavenResourcesFiltering - Copying 0 resource from src\test\resources to target\test-classes
2025-07-28 11:49:27,508 [Worker-25: Building] INFO  o.a.m.s.f.DefaultMavenResourcesFiltering - Copying 0 resource from src\main\resources to target\classes
2025-07-28 11:49:27,511 [Worker-25: Building] INFO  o.a.m.s.f.DefaultMavenResourcesFiltering - Copying 0 resource from src\test\resources to target\test-classes
2025-07-28 11:51:26,271 [Worker-25: Building] INFO  o.a.m.s.f.DefaultMavenResourcesFiltering - Copying 0 resource from src\main\resources to target\classes
2025-07-28 11:51:26,273 [Worker-25: Building] INFO  o.a.m.s.f.DefaultMavenResourcesFiltering - Copying 0 resource from src\test\resources to target\test-classes
2025-07-28 11:51:32,657 [Worker-27: Building] INFO  o.a.m.s.f.DefaultMavenResourcesFiltering - Copying 0 resource from src\main\resources to target\classes
2025-07-28 11:51:32,660 [Worker-27: Building] INFO  o.a.m.s.f.DefaultMavenResourcesFiltering - Copying 0 resource from src\test\resources to target\test-classes
2025-07-28 11:54:49,224 [Worker-25: Building] INFO  o.a.m.s.f.DefaultMavenResourcesFiltering - Copying 0 resource from src\main\resources to target\classes
2025-07-28 11:54:49,227 [Worker-25: Building] INFO  o.a.m.s.f.DefaultMavenResourcesFiltering - Copying 0 resource from src\test\resources to target\test-classes
2025-07-28 11:56:05,447 [Worker-33: Building] INFO  o.a.m.s.f.DefaultMavenResourcesFiltering - Copying 0 resource from src\main\resources to target\classes
2025-07-28 11:56:05,449 [Worker-33: Building] INFO  o.a.m.s.f.DefaultMavenResourcesFiltering - Copying 0 resource from src\test\resources to target\test-classes
2025-07-28 11:57:31,203 [Worker-35: Building] INFO  o.a.m.s.f.DefaultMavenResourcesFiltering - Copying 0 resource from src\main\resources to target\classes
2025-07-28 11:57:31,206 [Worker-35: Building] INFO  o.a.m.s.f.DefaultMavenResourcesFiltering - Copying 0 resource from src\test\resources to target\test-classes
2025-07-28 12:02:11,064 [Worker-31: Building] INFO  o.a.m.s.f.DefaultMavenResourcesFiltering - Copying 0 resource from src\main\resources to target\classes
2025-07-28 12:02:11,067 [Worker-31: Building] INFO  o.a.m.s.f.DefaultMavenResourcesFiltering - Copying 0 resource from src\test\resources to target\test-classes
2025-07-28 12:11:18,612 [Worker-35: Building] INFO  o.a.m.s.f.DefaultMavenResourcesFiltering - Copying 0 resource from src\main\resources to target\classes
2025-07-28 12:11:18,615 [Worker-35: Building] INFO  o.a.m.s.f.DefaultMavenResourcesFiltering - Copying 0 resource from src\test\resources to target\test-classes
2025-07-28 12:11:27,599 [Worker-31: Building] INFO  o.a.m.s.f.DefaultMavenResourcesFiltering - Copying 0 resource from src\main\resources to target\classes
2025-07-28 12:11:27,601 [Worker-31: Building] INFO  o.a.m.s.f.DefaultMavenResourcesFiltering - Copying 0 resource from src\test\resources to target\test-classes
2025-07-28 12:22:56,361 [Worker-31: Building] INFO  o.a.m.s.f.DefaultMavenResourcesFiltering - Copying 0 resource from src\main\resources to target\classes
2025-07-28 12:22:56,364 [Worker-31: Building] INFO  o.a.m.s.f.DefaultMavenResourcesFiltering - Copying 0 resource from src\test\resources to target\test-classes
2025-07-28 12:23:15,664 [Worker-25: Building] INFO  o.a.m.s.f.DefaultMavenResourcesFiltering - Copying 0 resource from src\main\resources to target\classes
2025-07-28 12:23:15,666 [Worker-25: Building] INFO  o.a.m.s.f.DefaultMavenResourcesFiltering - Copying 0 resource from src\test\resources to target\test-classes
2025-07-28 12:23:37,561 [Worker-37: Building] INFO  o.a.m.s.f.DefaultMavenResourcesFiltering - Copying 0 resource from src\main\resources to target\classes
2025-07-28 12:23:37,563 [Worker-37: Building] INFO  o.a.m.s.f.DefaultMavenResourcesFiltering - Copying 0 resource from src\test\resources to target\test-classes
2025-07-28 12:23:41,805 [Worker-36: Building] INFO  o.a.m.s.f.DefaultMavenResourcesFiltering - Copying 0 resource from src\main\resources to target\classes
2025-07-28 12:23:41,808 [Worker-36: Building] INFO  o.a.m.s.f.DefaultMavenResourcesFiltering - Copying 0 resource from src\test\resources to target\test-classes
2025-07-28 12:23:58,575 [Worker-36: Building] INFO  o.a.m.s.f.DefaultMavenResourcesFiltering - Copying 0 resource from src\main\resources to target\classes
2025-07-28 12:23:58,578 [Worker-36: Building] INFO  o.a.m.s.f.DefaultMavenResourcesFiltering - Copying 0 resource from src\test\resources to target\test-classes
2025-07-28 12:24:02,956 [Worker-37: Building] INFO  o.a.m.s.f.DefaultMavenResourcesFiltering - Copying 0 resource from src\main\resources to target\classes
2025-07-28 12:24:02,958 [Worker-37: Building] INFO  o.a.m.s.f.DefaultMavenResourcesFiltering - Copying 0 resource from src\test\resources to target\test-classes
2025-07-28 12:24:14,160 [Worker-37: Building] INFO  o.a.m.s.f.DefaultMavenResourcesFiltering - Copying 0 resource from src\main\resources to target\classes
2025-07-28 12:24:14,162 [Worker-37: Building] INFO  o.a.m.s.f.DefaultMavenResourcesFiltering - Copying 0 resource from src\test\resources to target\test-classes
2025-07-28 12:36:11,095 [Worker-25: Building] INFO  o.a.m.s.f.DefaultMavenResourcesFiltering - Copying 0 resource from src\main\resources to target\classes
2025-07-28 12:36:11,097 [Worker-25: Building] INFO  o.a.m.s.f.DefaultMavenResourcesFiltering - Copying 0 resource from src\test\resources to target\test-classes
2025-07-28 12:41:10,599 [Worker-4: Loading available Gradle versions] INFO  o.e.b.c.i.u.g.PublishedGradleVersions - Gradle version information cache is up-to-date. Trying to read.
2025-07-28 12:41:12,256 [Worker-1: Building] WARN  o.e.m.c.i.embedder.EclipseLogger - The artifact mysql:mysql-connector-java:jar:8.0.33 has been relocated to com.mysql:mysql-connector-j:jar:8.0.33: MySQL Connector/J artifacts moved to reverse-DNS compliant Maven 2+ coordinates.
2025-07-28 13:04:51,012 [Worker-20: Building] INFO  o.a.m.s.f.DefaultMavenResourcesFiltering - Copying 0 resource from src\main\resources to target\classes
2025-07-28 13:04:51,018 [Worker-20: Building] INFO  o.a.m.s.f.DefaultMavenResourcesFiltering - Copying 0 resource from src\test\resources to target\test-classes
2025-07-28 13:04:55,530 [Worker-8: Building] INFO  o.a.m.s.f.DefaultMavenResourcesFiltering - Copying 0 resource from src\main\resources to target\classes
2025-07-28 13:04:55,533 [Worker-8: Building] INFO  o.a.m.s.f.DefaultMavenResourcesFiltering - Copying 0 resource from src\test\resources to target\test-classes
2025-07-28 13:05:10,808 [Worker-17: Building] INFO  o.a.m.s.f.DefaultMavenResourcesFiltering - Copying 0 resource from src\main\resources to target\classes
2025-07-28 13:05:10,812 [Worker-17: Building] INFO  o.a.m.s.f.DefaultMavenResourcesFiltering - Copying 0 resource from src\test\resources to target\test-classes
2025-07-28 13:05:14,779 [Worker-8: Building] INFO  o.a.m.s.f.DefaultMavenResourcesFiltering - Copying 0 resource from src\main\resources to target\classes
2025-07-28 13:05:14,782 [Worker-8: Building] INFO  o.a.m.s.f.DefaultMavenResourcesFiltering - Copying 0 resource from src\test\resources to target\test-classes
2025-07-28 13:05:26,367 [Worker-21: Building] INFO  o.a.m.s.f.DefaultMavenResourcesFiltering - Copying 0 resource from src\main\resources to target\classes
2025-07-28 13:05:26,370 [Worker-21: Building] INFO  o.a.m.s.f.DefaultMavenResourcesFiltering - Copying 0 resource from src\test\resources to target\test-classes
2025-07-28 13:05:30,719 [Worker-20: Building] INFO  o.a.m.s.f.DefaultMavenResourcesFiltering - Copying 0 resource from src\main\resources to target\classes
2025-07-28 13:05:30,722 [Worker-20: Building] INFO  o.a.m.s.f.DefaultMavenResourcesFiltering - Copying 0 resource from src\test\resources to target\test-classes
2025-07-28 13:05:50,400 [Worker-22: Building] INFO  o.a.m.s.f.DefaultMavenResourcesFiltering - Copying 0 resource from src\main\resources to target\classes
2025-07-28 13:05:50,403 [Worker-22: Building] INFO  o.a.m.s.f.DefaultMavenResourcesFiltering - Copying 0 resource from src\test\resources to target\test-classes
2025-07-28 13:05:54,797 [Worker-17: Building] INFO  o.a.m.s.f.DefaultMavenResourcesFiltering - Copying 0 resource from src\main\resources to target\classes
2025-07-28 13:05:54,799 [Worker-17: Building] INFO  o.a.m.s.f.DefaultMavenResourcesFiltering - Copying 0 resource from src\test\resources to target\test-classes
2025-07-28 13:06:11,656 [Worker-21: Building] INFO  o.a.m.s.f.DefaultMavenResourcesFiltering - Copying 0 resource from src\main\resources to target\classes
2025-07-28 13:06:11,661 [Worker-21: Building] INFO  o.a.m.s.f.DefaultMavenResourcesFiltering - Copying 0 resource from src\test\resources to target\test-classes
2025-07-28 13:06:15,986 [Worker-8: Building] INFO  o.a.m.s.f.DefaultMavenResourcesFiltering - Copying 0 resource from src\main\resources to target\classes
2025-07-28 13:06:15,988 [Worker-8: Building] INFO  o.a.m.s.f.DefaultMavenResourcesFiltering - Copying 0 resource from src\test\resources to target\test-classes
2025-07-28 13:06:31,303 [Worker-23: Building] INFO  o.a.m.s.f.DefaultMavenResourcesFiltering - Copying 0 resource from src\main\resources to target\classes
2025-07-28 13:06:31,306 [Worker-23: Building] INFO  o.a.m.s.f.DefaultMavenResourcesFiltering - Copying 0 resource from src\test\resources to target\test-classes
2025-07-28 13:06:36,082 [Worker-20: Building] INFO  o.a.m.s.f.DefaultMavenResourcesFiltering - Copying 0 resource from src\main\resources to target\classes
2025-07-28 13:06:36,084 [Worker-20: Building] INFO  o.a.m.s.f.DefaultMavenResourcesFiltering - Copying 0 resource from src\test\resources to target\test-classes
2025-07-28 13:07:01,000 [Worker-21: Building] INFO  o.a.m.s.f.DefaultMavenResourcesFiltering - Copying 0 resource from src\main\resources to target\classes
2025-07-28 13:07:01,004 [Worker-21: Building] INFO  o.a.m.s.f.DefaultMavenResourcesFiltering - Copying 0 resource from src\test\resources to target\test-classes
2025-07-28 13:07:19,981 [Worker-22: Building] INFO  o.a.m.s.f.DefaultMavenResourcesFiltering - Copying 0 resource from src\main\resources to target\classes
2025-07-28 13:07:19,984 [Worker-22: Building] INFO  o.a.m.s.f.DefaultMavenResourcesFiltering - Copying 0 resource from src\test\resources to target\test-classes
2025-07-28 13:07:24,034 [Worker-21: Building] INFO  o.a.m.s.f.DefaultMavenResourcesFiltering - Copying 0 resource from src\main\resources to target\classes
2025-07-28 13:07:24,037 [Worker-21: Building] INFO  o.a.m.s.f.DefaultMavenResourcesFiltering - Copying 0 resource from src\test\resources to target\test-classes
2025-07-28 13:07:35,711 [Worker-8: Building] INFO  o.a.m.s.f.DefaultMavenResourcesFiltering - Copying 0 resource from src\main\resources to target\classes
2025-07-28 13:07:35,714 [Worker-8: Building] INFO  o.a.m.s.f.DefaultMavenResourcesFiltering - Copying 0 resource from src\test\resources to target\test-classes
2025-07-28 13:08:00,872 [Worker-17: Building] INFO  o.a.m.s.f.DefaultMavenResourcesFiltering - Copying 0 resource from src\main\resources to target\classes
2025-07-28 13:08:00,875 [Worker-17: Building] INFO  o.a.m.s.f.DefaultMavenResourcesFiltering - Copying 0 resource from src\test\resources to target\test-classes
2025-07-28 13:24:51,716 [Worker-29: Building] INFO  o.a.m.s.f.DefaultMavenResourcesFiltering - Copying 0 resource from src\main\resources to target\classes
2025-07-28 13:24:51,720 [Worker-29: Building] INFO  o.a.m.s.f.DefaultMavenResourcesFiltering - Copying 0 resource from src\test\resources to target\test-classes
2025-07-28 13:25:10,473 [Worker-26: Building] INFO  o.a.m.s.f.DefaultMavenResourcesFiltering - Copying 0 resource from src\main\resources to target\classes
2025-07-28 13:25:10,475 [Worker-26: Building] INFO  o.a.m.s.f.DefaultMavenResourcesFiltering - Copying 0 resource from src\test\resources to target\test-classes
2025-07-28 13:25:30,322 [Worker-29: Building] INFO  o.a.m.s.f.DefaultMavenResourcesFiltering - Copying 0 resource from src\main\resources to target\classes
2025-07-28 13:25:30,324 [Worker-29: Building] INFO  o.a.m.s.f.DefaultMavenResourcesFiltering - Copying 0 resource from src\test\resources to target\test-classes
2025-07-28 13:25:47,241 [Worker-28: Building] INFO  o.a.m.s.f.DefaultMavenResourcesFiltering - Copying 0 resource from src\main\resources to target\classes
2025-07-28 13:25:47,243 [Worker-28: Building] INFO  o.a.m.s.f.DefaultMavenResourcesFiltering - Copying 0 resource from src\test\resources to target\test-classes
2025-07-28 13:27:25,701 [Worker-28: Building] INFO  o.a.m.s.f.DefaultMavenResourcesFiltering - Copying 0 resource from src\main\resources to target\classes
2025-07-28 13:27:25,703 [Worker-28: Building] INFO  o.a.m.s.f.DefaultMavenResourcesFiltering - Copying 0 resource from src\test\resources to target\test-classes
2025-07-28 13:27:43,006 [Worker-28: Building] INFO  o.a.m.s.f.DefaultMavenResourcesFiltering - Copying 0 resource from src\main\resources to target\classes
2025-07-28 13:27:43,008 [Worker-28: Building] INFO  o.a.m.s.f.DefaultMavenResourcesFiltering - Copying 0 resource from src\test\resources to target\test-classes
2025-07-28 13:38:44,158 [Worker-8: Building] INFO  o.a.m.s.f.DefaultMavenResourcesFiltering - Copying 0 resource from src\main\resources to target\classes
2025-07-28 13:38:44,160 [Worker-8: Building] INFO  o.a.m.s.f.DefaultMavenResourcesFiltering - Copying 0 resource from src\test\resources to target\test-classes
2025-07-28 13:38:55,831 [Worker-31: Building] INFO  o.a.m.s.f.DefaultMavenResourcesFiltering - Copying 0 resource from src\main\resources to target\classes
2025-07-28 13:38:55,834 [Worker-31: Building] INFO  o.a.m.s.f.DefaultMavenResourcesFiltering - Copying 0 resource from src\test\resources to target\test-classes
2025-07-28 13:39:47,466 [Worker-29: Building] INFO  o.a.m.s.f.DefaultMavenResourcesFiltering - Copying 0 resource from src\main\resources to target\classes
2025-07-28 13:39:47,468 [Worker-29: Building] INFO  o.a.m.s.f.DefaultMavenResourcesFiltering - Copying 0 resource from src\test\resources to target\test-classes
2025-07-28 13:40:49,102 [Worker-29: Building] INFO  o.a.m.s.f.DefaultMavenResourcesFiltering - Copying 0 resource from src\main\resources to target\classes
2025-07-28 13:40:49,105 [Worker-29: Building] INFO  o.a.m.s.f.DefaultMavenResourcesFiltering - Copying 0 resource from src\test\resources to target\test-classes
2025-07-28 13:42:42,243 [Worker-30: Building] INFO  o.a.m.s.f.DefaultMavenResourcesFiltering - Copying 0 resource from src\main\resources to target\classes
2025-07-28 13:42:42,245 [Worker-30: Building] INFO  o.a.m.s.f.DefaultMavenResourcesFiltering - Copying 0 resource from src\test\resources to target\test-classes
2025-07-28 13:42:56,178 [Worker-27: Building] INFO  o.a.m.s.f.DefaultMavenResourcesFiltering - Copying 0 resource from src\main\resources to target\classes
2025-07-28 13:42:56,180 [Worker-27: Building] INFO  o.a.m.s.f.DefaultMavenResourcesFiltering - Copying 0 resource from src\test\resources to target\test-classes
2025-07-28 13:43:11,694 [Worker-30: Building] INFO  o.a.m.s.f.DefaultMavenResourcesFiltering - Copying 0 resource from src\main\resources to target\classes
2025-07-28 13:43:11,696 [Worker-30: Building] INFO  o.a.m.s.f.DefaultMavenResourcesFiltering - Copying 0 resource from src\test\resources to target\test-classes
2025-07-28 13:43:22,019 [Worker-26: Building] INFO  o.a.m.s.f.DefaultMavenResourcesFiltering - Copying 0 resource from src\main\resources to target\classes
2025-07-28 13:43:22,022 [Worker-26: Building] INFO  o.a.m.s.f.DefaultMavenResourcesFiltering - Copying 0 resource from src\test\resources to target\test-classes
2025-07-28 13:44:03,010 [Worker-31: Building] INFO  o.a.m.s.f.DefaultMavenResourcesFiltering - Copying 0 resource from src\main\resources to target\classes
2025-07-28 13:44:03,012 [Worker-31: Building] INFO  o.a.m.s.f.DefaultMavenResourcesFiltering - Copying 0 resource from src\test\resources to target\test-classes
2025-07-28 13:45:19,145 [Worker-30: Building] INFO  o.a.m.s.f.DefaultMavenResourcesFiltering - Copying 0 resource from src\main\resources to target\classes
2025-07-28 13:45:19,147 [Worker-30: Building] INFO  o.a.m.s.f.DefaultMavenResourcesFiltering - Copying 0 resource from src\test\resources to target\test-classes
2025-07-28 13:45:48,987 [Worker-31: Building] INFO  o.a.m.s.f.DefaultMavenResourcesFiltering - Copying 0 resource from src\main\resources to target\classes
2025-07-28 13:45:48,989 [Worker-31: Building] INFO  o.a.m.s.f.DefaultMavenResourcesFiltering - Copying 0 resource from src\test\resources to target\test-classes
2025-07-28 13:46:48,592 [Worker-8: Building] INFO  o.a.m.s.f.DefaultMavenResourcesFiltering - Copying 0 resource from src\main\resources to target\classes
2025-07-28 13:46:48,594 [Worker-8: Building] INFO  o.a.m.s.f.DefaultMavenResourcesFiltering - Copying 0 resource from src\test\resources to target\test-classes
2025-07-28 13:47:05,298 [Worker-8: Building] INFO  o.a.m.s.f.DefaultMavenResourcesFiltering - Copying 0 resource from src\main\resources to target\classes
2025-07-28 13:47:05,300 [Worker-8: Building] INFO  o.a.m.s.f.DefaultMavenResourcesFiltering - Copying 0 resource from src\test\resources to target\test-classes
2025-07-28 13:47:21,904 [Worker-27: Building] INFO  o.a.m.s.f.DefaultMavenResourcesFiltering - Copying 0 resource from src\main\resources to target\classes
2025-07-28 13:47:21,906 [Worker-27: Building] INFO  o.a.m.s.f.DefaultMavenResourcesFiltering - Copying 0 resource from src\test\resources to target\test-classes
2025-07-28 13:48:32,474 [Worker-29: Building] INFO  o.a.m.s.f.DefaultMavenResourcesFiltering - Copying 0 resource from src\main\resources to target\classes
2025-07-28 13:48:32,476 [Worker-29: Building] INFO  o.a.m.s.f.DefaultMavenResourcesFiltering - Copying 0 resource from src\test\resources to target\test-classes
2025-07-28 13:48:36,772 [Worker-32: Building] INFO  o.a.m.s.f.DefaultMavenResourcesFiltering - Copying 0 resource from src\main\resources to target\classes
2025-07-28 13:48:36,774 [Worker-32: Building] INFO  o.a.m.s.f.DefaultMavenResourcesFiltering - Copying 0 resource from src\test\resources to target\test-classes
2025-07-28 18:11:31,489 [Worker-3: Loading available Gradle versions] INFO  o.e.b.c.i.u.g.PublishedGradleVersions - Gradle version information cache is up-to-date. Trying to read.
2025-07-28 18:11:34,275 [Worker-4: Building] WARN  o.e.m.c.i.embedder.EclipseLogger - The artifact mysql:mysql-connector-java:jar:8.0.33 has been relocated to com.mysql:mysql-connector-j:jar:8.0.33: MySQL Connector/J artifacts moved to reverse-DNS compliant Maven 2+ coordinates.
2025-07-28 18:13:19,963 [Worker-9: Building] INFO  o.a.m.s.f.DefaultMavenResourcesFiltering - Copying 0 resource from src\main\resources to target\classes
2025-07-28 18:13:19,967 [Worker-9: Building] INFO  o.a.m.s.f.DefaultMavenResourcesFiltering - Copying 0 resource from src\test\resources to target\test-classes
2025-07-28 18:13:43,921 [Worker-3: Building] INFO  o.a.m.s.f.DefaultMavenResourcesFiltering - Copying 0 resource from src\main\resources to target\classes
2025-07-28 18:13:43,924 [Worker-3: Building] INFO  o.a.m.s.f.DefaultMavenResourcesFiltering - Copying 0 resource from src\test\resources to target\test-classes
2025-07-28 18:13:53,214 [Worker-14: Building] INFO  o.a.m.s.f.DefaultMavenResourcesFiltering - Copying 0 resource from src\main\resources to target\classes
2025-07-28 18:13:53,217 [Worker-14: Building] INFO  o.a.m.s.f.DefaultMavenResourcesFiltering - Copying 0 resource from src\test\resources to target\test-classes
2025-07-28 18:14:03,738 [Worker-15: Building] INFO  o.a.m.s.f.DefaultMavenResourcesFiltering - Copying 0 resource from src\main\resources to target\classes
2025-07-28 18:14:03,740 [Worker-15: Building] INFO  o.a.m.s.f.DefaultMavenResourcesFiltering - Copying 0 resource from src\test\resources to target\test-classes
2025-07-28 18:14:11,498 [Worker-7: Building] INFO  o.a.m.s.f.DefaultMavenResourcesFiltering - Copying 0 resource from src\main\resources to target\classes
2025-07-28 18:14:11,500 [Worker-7: Building] INFO  o.a.m.s.f.DefaultMavenResourcesFiltering - Copying 0 resource from src\test\resources to target\test-classes
2025-07-28 18:14:32,053 [Worker-12: Building] INFO  o.a.m.s.f.DefaultMavenResourcesFiltering - Copying 0 resource from src\main\resources to target\classes
2025-07-28 18:14:32,056 [Worker-12: Building] INFO  o.a.m.s.f.DefaultMavenResourcesFiltering - Copying 0 resource from src\test\resources to target\test-classes
2025-07-28 18:14:38,526 [Worker-13: Building] INFO  o.a.m.s.f.DefaultMavenResourcesFiltering - Copying 0 resource from src\main\resources to target\classes
2025-07-28 18:14:38,529 [Worker-13: Building] INFO  o.a.m.s.f.DefaultMavenResourcesFiltering - Copying 0 resource from src\test\resources to target\test-classes
2025-07-28 18:15:08,876 [Worker-0: Building] INFO  o.a.m.s.f.DefaultMavenResourcesFiltering - Copying 0 resource from src\main\resources to target\classes
2025-07-28 18:15:08,879 [Worker-0: Building] INFO  o.a.m.s.f.DefaultMavenResourcesFiltering - Copying 0 resource from src\test\resources to target\test-classes
2025-07-28 18:15:12,286 [Worker-11: Building] INFO  o.a.m.s.f.DefaultMavenResourcesFiltering - Copying 0 resource from src\main\resources to target\classes
2025-07-28 18:15:12,288 [Worker-11: Building] INFO  o.a.m.s.f.DefaultMavenResourcesFiltering - Copying 0 resource from src\test\resources to target\test-classes
2025-07-28 18:15:24,865 [Worker-11: Building] INFO  o.a.m.s.f.DefaultMavenResourcesFiltering - Copying 0 resource from src\main\resources to target\classes
2025-07-28 18:15:24,869 [Worker-11: Building] INFO  o.a.m.s.f.DefaultMavenResourcesFiltering - Copying 0 resource from src\test\resources to target\test-classes
2025-07-28 18:15:29,145 [Worker-0: Building] INFO  o.a.m.s.f.DefaultMavenResourcesFiltering - Copying 0 resource from src\main\resources to target\classes
2025-07-28 18:15:29,149 [Worker-0: Building] INFO  o.a.m.s.f.DefaultMavenResourcesFiltering - Copying 0 resource from src\test\resources to target\test-classes
2025-07-28 18:15:51,107 [Worker-1: Building] INFO  o.a.m.s.f.DefaultMavenResourcesFiltering - Copying 0 resource from src\main\resources to target\classes
2025-07-28 18:15:51,110 [Worker-1: Building] INFO  o.a.m.s.f.DefaultMavenResourcesFiltering - Copying 0 resource from src\test\resources to target\test-classes
2025-07-28 18:16:01,984 [Worker-10: Building] INFO  o.a.m.s.f.DefaultMavenResourcesFiltering - Copying 0 resource from src\main\resources to target\classes
2025-07-28 18:16:01,987 [Worker-10: Building] INFO  o.a.m.s.f.DefaultMavenResourcesFiltering - Copying 0 resource from src\test\resources to target\test-classes
2025-07-28 18:18:41,664 [Worker-0: Building] INFO  o.a.m.s.f.DefaultMavenResourcesFiltering - Copying 0 resource from src\main\resources to target\classes
2025-07-28 18:18:41,666 [Worker-0: Building] INFO  o.a.m.s.f.DefaultMavenResourcesFiltering - Copying 0 resource from src\test\resources to target\test-classes
2025-07-28 18:19:46,168 [Worker-0: Building] INFO  o.a.m.s.f.DefaultMavenResourcesFiltering - Copying 0 resource from src\main\resources to target\classes
2025-07-28 18:19:46,170 [Worker-0: Building] INFO  o.a.m.s.f.DefaultMavenResourcesFiltering - Copying 0 resource from src\test\resources to target\test-classes
2025-07-28 18:22:10,779 [Worker-0: Building] INFO  o.a.m.s.f.DefaultMavenResourcesFiltering - Copying 0 resource from src\main\resources to target\classes
2025-07-28 18:22:10,781 [Worker-0: Building] INFO  o.a.m.s.f.DefaultMavenResourcesFiltering - Copying 0 resource from src\test\resources to target\test-classes
2025-07-28 18:24:32,112 [Worker-17: Building] INFO  o.a.m.s.f.DefaultMavenResourcesFiltering - Copying 0 resource from src\main\resources to target\classes
2025-07-28 18:24:32,115 [Worker-17: Building] INFO  o.a.m.s.f.DefaultMavenResourcesFiltering - Copying 0 resource from src\test\resources to target\test-classes
2025-07-28 18:25:12,165 [Worker-1: Building] INFO  o.a.m.s.f.DefaultMavenResourcesFiltering - Copying 0 resource from src\main\resources to target\classes
2025-07-28 18:25:12,168 [Worker-1: Building] INFO  o.a.m.s.f.DefaultMavenResourcesFiltering - Copying 0 resource from src\test\resources to target\test-classes
2025-07-28 18:25:20,573 [Worker-16: Building] INFO  o.a.m.s.f.DefaultMavenResourcesFiltering - Copying 0 resource from src\main\resources to target\classes
2025-07-28 18:25:20,575 [Worker-16: Building] INFO  o.a.m.s.f.DefaultMavenResourcesFiltering - Copying 0 resource from src\test\resources to target\test-classes
2025-07-28 18:26:13,532 [Worker-17: Building] INFO  o.a.m.s.f.DefaultMavenResourcesFiltering - Copying 0 resource from src\main\resources to target\classes
2025-07-28 18:26:13,536 [Worker-17: Building] INFO  o.a.m.s.f.DefaultMavenResourcesFiltering - Copying 0 resource from src\test\resources to target\test-classes
2025-07-28 18:27:49,524 [Worker-16: Building] INFO  o.a.m.s.f.DefaultMavenResourcesFiltering - Copying 0 resource from src\main\resources to target\classes
2025-07-28 18:27:49,526 [Worker-16: Building] INFO  o.a.m.s.f.DefaultMavenResourcesFiltering - Copying 0 resource from src\test\resources to target\test-classes
2025-07-28 18:41:27,336 [Worker-0: Loading available Gradle versions] INFO  o.e.b.c.i.u.g.PublishedGradleVersions - Gradle version information cache is up-to-date. Trying to read.
2025-07-28 18:41:29,941 [Worker-3: Building] WARN  o.e.m.c.i.embedder.EclipseLogger - The artifact mysql:mysql-connector-java:jar:8.0.33 has been relocated to com.mysql:mysql-connector-j:jar:8.0.33: MySQL Connector/J artifacts moved to reverse-DNS compliant Maven 2+ coordinates.
2025-07-28 18:45:34,711 [Worker-8: Building] INFO  o.a.m.s.f.DefaultMavenResourcesFiltering - Copying 0 resource from src\main\resources to target\classes
2025-07-28 18:45:34,715 [Worker-8: Building] INFO  o.a.m.s.f.DefaultMavenResourcesFiltering - Copying 0 resource from src\test\resources to target\test-classes
2025-07-28 18:45:39,838 [Worker-8: Building] INFO  o.a.m.s.f.DefaultMavenResourcesFiltering - Copying 0 resource from src\main\resources to target\classes
2025-07-28 18:45:39,842 [Worker-8: Building] INFO  o.a.m.s.f.DefaultMavenResourcesFiltering - Copying 0 resource from src\test\resources to target\test-classes
2025-07-28 18:46:48,624 [Worker-19: Building] INFO  o.a.m.s.f.DefaultMavenResourcesFiltering - Copying 0 resource from src\main\resources to target\classes
2025-07-28 18:46:48,627 [Worker-19: Building] INFO  o.a.m.s.f.DefaultMavenResourcesFiltering - Copying 0 resource from src\test\resources to target\test-classes
2025-07-28 18:46:54,951 [Worker-19: Building] INFO  o.a.m.s.f.DefaultMavenResourcesFiltering - Copying 0 resource from src\main\resources to target\classes
2025-07-28 18:46:54,954 [Worker-19: Building] INFO  o.a.m.s.f.DefaultMavenResourcesFiltering - Copying 0 resource from src\test\resources to target\test-classes
2025-07-28 18:51:22,461 [Worker-21: Building] INFO  o.a.m.s.f.DefaultMavenResourcesFiltering - Copying 0 resource from src\main\resources to target\classes
2025-07-28 18:51:22,464 [Worker-21: Building] INFO  o.a.m.s.f.DefaultMavenResourcesFiltering - Copying 0 resource from src\test\resources to target\test-classes
2025-07-28 18:53:36,377 [Worker-20: Building] INFO  o.a.m.s.f.DefaultMavenResourcesFiltering - Copying 0 resource from src\main\resources to target\classes
2025-07-28 18:53:36,381 [Worker-20: Building] INFO  o.a.m.s.f.DefaultMavenResourcesFiltering - Copying 0 resource from src\test\resources to target\test-classes
2025-07-28 19:02:05,436 [Worker-21: Building] INFO  o.a.m.s.f.DefaultMavenResourcesFiltering - Copying 0 resource from src\main\resources to target\classes
2025-07-28 19:02:05,439 [Worker-21: Building] INFO  o.a.m.s.f.DefaultMavenResourcesFiltering - Copying 0 resource from src\test\resources to target\test-classes
2025-07-28 19:02:09,235 [Worker-22: Building] INFO  o.a.m.s.f.DefaultMavenResourcesFiltering - Copying 0 resource from src\main\resources to target\classes
2025-07-28 19:02:09,237 [Worker-22: Building] INFO  o.a.m.s.f.DefaultMavenResourcesFiltering - Copying 0 resource from src\test\resources to target\test-classes
2025-07-28 19:02:20,316 [Worker-18: Building] INFO  o.a.m.s.f.DefaultMavenResourcesFiltering - Copying 0 resource from src\main\resources to target\classes
2025-07-28 19:02:20,318 [Worker-18: Building] INFO  o.a.m.s.f.DefaultMavenResourcesFiltering - Copying 0 resource from src\test\resources to target\test-classes
2025-07-28 19:02:39,793 [Worker-8: Building] INFO  o.a.m.s.f.DefaultMavenResourcesFiltering - Copying 0 resource from src\main\resources to target\classes
2025-07-28 19:02:39,797 [Worker-8: Building] INFO  o.a.m.s.f.DefaultMavenResourcesFiltering - Copying 0 resource from src\test\resources to target\test-classes
2025-07-28 19:02:57,980 [Worker-18: Building] INFO  o.a.m.s.f.DefaultMavenResourcesFiltering - Copying 0 resource from src\main\resources to target\classes
2025-07-28 19:02:57,982 [Worker-18: Building] INFO  o.a.m.s.f.DefaultMavenResourcesFiltering - Copying 0 resource from src\test\resources to target\test-classes
2025-07-28 19:13:00,249 [Worker-24: Building] INFO  o.a.m.s.f.DefaultMavenResourcesFiltering - Copying 0 resource from src\main\resources to target\classes
2025-07-28 19:13:00,251 [Worker-24: Building] INFO  o.a.m.s.f.DefaultMavenResourcesFiltering - Copying 0 resource from src\test\resources to target\test-classes
2025-07-28 19:17:06,945 [Worker-18: Building] INFO  o.a.m.s.f.DefaultMavenResourcesFiltering - Copying 0 resource from src\main\resources to target\classes
2025-07-28 19:17:06,947 [Worker-18: Building] INFO  o.a.m.s.f.DefaultMavenResourcesFiltering - Copying 0 resource from src\test\resources to target\test-classes
2025-07-28 19:18:20,483 [Worker-22: Building] INFO  o.a.m.s.f.DefaultMavenResourcesFiltering - Copying 0 resource from src\main\resources to target\classes
2025-07-28 19:18:20,485 [Worker-22: Building] INFO  o.a.m.s.f.DefaultMavenResourcesFiltering - Copying 0 resource from src\test\resources to target\test-classes
2025-07-28 19:19:44,107 [Worker-21: Building] INFO  o.a.m.s.f.DefaultMavenResourcesFiltering - Copying 0 resource from src\main\resources to target\classes
2025-07-28 19:19:44,109 [Worker-21: Building] INFO  o.a.m.s.f.DefaultMavenResourcesFiltering - Copying 0 resource from src\test\resources to target\test-classes
2025-07-28 19:20:05,521 [Worker-20: Building] INFO  o.a.m.s.f.DefaultMavenResourcesFiltering - Copying 0 resource from src\main\resources to target\classes
2025-07-28 19:20:05,524 [Worker-20: Building] INFO  o.a.m.s.f.DefaultMavenResourcesFiltering - Copying 0 resource from src\test\resources to target\test-classes
2025-07-28 19:35:11,476 [Worker-22: Building] INFO  o.a.m.s.f.DefaultMavenResourcesFiltering - Copying 0 resource from src\main\resources to target\classes
2025-07-28 19:35:11,479 [Worker-22: Building] INFO  o.a.m.s.f.DefaultMavenResourcesFiltering - Copying 0 resource from src\test\resources to target\test-classes
2025-07-28 19:35:33,198 [Worker-18: Building] INFO  o.a.m.s.f.DefaultMavenResourcesFiltering - Copying 0 resource from src\main\resources to target\classes
2025-07-28 19:35:33,202 [Worker-18: Building] INFO  o.a.m.s.f.DefaultMavenResourcesFiltering - Copying 0 resource from src\test\resources to target\test-classes
2025-07-28 19:41:41,531 [Worker-20: Building] INFO  o.a.m.s.f.DefaultMavenResourcesFiltering - Copying 0 resource from src\main\resources to target\classes
2025-07-28 19:41:41,533 [Worker-20: Building] INFO  o.a.m.s.f.DefaultMavenResourcesFiltering - Copying 0 resource from src\test\resources to target\test-classes
2025-07-28 19:46:00,899 [Worker-20: Building] INFO  o.a.m.s.f.DefaultMavenResourcesFiltering - Copying 0 resource from src\main\resources to target\classes
2025-07-28 19:46:00,902 [Worker-20: Building] INFO  o.a.m.s.f.DefaultMavenResourcesFiltering - Copying 0 resource from src\test\resources to target\test-classes
2025-07-28 19:51:17,488 [Worker-8: Building] INFO  o.a.m.s.f.DefaultMavenResourcesFiltering - Copying 0 resource from src\main\resources to target\classes
2025-07-28 19:51:17,492 [Worker-8: Building] INFO  o.a.m.s.f.DefaultMavenResourcesFiltering - Copying 0 resource from src\test\resources to target\test-classes
2025-07-28 20:13:37,129 [Worker-4: Loading available Gradle versions] INFO  o.e.b.c.i.u.g.PublishedGradleVersions - Gradle version information cache is up-to-date. Trying to read.
2025-07-28 20:13:38,681 [Worker-3: Building] WARN  o.e.m.c.i.embedder.EclipseLogger - The artifact mysql:mysql-connector-java:jar:8.0.33 has been relocated to com.mysql:mysql-connector-j:jar:8.0.33: MySQL Connector/J artifacts moved to reverse-DNS compliant Maven 2+ coordinates.
2025-07-28 20:17:34,559 [Worker-7: Building] INFO  o.a.m.s.f.DefaultMavenResourcesFiltering - Copying 0 resource from src\main\resources to target\classes
2025-07-28 20:17:34,564 [Worker-7: Building] INFO  o.a.m.s.f.DefaultMavenResourcesFiltering - Copying 0 resource from src\test\resources to target\test-classes
2025-07-28 20:18:22,476 [Worker-19: Building] INFO  o.a.m.s.f.DefaultMavenResourcesFiltering - Copying 0 resource from src\main\resources to target\classes
2025-07-28 20:18:22,479 [Worker-19: Building] INFO  o.a.m.s.f.DefaultMavenResourcesFiltering - Copying 0 resource from src\test\resources to target\test-classes
2025-07-28 20:19:01,233 [Worker-7: Building] INFO  o.a.m.s.f.DefaultMavenResourcesFiltering - Copying 0 resource from src\main\resources to target\classes
2025-07-28 20:19:01,236 [Worker-7: Building] INFO  o.a.m.s.f.DefaultMavenResourcesFiltering - Copying 0 resource from src\test\resources to target\test-classes
2025-07-28 20:20:09,849 [Worker-18: Building] INFO  o.a.m.s.f.DefaultMavenResourcesFiltering - Copying 0 resource from src\main\resources to target\classes
2025-07-28 20:20:09,851 [Worker-18: Building] INFO  o.a.m.s.f.DefaultMavenResourcesFiltering - Copying 0 resource from src\test\resources to target\test-classes
2025-07-28 20:21:52,258 [Worker-18: Building] INFO  o.a.m.s.f.DefaultMavenResourcesFiltering - Copying 0 resource from src\main\resources to target\classes
2025-07-28 20:21:52,261 [Worker-18: Building] INFO  o.a.m.s.f.DefaultMavenResourcesFiltering - Copying 0 resource from src\test\resources to target\test-classes
2025-07-28 20:22:46,277 [Worker-1: Building] INFO  o.a.m.s.f.DefaultMavenResourcesFiltering - Copying 0 resource from src\main\resources to target\classes
2025-07-28 20:22:46,279 [Worker-1: Building] INFO  o.a.m.s.f.DefaultMavenResourcesFiltering - Copying 0 resource from src\test\resources to target\test-classes
2025-07-28 20:24:47,966 [Worker-21: Building] INFO  o.a.m.s.f.DefaultMavenResourcesFiltering - Copying 0 resource from src\main\resources to target\classes
2025-07-28 20:24:47,969 [Worker-21: Building] INFO  o.a.m.s.f.DefaultMavenResourcesFiltering - Copying 0 resource from src\test\resources to target\test-classes
2025-07-28 20:27:49,444 [Worker-22: Building] INFO  o.a.m.s.f.DefaultMavenResourcesFiltering - Copying 0 resource from src\main\resources to target\classes
2025-07-28 20:27:49,447 [Worker-22: Building] INFO  o.a.m.s.f.DefaultMavenResourcesFiltering - Copying 0 resource from src\test\resources to target\test-classes
2025-07-28 21:02:44,159 [Worker-31: Building] INFO  o.a.m.s.f.DefaultMavenResourcesFiltering - Copying 0 resource from src\main\resources to target\classes
2025-07-28 21:02:44,163 [Worker-31: Building] INFO  o.a.m.s.f.DefaultMavenResourcesFiltering - Copying 0 resource from src\test\resources to target\test-classes
2025-07-28 21:02:49,138 [Worker-31: Building] INFO  o.a.m.s.f.DefaultMavenResourcesFiltering - Copying 0 resource from src\main\resources to target\classes
2025-07-28 21:02:49,140 [Worker-31: Building] INFO  o.a.m.s.f.DefaultMavenResourcesFiltering - Copying 0 resource from src\test\resources to target\test-classes
2025-07-28 21:03:05,271 [Worker-30: Building] INFO  o.a.m.s.f.DefaultMavenResourcesFiltering - Copying 0 resource from src\main\resources to target\classes
2025-07-28 21:03:05,273 [Worker-30: Building] INFO  o.a.m.s.f.DefaultMavenResourcesFiltering - Copying 0 resource from src\test\resources to target\test-classes
2025-07-28 21:03:15,361 [Worker-33: Building] INFO  o.a.m.s.f.DefaultMavenResourcesFiltering - Copying 0 resource from src\main\resources to target\classes
2025-07-28 21:03:15,362 [Worker-33: Building] INFO  o.a.m.s.f.DefaultMavenResourcesFiltering - Copying 0 resource from src\test\resources to target\test-classes
2025-07-28 21:03:27,441 [Worker-23: Building] INFO  o.a.m.s.f.DefaultMavenResourcesFiltering - Copying 0 resource from src\main\resources to target\classes
2025-07-28 21:03:27,443 [Worker-23: Building] INFO  o.a.m.s.f.DefaultMavenResourcesFiltering - Copying 0 resource from src\test\resources to target\test-classes
2025-07-28 21:11:56,320 [Worker-23: Building] INFO  o.a.m.s.f.DefaultMavenResourcesFiltering - Copying 0 resource from src\main\resources to target\classes
2025-07-28 21:11:56,322 [Worker-23: Building] INFO  o.a.m.s.f.DefaultMavenResourcesFiltering - Copying 0 resource from src\test\resources to target\test-classes
2025-07-28 21:12:43,241 [Worker-33: Building] INFO  o.a.m.s.f.DefaultMavenResourcesFiltering - Copying 0 resource from src\main\resources to target\classes
2025-07-28 21:12:43,243 [Worker-33: Building] INFO  o.a.m.s.f.DefaultMavenResourcesFiltering - Copying 0 resource from src\test\resources to target\test-classes
2025-07-28 21:33:20,159 [Worker-32: Building] INFO  o.a.m.s.f.DefaultMavenResourcesFiltering - Copying 0 resource from src\main\resources to target\classes
2025-07-28 21:33:20,162 [Worker-32: Building] INFO  o.a.m.s.f.DefaultMavenResourcesFiltering - Copying 0 resource from src\test\resources to target\test-classes
2025-07-28 21:34:04,054 [Worker-23: Building] INFO  o.a.m.s.f.DefaultMavenResourcesFiltering - Copying 0 resource from src\main\resources to target\classes
2025-07-28 21:34:04,057 [Worker-23: Building] INFO  o.a.m.s.f.DefaultMavenResourcesFiltering - Copying 0 resource from src\test\resources to target\test-classes
2025-07-28 21:37:52,644 [Worker-34: Building] INFO  o.a.m.s.f.DefaultMavenResourcesFiltering - Copying 0 resource from src\main\resources to target\classes
2025-07-28 21:37:52,646 [Worker-34: Building] INFO  o.a.m.s.f.DefaultMavenResourcesFiltering - Copying 0 resource from src\test\resources to target\test-classes
2025-07-28 21:38:08,650 [Worker-34: Building] INFO  o.a.m.s.f.DefaultMavenResourcesFiltering - Copying 0 resource from src\main\resources to target\classes
2025-07-28 21:38:08,652 [Worker-34: Building] INFO  o.a.m.s.f.DefaultMavenResourcesFiltering - Copying 0 resource from src\test\resources to target\test-classes
2025-07-28 21:38:30,713 [Worker-23: Building] INFO  o.a.m.s.f.DefaultMavenResourcesFiltering - Copying 0 resource from src\main\resources to target\classes
2025-07-28 21:38:30,717 [Worker-23: Building] INFO  o.a.m.s.f.DefaultMavenResourcesFiltering - Copying 0 resource from src\test\resources to target\test-classes
2025-07-28 21:38:52,091 [Worker-34: Building] INFO  o.a.m.s.f.DefaultMavenResourcesFiltering - Copying 0 resource from src\main\resources to target\classes
2025-07-28 21:38:52,093 [Worker-34: Building] INFO  o.a.m.s.f.DefaultMavenResourcesFiltering - Copying 0 resource from src\test\resources to target\test-classes
2025-07-28 21:39:25,808 [Worker-35: Building] INFO  o.a.m.s.f.DefaultMavenResourcesFiltering - Copying 0 resource from src\main\resources to target\classes
2025-07-28 21:39:25,810 [Worker-35: Building] INFO  o.a.m.s.f.DefaultMavenResourcesFiltering - Copying 0 resource from src\test\resources to target\test-classes
2025-07-28 21:39:45,933 [Worker-33: Building] INFO  o.a.m.s.f.DefaultMavenResourcesFiltering - Copying 0 resource from src\main\resources to target\classes
2025-07-28 21:39:45,935 [Worker-33: Building] INFO  o.a.m.s.f.DefaultMavenResourcesFiltering - Copying 0 resource from src\test\resources to target\test-classes
2025-07-28 21:40:00,732 [Worker-34: Building] INFO  o.a.m.s.f.DefaultMavenResourcesFiltering - Copying 0 resource from src\main\resources to target\classes
2025-07-28 21:40:00,734 [Worker-34: Building] INFO  o.a.m.s.f.DefaultMavenResourcesFiltering - Copying 0 resource from src\test\resources to target\test-classes
2025-07-28 21:41:41,760 [Worker-33: Building] INFO  o.a.m.s.f.DefaultMavenResourcesFiltering - Copying 0 resource from src\main\resources to target\classes
2025-07-28 21:41:41,762 [Worker-33: Building] INFO  o.a.m.s.f.DefaultMavenResourcesFiltering - Copying 0 resource from src\test\resources to target\test-classes
2025-07-28 21:41:57,858 [Worker-32: Building] INFO  o.a.m.s.f.DefaultMavenResourcesFiltering - Copying 0 resource from src\main\resources to target\classes
2025-07-28 21:41:57,859 [Worker-32: Building] INFO  o.a.m.s.f.DefaultMavenResourcesFiltering - Copying 0 resource from src\test\resources to target\test-classes
2025-07-28 21:43:26,718 [Worker-32: Building] INFO  o.a.m.s.f.DefaultMavenResourcesFiltering - Copying 0 resource from src\main\resources to target\classes
2025-07-28 21:43:26,720 [Worker-32: Building] INFO  o.a.m.s.f.DefaultMavenResourcesFiltering - Copying 0 resource from src\test\resources to target\test-classes
2025-07-28 21:43:31,668 [Worker-38: Building] INFO  o.a.m.s.f.DefaultMavenResourcesFiltering - Copying 0 resource from src\main\resources to target\classes
2025-07-28 21:43:31,671 [Worker-38: Building] INFO  o.a.m.s.f.DefaultMavenResourcesFiltering - Copying 0 resource from src\test\resources to target\test-classes
2025-07-28 21:44:54,999 [Worker-33: Building] INFO  o.a.m.s.f.DefaultMavenResourcesFiltering - Copying 0 resource from src\main\resources to target\classes
2025-07-28 21:44:55,001 [Worker-33: Building] INFO  o.a.m.s.f.DefaultMavenResourcesFiltering - Copying 0 resource from src\test\resources to target\test-classes
2025-07-28 21:51:58,508 [Worker-3: Loading available Gradle versions] INFO  o.e.b.c.i.u.g.PublishedGradleVersions - Gradle version information cache is out-of-date. Trying to update.
2025-07-28 21:52:00,410 [Worker-3: Building] WARN  o.e.m.c.i.embedder.EclipseLogger - The artifact mysql:mysql-connector-java:jar:8.0.33 has been relocated to com.mysql:mysql-connector-j:jar:8.0.33: MySQL Connector/J artifacts moved to reverse-DNS compliant Maven 2+ coordinates.
2025-07-28 21:54:36,973 [Worker-19: Building] INFO  o.a.m.s.f.DefaultMavenResourcesFiltering - Copying 0 resource from src\main\resources to target\classes
2025-07-28 21:54:36,979 [Worker-19: Building] INFO  o.a.m.s.f.DefaultMavenResourcesFiltering - Copying 0 resource from src\test\resources to target\test-classes
2025-07-28 21:54:40,491 [Worker-18: Building] INFO  o.a.m.s.f.DefaultMavenResourcesFiltering - Copying 0 resource from src\main\resources to target\classes
2025-07-28 21:54:40,494 [Worker-18: Building] INFO  o.a.m.s.f.DefaultMavenResourcesFiltering - Copying 0 resource from src\test\resources to target\test-classes
2025-07-28 21:54:55,821 [Worker-19: Building] INFO  o.a.m.s.f.DefaultMavenResourcesFiltering - Copying 0 resource from src\main\resources to target\classes
2025-07-28 21:54:55,826 [Worker-19: Building] INFO  o.a.m.s.f.DefaultMavenResourcesFiltering - Copying 0 resource from src\test\resources to target\test-classes
2025-07-28 21:54:59,893 [Worker-5: Building] INFO  o.a.m.s.f.DefaultMavenResourcesFiltering - Copying 0 resource from src\main\resources to target\classes
2025-07-28 21:54:59,896 [Worker-5: Building] INFO  o.a.m.s.f.DefaultMavenResourcesFiltering - Copying 0 resource from src\test\resources to target\test-classes
2025-07-28 21:55:15,051 [Worker-19: Building] INFO  o.a.m.s.f.DefaultMavenResourcesFiltering - Copying 0 resource from src\main\resources to target\classes
2025-07-28 21:55:15,055 [Worker-19: Building] INFO  o.a.m.s.f.DefaultMavenResourcesFiltering - Copying 0 resource from src\test\resources to target\test-classes
2025-07-28 21:55:19,281 [Worker-21: Building] INFO  o.a.m.s.f.DefaultMavenResourcesFiltering - Copying 0 resource from src\main\resources to target\classes
2025-07-28 21:55:19,284 [Worker-21: Building] INFO  o.a.m.s.f.DefaultMavenResourcesFiltering - Copying 0 resource from src\test\resources to target\test-classes
2025-07-28 21:55:33,528 [Worker-21: Building] INFO  o.a.m.s.f.DefaultMavenResourcesFiltering - Copying 0 resource from src\main\resources to target\classes
2025-07-28 21:55:33,531 [Worker-21: Building] INFO  o.a.m.s.f.DefaultMavenResourcesFiltering - Copying 0 resource from src\test\resources to target\test-classes
2025-07-28 21:55:37,735 [Worker-21: Building] INFO  o.a.m.s.f.DefaultMavenResourcesFiltering - Copying 0 resource from src\main\resources to target\classes
2025-07-28 21:55:37,738 [Worker-21: Building] INFO  o.a.m.s.f.DefaultMavenResourcesFiltering - Copying 0 resource from src\test\resources to target\test-classes
2025-07-28 21:55:53,017 [Worker-19: Building] INFO  o.a.m.s.f.DefaultMavenResourcesFiltering - Copying 0 resource from src\main\resources to target\classes
2025-07-28 21:55:53,020 [Worker-19: Building] INFO  o.a.m.s.f.DefaultMavenResourcesFiltering - Copying 0 resource from src\test\resources to target\test-classes
2025-07-28 21:55:56,602 [Worker-18: Building] INFO  o.a.m.s.f.DefaultMavenResourcesFiltering - Copying 0 resource from src\main\resources to target\classes
2025-07-28 21:55:56,605 [Worker-18: Building] INFO  o.a.m.s.f.DefaultMavenResourcesFiltering - Copying 0 resource from src\test\resources to target\test-classes
2025-07-28 21:57:27,432 [Worker-20: Building] INFO  o.a.m.s.f.DefaultMavenResourcesFiltering - Copying 0 resource from src\main\resources to target\classes
2025-07-28 21:57:27,434 [Worker-20: Building] INFO  o.a.m.s.f.DefaultMavenResourcesFiltering - Copying 0 resource from src\test\resources to target\test-classes
2025-07-28 21:57:55,107 [Worker-19: Building] INFO  o.a.m.s.f.DefaultMavenResourcesFiltering - Copying 0 resource from src\main\resources to target\classes
2025-07-28 21:57:55,110 [Worker-19: Building] INFO  o.a.m.s.f.DefaultMavenResourcesFiltering - Copying 0 resource from src\test\resources to target\test-classes
2025-07-28 21:58:04,720 [Worker-18: Building] INFO  o.a.m.s.f.DefaultMavenResourcesFiltering - Copying 0 resource from src\main\resources to target\classes
2025-07-28 21:58:04,722 [Worker-18: Building] INFO  o.a.m.s.f.DefaultMavenResourcesFiltering - Copying 0 resource from src\test\resources to target\test-classes
2025-07-28 21:59:38,760 [Worker-18: Building] INFO  o.a.m.s.f.DefaultMavenResourcesFiltering - Copying 0 resource from src\main\resources to target\classes
2025-07-28 21:59:38,763 [Worker-18: Building] INFO  o.a.m.s.f.DefaultMavenResourcesFiltering - Copying 0 resource from src\test\resources to target\test-classes
2025-07-28 21:59:43,225 [Worker-5: Building] INFO  o.a.m.s.f.DefaultMavenResourcesFiltering - Copying 0 resource from src\main\resources to target\classes
2025-07-28 21:59:43,227 [Worker-5: Building] INFO  o.a.m.s.f.DefaultMavenResourcesFiltering - Copying 0 resource from src\test\resources to target\test-classes
2025-07-28 21:59:59,693 [Worker-20: Building] INFO  o.a.m.s.f.DefaultMavenResourcesFiltering - Copying 0 resource from src\main\resources to target\classes
2025-07-28 21:59:59,695 [Worker-20: Building] INFO  o.a.m.s.f.DefaultMavenResourcesFiltering - Copying 0 resource from src\test\resources to target\test-classes
2025-07-28 22:00:03,040 [Worker-20: Building] INFO  o.a.m.s.f.DefaultMavenResourcesFiltering - Copying 0 resource from src\main\resources to target\classes
2025-07-28 22:00:03,043 [Worker-20: Building] INFO  o.a.m.s.f.DefaultMavenResourcesFiltering - Copying 0 resource from src\test\resources to target\test-classes
2025-07-28 22:00:25,300 [Worker-21: Building] INFO  o.a.m.s.f.DefaultMavenResourcesFiltering - Copying 0 resource from src\main\resources to target\classes
2025-07-28 22:00:25,303 [Worker-21: Building] INFO  o.a.m.s.f.DefaultMavenResourcesFiltering - Copying 0 resource from src\test\resources to target\test-classes
2025-07-28 22:00:29,588 [Worker-5: Building] INFO  o.a.m.s.f.DefaultMavenResourcesFiltering - Copying 0 resource from src\main\resources to target\classes
2025-07-28 22:00:29,590 [Worker-5: Building] INFO  o.a.m.s.f.DefaultMavenResourcesFiltering - Copying 0 resource from src\test\resources to target\test-classes
2025-07-28 22:00:41,686 [Worker-6: Building] INFO  o.a.m.s.f.DefaultMavenResourcesFiltering - Copying 0 resource from src\main\resources to target\classes
2025-07-28 22:00:41,689 [Worker-6: Building] INFO  o.a.m.s.f.DefaultMavenResourcesFiltering - Copying 0 resource from src\test\resources to target\test-classes
2025-07-28 22:00:45,973 [Worker-18: Building] INFO  o.a.m.s.f.DefaultMavenResourcesFiltering - Copying 0 resource from src\main\resources to target\classes
2025-07-28 22:00:45,976 [Worker-18: Building] INFO  o.a.m.s.f.DefaultMavenResourcesFiltering - Copying 0 resource from src\test\resources to target\test-classes
2025-07-28 22:01:37,375 [Worker-18: Building] INFO  o.a.m.s.f.DefaultMavenResourcesFiltering - Copying 0 resource from src\main\resources to target\classes
2025-07-28 22:01:37,378 [Worker-18: Building] INFO  o.a.m.s.f.DefaultMavenResourcesFiltering - Copying 0 resource from src\test\resources to target\test-classes
2025-07-28 22:01:52,613 [Worker-5: Building] INFO  o.a.m.s.f.DefaultMavenResourcesFiltering - Copying 0 resource from src\main\resources to target\classes
2025-07-28 22:01:52,616 [Worker-5: Building] INFO  o.a.m.s.f.DefaultMavenResourcesFiltering - Copying 0 resource from src\test\resources to target\test-classes
2025-07-28 22:02:20,943 [Worker-18: Building] INFO  o.e.m.c.i.l.LifecycleMappingFactory - Using org.maven.ide.eclipse.wtp.WarLifecycleMapping lifecycle mapping for MavenProject: com.pahanaedu.bookshop:pahanaedu-online:0.0.1-SNAPSHOT @ F:\eclipse\pahanabookshop\pahanaedu-online\pom.xml.
2025-07-28 22:02:21,755 [Worker-18: Building] INFO  o.e.m.c.i.e.AbstractTransferListenerAdapter - Downloading https://repo.maven.apache.org/maven2/com/itextpdf/itextpdf/5.5.13.3/itextpdf-5.5.13.3.pom
2025-07-28 22:02:21,768 [Worker-18: Building] INFO  o.e.m.c.i.e.AbstractTransferListenerAdapter - Downloaded https://repo.maven.apache.org/maven2/com/itextpdf/itextpdf/5.5.13.3/itextpdf-5.5.13.3.pom
2025-07-28 22:02:21,933 [Worker-18: Building] INFO  o.e.m.c.i.e.AbstractTransferListenerAdapter - Downloading https://repo.maven.apache.org/maven2/com/itextpdf/itext-parent/1.0.0/itext-parent-1.0.0.pom
2025-07-28 22:02:21,946 [Worker-18: Building] INFO  o.e.m.c.i.e.AbstractTransferListenerAdapter - Downloaded https://repo.maven.apache.org/maven2/com/itextpdf/itext-parent/1.0.0/itext-parent-1.0.0.pom
2025-07-28 22:02:21,954 [Worker-18: Building] WARN  o.e.m.c.i.embedder.EclipseLogger - The artifact mysql:mysql-connector-java:jar:8.0.33 has been relocated to com.mysql:mysql-connector-j:jar:8.0.33: MySQL Connector/J artifacts moved to reverse-DNS compliant Maven 2+ coordinates.
2025-07-28 22:02:22,144 [Worker-18: Building] INFO  o.e.m.c.i.e.AbstractTransferListenerAdapter - Downloading https://repo.maven.apache.org/maven2/com/itextpdf/itextpdf/5.5.13.3/itextpdf-5.5.13.3.jar
2025-07-28 22:02:24,042 [Worker-18: Building] INFO  o.e.m.c.i.e.AbstractTransferListenerAdapter - Downloaded https://repo.maven.apache.org/maven2/com/itextpdf/itextpdf/5.5.13.3/itextpdf-5.5.13.3.jar
2025-07-28 22:02:24,084 [Worker-18: Building] WARN  o.e.m.c.i.embedder.EclipseLogger - The artifact mysql:mysql-connector-java:jar:8.0.33 has been relocated to com.mysql:mysql-connector-j:jar:8.0.33: MySQL Connector/J artifacts moved to reverse-DNS compliant Maven 2+ coordinates.
2025-07-28 22:02:24,568 [Worker-18: Building] INFO  o.a.m.s.f.DefaultMavenResourcesFiltering - Copying 0 resource from src\main\resources to target\classes
2025-07-28 22:02:24,571 [Worker-18: Building] INFO  o.a.m.s.f.DefaultMavenResourcesFiltering - Copying 0 resource from src\test\resources to target\test-classes
2025-07-28 22:02:24,571 [Worker-18: Building] INFO  o.e.m.w.i.f.ResourceFilteringBuildParticipant - Changed resources require a complete clean of filtered resources of pahanaedu-online
2025-07-28 22:02:24,572 [Worker-18: Building] INFO  o.e.m.w.i.f.ResourceFilteringBuildParticipant - Executing resource filtering for pahanaedu-online
2025-07-28 22:02:26,049 [Worker-5: Download sources and javadoc] INFO  o.e.m.c.i.e.AbstractTransferListenerAdapter - Downloading https://repo.maven.apache.org/maven2/com/itextpdf/itextpdf/5.5.13.3/itextpdf-5.5.13.3-sources.jar
2025-07-28 22:02:27,788 [Worker-5: Download sources and javadoc] INFO  o.e.m.c.i.e.AbstractTransferListenerAdapter - Downloaded https://repo.maven.apache.org/maven2/com/itextpdf/itextpdf/5.5.13.3/itextpdf-5.5.13.3-sources.jar
2025-07-28 22:02:27,791 [Worker-5: Download sources and javadoc] INFO  o.e.m.j.internal.DownloadSourcesJob - Downloaded sources for com.itextpdf:itextpdf:5.5.13.3
2025-07-28 22:02:33,759 [Worker-22: Building] INFO  o.e.m.c.i.l.LifecycleMappingFactory - Using org.maven.ide.eclipse.wtp.WarLifecycleMapping lifecycle mapping for MavenProject: com.pahanaedu.bookshop:pahanaedu-online:0.0.1-SNAPSHOT @ F:\eclipse\pahanabookshop\pahanaedu-online\pom.xml.
2025-07-28 22:02:34,327 [Worker-22: Building] INFO  o.e.m.c.i.e.AbstractTransferListenerAdapter - Downloading https://repo.maven.apache.org/maven2/javax/mail/javax.mail-api/1.6.2/javax.mail-api-1.6.2.pom
2025-07-28 22:02:34,332 [Worker-22: Building] INFO  o.e.m.c.i.e.AbstractTransferListenerAdapter - Downloaded https://repo.maven.apache.org/maven2/javax/mail/javax.mail-api/1.6.2/javax.mail-api-1.6.2.pom
2025-07-28 22:02:34,519 [Worker-22: Building] INFO  o.e.m.c.i.e.AbstractTransferListenerAdapter - Downloading https://repo.maven.apache.org/maven2/com/sun/mail/all/1.6.2/all-1.6.2.pom
2025-07-28 22:02:34,537 [Worker-22: Building] INFO  o.e.m.c.i.e.AbstractTransferListenerAdapter - Downloaded https://repo.maven.apache.org/maven2/com/sun/mail/all/1.6.2/all-1.6.2.pom
2025-07-28 22:02:34,715 [Worker-22: Building] INFO  o.e.m.c.i.e.AbstractTransferListenerAdapter - Downloading https://repo.maven.apache.org/maven2/com/sun/mail/javax.mail/1.6.2/javax.mail-1.6.2.pom
2025-07-28 22:02:34,720 [Worker-22: Building] INFO  o.e.m.c.i.e.AbstractTransferListenerAdapter - Downloaded https://repo.maven.apache.org/maven2/com/sun/mail/javax.mail/1.6.2/javax.mail-1.6.2.pom
2025-07-28 22:02:34,906 [Worker-22: Building] INFO  o.e.m.c.i.e.AbstractTransferListenerAdapter - Downloading https://repo.maven.apache.org/maven2/javax/activation/activation/1.1/activation-1.1.pom
2025-07-28 22:02:34,920 [Worker-22: Building] INFO  o.e.m.c.i.e.AbstractTransferListenerAdapter - Downloaded https://repo.maven.apache.org/maven2/javax/activation/activation/1.1/activation-1.1.pom
2025-07-28 22:02:34,932 [Worker-22: Building] WARN  o.e.m.c.i.embedder.EclipseLogger - The artifact mysql:mysql-connector-java:jar:8.0.33 has been relocated to com.mysql:mysql-connector-j:jar:8.0.33: MySQL Connector/J artifacts moved to reverse-DNS compliant Maven 2+ coordinates.
2025-07-28 22:02:35,122 [Worker-22: Building] INFO  o.e.m.c.i.e.AbstractTransferListenerAdapter - Downloading https://repo.maven.apache.org/maven2/javax/mail/javax.mail-api/1.6.2/javax.mail-api-1.6.2.jar
2025-07-28 22:02:35,524 [Worker-22: Building] INFO  o.e.m.c.i.e.AbstractTransferListenerAdapter - Downloaded https://repo.maven.apache.org/maven2/javax/mail/javax.mail-api/1.6.2/javax.mail-api-1.6.2.jar
2025-07-28 22:02:35,684 [BasicRepositoryConnector-repo.maven.apache.org-0-0] INFO  o.e.m.c.i.e.AbstractTransferListenerAdapter - Downloading https://repo.maven.apache.org/maven2/com/sun/mail/javax.mail/1.6.2/javax.mail-1.6.2.jar
2025-07-28 22:02:36,096 [BasicRepositoryConnector-repo.maven.apache.org-0-1] INFO  o.e.m.c.i.e.AbstractTransferListenerAdapter - Downloading https://repo.maven.apache.org/maven2/javax/activation/activation/1.1/activation-1.1.jar
2025-07-28 22:02:36,149 [BasicRepositoryConnector-repo.maven.apache.org-0-0] INFO  o.e.m.c.i.e.AbstractTransferListenerAdapter - Downloaded https://repo.maven.apache.org/maven2/com/sun/mail/javax.mail/1.6.2/javax.mail-1.6.2.jar
2025-07-28 22:02:36,337 [BasicRepositoryConnector-repo.maven.apache.org-0-1] INFO  o.e.m.c.i.e.AbstractTransferListenerAdapter - Downloaded https://repo.maven.apache.org/maven2/javax/activation/activation/1.1/activation-1.1.jar
2025-07-28 22:02:36,346 [Worker-22: Building] WARN  o.e.m.c.i.embedder.EclipseLogger - The artifact mysql:mysql-connector-java:jar:8.0.33 has been relocated to com.mysql:mysql-connector-j:jar:8.0.33: MySQL Connector/J artifacts moved to reverse-DNS compliant Maven 2+ coordinates.
2025-07-28 22:02:36,709 [Worker-22: Building] INFO  o.a.m.s.f.DefaultMavenResourcesFiltering - Copying 0 resource from src\main\resources to target\classes
2025-07-28 22:02:36,713 [Worker-22: Building] INFO  o.a.m.s.f.DefaultMavenResourcesFiltering - Copying 0 resource from src\test\resources to target\test-classes
2025-07-28 22:02:36,713 [Worker-22: Building] INFO  o.e.m.w.i.f.ResourceFilteringBuildParticipant - Changed resources require a complete clean of filtered resources of pahanaedu-online
2025-07-28 22:02:36,713 [Worker-22: Building] INFO  o.e.m.w.i.f.ResourceFilteringBuildParticipant - Executing resource filtering for pahanaedu-online
2025-07-28 22:02:38,167 [Worker-20: Download sources and javadoc] INFO  o.e.m.c.i.e.AbstractTransferListenerAdapter - Downloading https://repo.maven.apache.org/maven2/javax/mail/javax.mail-api/1.6.2/javax.mail-api-1.6.2-sources.jar
2025-07-28 22:02:38,722 [Worker-20: Download sources and javadoc] INFO  o.e.m.c.i.e.AbstractTransferListenerAdapter - Downloaded https://repo.maven.apache.org/maven2/javax/mail/javax.mail-api/1.6.2/javax.mail-api-1.6.2-sources.jar
2025-07-28 22:02:38,725 [Worker-20: Download sources and javadoc] INFO  o.e.m.j.internal.DownloadSourcesJob - Downloaded sources for javax.mail:javax.mail-api:1.6.2
2025-07-28 22:02:39,242 [Worker-20: Download sources and javadoc] INFO  o.e.m.c.i.e.AbstractTransferListenerAdapter - Downloading https://repo.maven.apache.org/maven2/com/sun/mail/javax.mail/1.6.2/javax.mail-1.6.2-sources.jar
2025-07-28 22:02:40,687 [Worker-20: Download sources and javadoc] INFO  o.e.m.c.i.e.AbstractTransferListenerAdapter - Downloaded https://repo.maven.apache.org/maven2/com/sun/mail/javax.mail/1.6.2/javax.mail-1.6.2-sources.jar
2025-07-28 22:02:40,694 [Worker-20: Download sources and javadoc] INFO  o.e.m.j.internal.DownloadSourcesJob - Downloaded sources for com.sun.mail:javax.mail:1.6.2
2025-07-28 22:02:41,310 [Worker-20: Download sources and javadoc] INFO  o.e.m.c.i.e.AbstractTransferListenerAdapter - Downloading https://repo.maven.apache.org/maven2/javax/activation/activation/1.1/activation-1.1-sources.jar
2025-07-28 22:02:41,507 [Worker-20: Download sources and javadoc] INFO  o.e.m.c.i.e.AbstractTransferListenerAdapter - Downloaded https://repo.maven.apache.org/maven2/javax/activation/activation/1.1/activation-1.1-sources.jar
2025-07-28 22:02:41,510 [Worker-20: Download sources and javadoc] INFO  o.e.m.j.internal.DownloadSourcesJob - Downloaded sources for javax.activation:activation:1.1
2025-07-28 22:06:45,237 [Worker-5: Building] INFO  o.a.m.s.f.DefaultMavenResourcesFiltering - Copying 0 resource from src\main\resources to target\classes
2025-07-28 22:06:45,240 [Worker-5: Building] INFO  o.a.m.s.f.DefaultMavenResourcesFiltering - Copying 0 resource from src\test\resources to target\test-classes
2025-07-28 22:08:14,854 [Worker-23: Building] INFO  o.a.m.s.f.DefaultMavenResourcesFiltering - Copying 0 resource from src\main\resources to target\classes
2025-07-28 22:08:14,856 [Worker-23: Building] INFO  o.a.m.s.f.DefaultMavenResourcesFiltering - Copying 0 resource from src\test\resources to target\test-classes
2025-07-28 22:08:23,619 [Worker-19: Building] INFO  o.a.m.s.f.DefaultMavenResourcesFiltering - Copying 0 resource from src\main\resources to target\classes
2025-07-28 22:08:23,621 [Worker-19: Building] INFO  o.a.m.s.f.DefaultMavenResourcesFiltering - Copying 0 resource from src\test\resources to target\test-classes
2025-07-28 22:08:41,776 [Worker-23: Building] INFO  o.a.m.s.f.DefaultMavenResourcesFiltering - Copying 0 resource from src\main\resources to target\classes
2025-07-28 22:08:41,779 [Worker-23: Building] INFO  o.a.m.s.f.DefaultMavenResourcesFiltering - Copying 0 resource from src\test\resources to target\test-classes
2025-07-28 22:09:05,392 [Worker-24: Building] INFO  o.a.m.s.f.DefaultMavenResourcesFiltering - Copying 0 resource from src\main\resources to target\classes
2025-07-28 22:09:05,394 [Worker-24: Building] INFO  o.a.m.s.f.DefaultMavenResourcesFiltering - Copying 0 resource from src\test\resources to target\test-classes
2025-07-28 22:09:33,471 [Worker-24: Building] INFO  o.a.m.s.f.DefaultMavenResourcesFiltering - Copying 0 resource from src\main\resources to target\classes
2025-07-28 22:09:33,473 [Worker-24: Building] INFO  o.a.m.s.f.DefaultMavenResourcesFiltering - Copying 0 resource from src\test\resources to target\test-classes
2025-07-28 22:15:08,970 [Worker-27: Building] INFO  o.a.m.s.f.DefaultMavenResourcesFiltering - Copying 0 resource from src\main\resources to target\classes
2025-07-28 22:15:08,972 [Worker-27: Building] INFO  o.a.m.s.f.DefaultMavenResourcesFiltering - Copying 0 resource from src\test\resources to target\test-classes
2025-07-28 22:19:09,678 [Worker-29: Building] INFO  o.a.m.s.f.DefaultMavenResourcesFiltering - Copying 0 resource from src\main\resources to target\classes
2025-07-28 22:19:09,681 [Worker-29: Building] INFO  o.a.m.s.f.DefaultMavenResourcesFiltering - Copying 0 resource from src\test\resources to target\test-classes
2025-07-28 22:19:22,419 [Worker-29: Building] INFO  o.a.m.s.f.DefaultMavenResourcesFiltering - Copying 0 resource from src\main\resources to target\classes
2025-07-28 22:19:22,421 [Worker-29: Building] INFO  o.a.m.s.f.DefaultMavenResourcesFiltering - Copying 0 resource from src\test\resources to target\test-classes
2025-07-28 22:23:10,131 [Worker-23: Building] INFO  o.a.m.s.f.DefaultMavenResourcesFiltering - Copying 0 resource from src\main\resources to target\classes
2025-07-28 22:23:10,133 [Worker-23: Building] INFO  o.a.m.s.f.DefaultMavenResourcesFiltering - Copying 0 resource from src\test\resources to target\test-classes
2025-07-28 22:23:51,855 [Worker-23: Building] INFO  o.a.m.s.f.DefaultMavenResourcesFiltering - Copying 0 resource from src\main\resources to target\classes
2025-07-28 22:23:51,858 [Worker-23: Building] INFO  o.a.m.s.f.DefaultMavenResourcesFiltering - Copying 0 resource from src\test\resources to target\test-classes
2025-07-28 22:27:58,178 [Worker-32: Building] INFO  o.a.m.s.f.DefaultMavenResourcesFiltering - Copying 0 resource from src\main\resources to target\classes
2025-07-28 22:27:58,181 [Worker-32: Building] INFO  o.a.m.s.f.DefaultMavenResourcesFiltering - Copying 0 resource from src\test\resources to target\test-classes
2025-07-28 22:28:40,912 [Worker-27: Building] INFO  o.a.m.s.f.DefaultMavenResourcesFiltering - Copying 0 resource from src\main\resources to target\classes
2025-07-28 22:28:40,915 [Worker-27: Building] INFO  o.a.m.s.f.DefaultMavenResourcesFiltering - Copying 0 resource from src\test\resources to target\test-classes
2025-07-28 22:29:04,505 [Worker-31: Building] INFO  o.a.m.s.f.DefaultMavenResourcesFiltering - Copying 0 resource from src\main\resources to target\classes
2025-07-28 22:29:04,507 [Worker-31: Building] INFO  o.a.m.s.f.DefaultMavenResourcesFiltering - Copying 0 resource from src\test\resources to target\test-classes
2025-07-28 22:29:28,056 [Worker-23: Building] INFO  o.a.m.s.f.DefaultMavenResourcesFiltering - Copying 0 resource from src\main\resources to target\classes
2025-07-28 22:29:28,058 [Worker-23: Building] INFO  o.a.m.s.f.DefaultMavenResourcesFiltering - Copying 0 resource from src\test\resources to target\test-classes
2025-07-28 22:37:04,305 [Worker-32: Building] INFO  o.a.m.s.f.DefaultMavenResourcesFiltering - Copying 0 resource from src\main\resources to target\classes
2025-07-28 22:37:04,309 [Worker-32: Building] INFO  o.a.m.s.f.DefaultMavenResourcesFiltering - Copying 0 resource from src\test\resources to target\test-classes
2025-07-28 22:37:32,123 [Worker-31: Building] INFO  o.a.m.s.f.DefaultMavenResourcesFiltering - Copying 0 resource from src\main\resources to target\classes
2025-07-28 22:37:32,125 [Worker-31: Building] INFO  o.a.m.s.f.DefaultMavenResourcesFiltering - Copying 0 resource from src\test\resources to target\test-classes
2025-07-28 22:37:42,901 [Worker-27: Building] INFO  o.a.m.s.f.DefaultMavenResourcesFiltering - Copying 0 resource from src\main\resources to target\classes
2025-07-28 22:37:42,903 [Worker-27: Building] INFO  o.a.m.s.f.DefaultMavenResourcesFiltering - Copying 0 resource from src\test\resources to target\test-classes
2025-07-28 22:40:35,129 [Worker-34: Building] INFO  o.a.m.s.f.DefaultMavenResourcesFiltering - Copying 0 resource from src\main\resources to target\classes
2025-07-28 22:40:35,131 [Worker-34: Building] INFO  o.a.m.s.f.DefaultMavenResourcesFiltering - Copying 0 resource from src\test\resources to target\test-classes
2025-07-28 22:40:44,764 [Worker-32: Building] INFO  o.a.m.s.f.DefaultMavenResourcesFiltering - Copying 0 resource from src\main\resources to target\classes
2025-07-28 22:40:44,766 [Worker-32: Building] INFO  o.a.m.s.f.DefaultMavenResourcesFiltering - Copying 0 resource from src\test\resources to target\test-classes
2025-07-28 22:46:28,122 [Worker-27: Building] INFO  o.a.m.s.f.DefaultMavenResourcesFiltering - Copying 0 resource from src\main\resources to target\classes
2025-07-28 22:46:28,124 [Worker-27: Building] INFO  o.a.m.s.f.DefaultMavenResourcesFiltering - Copying 0 resource from src\test\resources to target\test-classes
2025-07-28 22:46:38,251 [Worker-23: Building] INFO  o.a.m.s.f.DefaultMavenResourcesFiltering - Copying 0 resource from src\main\resources to target\classes
2025-07-28 22:46:38,253 [Worker-23: Building] INFO  o.a.m.s.f.DefaultMavenResourcesFiltering - Copying 0 resource from src\test\resources to target\test-classes
2025-07-28 22:47:13,956 [Worker-36: Building] INFO  o.a.m.s.f.DefaultMavenResourcesFiltering - Copying 0 resource from src\main\resources to target\classes
2025-07-28 22:47:13,958 [Worker-36: Building] INFO  o.a.m.s.f.DefaultMavenResourcesFiltering - Copying 0 resource from src\test\resources to target\test-classes
2025-07-28 22:48:22,654 [Worker-27: Building] INFO  o.a.m.s.f.DefaultMavenResourcesFiltering - Copying 0 resource from src\main\resources to target\classes
2025-07-28 22:48:22,656 [Worker-27: Building] INFO  o.a.m.s.f.DefaultMavenResourcesFiltering - Copying 0 resource from src\test\resources to target\test-classes
2025-07-28 22:59:29,200 [Worker-32: Building] INFO  o.a.m.s.f.DefaultMavenResourcesFiltering - Copying 0 resource from src\main\resources to target\classes
2025-07-28 22:59:29,203 [Worker-32: Building] INFO  o.a.m.s.f.DefaultMavenResourcesFiltering - Copying 0 resource from src\test\resources to target\test-classes
2025-07-28 23:00:37,589 [Worker-32: Building] INFO  o.a.m.s.f.DefaultMavenResourcesFiltering - Copying 0 resource from src\main\resources to target\classes
2025-07-28 23:00:37,591 [Worker-32: Building] INFO  o.a.m.s.f.DefaultMavenResourcesFiltering - Copying 0 resource from src\test\resources to target\test-classes
2025-07-28 23:10:55,787 [Worker-34: Building] INFO  o.a.m.s.f.DefaultMavenResourcesFiltering - Copying 0 resource from src\main\resources to target\classes
2025-07-28 23:10:55,789 [Worker-34: Building] INFO  o.a.m.s.f.DefaultMavenResourcesFiltering - Copying 0 resource from src\test\resources to target\test-classes
2025-07-28 23:11:14,768 [Worker-34: Building] INFO  o.a.m.s.f.DefaultMavenResourcesFiltering - Copying 0 resource from src\main\resources to target\classes
2025-07-28 23:11:14,769 [Worker-34: Building] INFO  o.a.m.s.f.DefaultMavenResourcesFiltering - Copying 0 resource from src\test\resources to target\test-classes
2025-07-28 23:11:27,312 [Worker-23: Building] INFO  o.a.m.s.f.DefaultMavenResourcesFiltering - Copying 0 resource from src\main\resources to target\classes
2025-07-28 23:11:27,314 [Worker-23: Building] INFO  o.a.m.s.f.DefaultMavenResourcesFiltering - Copying 0 resource from src\test\resources to target\test-classes
2025-07-28 23:12:28,888 [Worker-31: Building] INFO  o.a.m.s.f.DefaultMavenResourcesFiltering - Copying 0 resource from src\main\resources to target\classes
2025-07-28 23:12:28,890 [Worker-31: Building] INFO  o.a.m.s.f.DefaultMavenResourcesFiltering - Copying 0 resource from src\test\resources to target\test-classes
2025-07-28 23:13:32,235 [Worker-34: Building] INFO  o.a.m.s.f.DefaultMavenResourcesFiltering - Copying 0 resource from src\main\resources to target\classes
2025-07-28 23:13:32,237 [Worker-34: Building] INFO  o.a.m.s.f.DefaultMavenResourcesFiltering - Copying 0 resource from src\test\resources to target\test-classes
2025-07-28 23:14:03,731 [Worker-32: Building] INFO  o.a.m.s.f.DefaultMavenResourcesFiltering - Copying 0 resource from src\main\resources to target\classes
2025-07-28 23:14:03,733 [Worker-32: Building] INFO  o.a.m.s.f.DefaultMavenResourcesFiltering - Copying 0 resource from src\test\resources to target\test-classes
2025-07-28 23:14:10,717 [Worker-27: Building] INFO  o.a.m.s.f.DefaultMavenResourcesFiltering - Copying 0 resource from src\main\resources to target\classes
2025-07-28 23:14:10,719 [Worker-27: Building] INFO  o.a.m.s.f.DefaultMavenResourcesFiltering - Copying 0 resource from src\test\resources to target\test-classes
2025-07-29 16:38:31,004 [Worker-6: Loading available Gradle versions] INFO  o.e.b.c.i.u.g.PublishedGradleVersions - Gradle version information cache is up-to-date. Trying to read.
2025-07-29 16:38:32,561 [Worker-5: Building] WARN  o.e.m.c.i.embedder.EclipseLogger - The artifact mysql:mysql-connector-java:jar:8.0.33 has been relocated to com.mysql:mysql-connector-j:jar:8.0.33: MySQL Connector/J artifacts moved to reverse-DNS compliant Maven 2+ coordinates.
2025-07-29 17:17:59,682 [Worker-27: Building] INFO  o.a.m.s.f.DefaultMavenResourcesFiltering - Copying 0 resource from src\main\resources to target\classes
2025-07-29 17:17:59,687 [Worker-27: Building] INFO  o.a.m.s.f.DefaultMavenResourcesFiltering - Copying 0 resource from src\test\resources to target\test-classes
2025-07-29 17:18:25,699 [Worker-27: Building] INFO  o.a.m.s.f.DefaultMavenResourcesFiltering - Copying 0 resource from src\main\resources to target\classes
2025-07-29 17:18:25,702 [Worker-27: Building] INFO  o.a.m.s.f.DefaultMavenResourcesFiltering - Copying 0 resource from src\test\resources to target\test-classes
2025-07-29 17:20:19,722 [Worker-29: Building] INFO  o.a.m.s.f.DefaultMavenResourcesFiltering - Copying 0 resource from src\main\resources to target\classes
2025-07-29 17:20:19,725 [Worker-29: Building] INFO  o.a.m.s.f.DefaultMavenResourcesFiltering - Copying 0 resource from src\test\resources to target\test-classes
2025-07-29 17:20:25,600 [Worker-27: Building] INFO  o.a.m.s.f.DefaultMavenResourcesFiltering - Copying 0 resource from src\main\resources to target\classes
2025-07-29 17:20:25,603 [Worker-27: Building] INFO  o.a.m.s.f.DefaultMavenResourcesFiltering - Copying 0 resource from src\test\resources to target\test-classes
2025-07-29 17:21:07,329 [Worker-29: Building] INFO  o.a.m.s.f.DefaultMavenResourcesFiltering - Copying 0 resource from src\main\resources to target\classes
2025-07-29 17:21:07,332 [Worker-29: Building] INFO  o.a.m.s.f.DefaultMavenResourcesFiltering - Copying 0 resource from src\test\resources to target\test-classes
2025-07-29 17:21:12,635 [Worker-29: Building] INFO  o.a.m.s.f.DefaultMavenResourcesFiltering - Copying 0 resource from src\main\resources to target\classes
2025-07-29 17:21:12,638 [Worker-29: Building] INFO  o.a.m.s.f.DefaultMavenResourcesFiltering - Copying 0 resource from src\test\resources to target\test-classes
2025-07-29 17:21:45,485 [Worker-31: Building] INFO  o.a.m.s.f.DefaultMavenResourcesFiltering - Copying 0 resource from src\main\resources to target\classes
2025-07-29 17:21:45,488 [Worker-31: Building] INFO  o.a.m.s.f.DefaultMavenResourcesFiltering - Copying 0 resource from src\test\resources to target\test-classes
2025-07-29 17:22:40,314 [Worker-32: Building] INFO  o.a.m.s.f.DefaultMavenResourcesFiltering - Copying 0 resource from src\main\resources to target\classes
2025-07-29 17:22:40,317 [Worker-32: Building] INFO  o.a.m.s.f.DefaultMavenResourcesFiltering - Copying 0 resource from src\test\resources to target\test-classes
2025-07-29 17:27:35,070 [Worker-31: Building] INFO  o.a.m.s.f.DefaultMavenResourcesFiltering - Copying 0 resource from src\main\resources to target\classes
2025-07-29 17:27:35,073 [Worker-31: Building] INFO  o.a.m.s.f.DefaultMavenResourcesFiltering - Copying 0 resource from src\test\resources to target\test-classes
2025-07-29 17:27:44,369 [Worker-34: Building] INFO  o.a.m.s.f.DefaultMavenResourcesFiltering - Copying 0 resource from src\main\resources to target\classes
2025-07-29 17:27:44,372 [Worker-34: Building] INFO  o.a.m.s.f.DefaultMavenResourcesFiltering - Copying 0 resource from src\test\resources to target\test-classes
2025-07-29 17:28:09,197 [Worker-34: Building] INFO  o.a.m.s.f.DefaultMavenResourcesFiltering - Copying 0 resource from src\main\resources to target\classes
2025-07-29 17:28:09,199 [Worker-34: Building] INFO  o.a.m.s.f.DefaultMavenResourcesFiltering - Copying 0 resource from src\test\resources to target\test-classes
2025-07-29 17:28:41,922 [Worker-27: Building] INFO  o.a.m.s.f.DefaultMavenResourcesFiltering - Copying 0 resource from src\main\resources to target\classes
2025-07-29 17:28:41,926 [Worker-27: Building] INFO  o.a.m.s.f.DefaultMavenResourcesFiltering - Copying 0 resource from src\test\resources to target\test-classes
2025-07-29 17:31:10,630 [Worker-27: Building] INFO  o.a.m.s.f.DefaultMavenResourcesFiltering - Copying 0 resource from src\main\resources to target\classes
2025-07-29 17:31:10,634 [Worker-27: Building] INFO  o.a.m.s.f.DefaultMavenResourcesFiltering - Copying 0 resource from src\test\resources to target\test-classes
2025-07-30 11:53:05,715 [Worker-2: Loading available Gradle versions] INFO  o.e.b.c.i.u.g.PublishedGradleVersions - Gradle version information cache is out-of-date. Trying to update.
2025-07-30 11:53:07,579 [Worker-8: Building] WARN  o.e.m.c.i.embedder.EclipseLogger - The artifact mysql:mysql-connector-java:jar:8.0.33 has been relocated to com.mysql:mysql-connector-j:jar:8.0.33: MySQL Connector/J artifacts moved to reverse-DNS compliant Maven 2+ coordinates.
2025-07-30 12:22:28,669 [Worker-1: Loading available Gradle versions] INFO  o.e.b.c.i.u.g.PublishedGradleVersions - Gradle version information cache is up-to-date. Trying to read.
2025-07-30 12:22:30,129 [Worker-0: Building] WARN  o.e.m.c.i.embedder.EclipseLogger - The artifact mysql:mysql-connector-java:jar:8.0.33 has been relocated to com.mysql:mysql-connector-j:jar:8.0.33: MySQL Connector/J artifacts moved to reverse-DNS compliant Maven 2+ coordinates.
2025-07-30 12:22:33,336 [Worker-6: Launching pahanaedu-online] INFO  o.eclipse.m2e.core.internal.Bundles - getClasspathEntries(Bundle=org.eclipse.m2e.maven.runtime_3.9.900.20250220-2013 [639])
2025-07-30 12:22:33,338 [Worker-6: Launching pahanaedu-online] INFO  o.eclipse.m2e.core.internal.Bundles - 	Entry: C:\Users\wickr\.p2\pool\plugins\org.eclipse.m2e.maven.runtime_3.9.900.20250220-2013
2025-07-30 12:22:33,338 [Worker-6: Launching pahanaedu-online] INFO  o.eclipse.m2e.core.internal.Bundles - 	Entry: C:\Users\wickr\.p2\pool\plugins\org.eclipse.m2e.maven.runtime_3.9.900.20250220-2013\jars\aopalliance-1.0.jar
2025-07-30 12:22:33,338 [Worker-6: Launching pahanaedu-online] INFO  o.eclipse.m2e.core.internal.Bundles - 	Entry: C:\Users\wickr\.p2\pool\plugins\org.eclipse.m2e.maven.runtime_3.9.900.20250220-2013\jars\guice-5.1.0.jar
2025-07-30 12:22:33,339 [Worker-6: Launching pahanaedu-online] INFO  o.eclipse.m2e.core.internal.Bundles - 	Entry: C:\Users\wickr\.p2\pool\plugins\org.eclipse.m2e.maven.runtime_3.9.900.20250220-2013\jars\httpclient-4.5.14.jar
2025-07-30 12:22:33,339 [Worker-6: Launching pahanaedu-online] INFO  o.eclipse.m2e.core.internal.Bundles - 	Entry: C:\Users\wickr\.p2\pool\plugins\org.eclipse.m2e.maven.runtime_3.9.900.20250220-2013\jars\httpcore-4.4.16.jar
2025-07-30 12:22:33,339 [Worker-6: Launching pahanaedu-online] INFO  o.eclipse.m2e.core.internal.Bundles - 	Entry: C:\Users\wickr\.p2\pool\plugins\org.eclipse.m2e.maven.runtime_3.9.900.20250220-2013\jars\jansi-2.4.1.jar
2025-07-30 12:22:33,339 [Worker-6: Launching pahanaedu-online] INFO  o.eclipse.m2e.core.internal.Bundles - 	Entry: C:\Users\wickr\.p2\pool\plugins\org.eclipse.m2e.maven.runtime_3.9.900.20250220-2013\jars\jcl-over-slf4j-1.7.36.jar
2025-07-30 12:22:33,339 [Worker-6: Launching pahanaedu-online] INFO  o.eclipse.m2e.core.internal.Bundles - 	Entry: C:\Users\wickr\.p2\pool\plugins\org.eclipse.m2e.maven.runtime_3.9.900.20250220-2013\jars\maven-artifact-3.9.9.jar
2025-07-30 12:22:33,339 [Worker-6: Launching pahanaedu-online] INFO  o.eclipse.m2e.core.internal.Bundles - 	Entry: C:\Users\wickr\.p2\pool\plugins\org.eclipse.m2e.maven.runtime_3.9.900.20250220-2013\jars\maven-builder-support-3.9.9.jar
2025-07-30 12:22:33,340 [Worker-6: Launching pahanaedu-online] INFO  o.eclipse.m2e.core.internal.Bundles - 	Entry: C:\Users\wickr\.p2\pool\plugins\org.eclipse.m2e.maven.runtime_3.9.900.20250220-2013\jars\maven-compat-3.9.9.jar
2025-07-30 12:22:33,340 [Worker-6: Launching pahanaedu-online] INFO  o.eclipse.m2e.core.internal.Bundles - 	Entry: C:\Users\wickr\.p2\pool\plugins\org.eclipse.m2e.maven.runtime_3.9.900.20250220-2013\jars\maven-core-3.9.9.jar
2025-07-30 12:22:33,340 [Worker-6: Launching pahanaedu-online] INFO  o.eclipse.m2e.core.internal.Bundles - 	Entry: C:\Users\wickr\.p2\pool\plugins\org.eclipse.m2e.maven.runtime_3.9.900.20250220-2013\jars\maven-embedder-3.9.9.jar
2025-07-30 12:22:33,340 [Worker-6: Launching pahanaedu-online] INFO  o.eclipse.m2e.core.internal.Bundles - 	Entry: C:\Users\wickr\.p2\pool\plugins\org.eclipse.m2e.maven.runtime_3.9.900.20250220-2013\jars\maven-model-3.9.9.jar
2025-07-30 12:22:33,340 [Worker-6: Launching pahanaedu-online] INFO  o.eclipse.m2e.core.internal.Bundles - 	Entry: C:\Users\wickr\.p2\pool\plugins\org.eclipse.m2e.maven.runtime_3.9.900.20250220-2013\jars\maven-model-builder-3.9.9.jar
2025-07-30 12:22:33,340 [Worker-6: Launching pahanaedu-online] INFO  o.eclipse.m2e.core.internal.Bundles - 	Entry: C:\Users\wickr\.p2\pool\plugins\org.eclipse.m2e.maven.runtime_3.9.900.20250220-2013\jars\maven-plugin-api-3.9.9.jar
2025-07-30 12:22:33,340 [Worker-6: Launching pahanaedu-online] INFO  o.eclipse.m2e.core.internal.Bundles - 	Entry: C:\Users\wickr\.p2\pool\plugins\org.eclipse.m2e.maven.runtime_3.9.900.20250220-2013\jars\maven-repository-metadata-3.9.9.jar
2025-07-30 12:22:33,341 [Worker-6: Launching pahanaedu-online] INFO  o.eclipse.m2e.core.internal.Bundles - 	Entry: C:\Users\wickr\.p2\pool\plugins\org.eclipse.m2e.maven.runtime_3.9.900.20250220-2013\jars\maven-resolver-api-1.9.22.jar
2025-07-30 12:22:33,341 [Worker-6: Launching pahanaedu-online] INFO  o.eclipse.m2e.core.internal.Bundles - 	Entry: C:\Users\wickr\.p2\pool\plugins\org.eclipse.m2e.maven.runtime_3.9.900.20250220-2013\jars\maven-resolver-connector-basic-1.9.22.jar
2025-07-30 12:22:33,341 [Worker-6: Launching pahanaedu-online] INFO  o.eclipse.m2e.core.internal.Bundles - 	Entry: C:\Users\wickr\.p2\pool\plugins\org.eclipse.m2e.maven.runtime_3.9.900.20250220-2013\jars\maven-resolver-impl-1.9.22.jar
2025-07-30 12:22:33,341 [Worker-6: Launching pahanaedu-online] INFO  o.eclipse.m2e.core.internal.Bundles - 	Entry: C:\Users\wickr\.p2\pool\plugins\org.eclipse.m2e.maven.runtime_3.9.900.20250220-2013\jars\maven-resolver-named-locks-1.9.22.jar
2025-07-30 12:22:33,341 [Worker-6: Launching pahanaedu-online] INFO  o.eclipse.m2e.core.internal.Bundles - 	Entry: C:\Users\wickr\.p2\pool\plugins\org.eclipse.m2e.maven.runtime_3.9.900.20250220-2013\jars\maven-resolver-provider-3.9.9.jar
2025-07-30 12:22:33,341 [Worker-6: Launching pahanaedu-online] INFO  o.eclipse.m2e.core.internal.Bundles - 	Entry: C:\Users\wickr\.p2\pool\plugins\org.eclipse.m2e.maven.runtime_3.9.900.20250220-2013\jars\maven-resolver-spi-1.9.22.jar
2025-07-30 12:22:33,341 [Worker-6: Launching pahanaedu-online] INFO  o.eclipse.m2e.core.internal.Bundles - 	Entry: C:\Users\wickr\.p2\pool\plugins\org.eclipse.m2e.maven.runtime_3.9.900.20250220-2013\jars\maven-resolver-transport-file-1.9.22.jar
2025-07-30 12:22:33,342 [Worker-6: Launching pahanaedu-online] INFO  o.eclipse.m2e.core.internal.Bundles - 	Entry: C:\Users\wickr\.p2\pool\plugins\org.eclipse.m2e.maven.runtime_3.9.900.20250220-2013\jars\maven-resolver-transport-http-1.9.22.jar
2025-07-30 12:22:33,342 [Worker-6: Launching pahanaedu-online] INFO  o.eclipse.m2e.core.internal.Bundles - 	Entry: C:\Users\wickr\.p2\pool\plugins\org.eclipse.m2e.maven.runtime_3.9.900.20250220-2013\jars\maven-resolver-transport-wagon-1.9.22.jar
2025-07-30 12:22:33,342 [Worker-6: Launching pahanaedu-online] INFO  o.eclipse.m2e.core.internal.Bundles - 	Entry: C:\Users\wickr\.p2\pool\plugins\org.eclipse.m2e.maven.runtime_3.9.900.20250220-2013\jars\maven-resolver-util-1.9.22.jar
2025-07-30 12:22:33,342 [Worker-6: Launching pahanaedu-online] INFO  o.eclipse.m2e.core.internal.Bundles - 	Entry: C:\Users\wickr\.p2\pool\plugins\org.eclipse.m2e.maven.runtime_3.9.900.20250220-2013\jars\maven-settings-3.9.9.jar
2025-07-30 12:22:33,342 [Worker-6: Launching pahanaedu-online] INFO  o.eclipse.m2e.core.internal.Bundles - 	Entry: C:\Users\wickr\.p2\pool\plugins\org.eclipse.m2e.maven.runtime_3.9.900.20250220-2013\jars\maven-settings-builder-3.9.9.jar
2025-07-30 12:22:33,342 [Worker-6: Launching pahanaedu-online] INFO  o.eclipse.m2e.core.internal.Bundles - 	Entry: C:\Users\wickr\.p2\pool\plugins\org.eclipse.m2e.maven.runtime_3.9.900.20250220-2013\jars\maven-shared-utils-3.4.2.jar
2025-07-30 12:22:33,342 [Worker-6: Launching pahanaedu-online] INFO  o.eclipse.m2e.core.internal.Bundles - 	Entry: C:\Users\wickr\.p2\pool\plugins\org.eclipse.m2e.maven.runtime_3.9.900.20250220-2013\jars\org.eclipse.sisu.inject-0.9.0.M3.jar
2025-07-30 12:22:33,343 [Worker-6: Launching pahanaedu-online] INFO  o.eclipse.m2e.core.internal.Bundles - 	Entry: C:\Users\wickr\.p2\pool\plugins\org.eclipse.m2e.maven.runtime_3.9.900.20250220-2013\jars\org.eclipse.sisu.plexus-0.9.0.M3.jar
2025-07-30 12:22:33,343 [Worker-6: Launching pahanaedu-online] INFO  o.eclipse.m2e.core.internal.Bundles - 	Entry: C:\Users\wickr\.p2\pool\plugins\org.eclipse.m2e.maven.runtime_3.9.900.20250220-2013\jars\plexus-build-api-0.0.7.jar
2025-07-30 12:22:33,343 [Worker-6: Launching pahanaedu-online] INFO  o.eclipse.m2e.core.internal.Bundles - 	Entry: C:\Users\wickr\.p2\pool\plugins\org.eclipse.m2e.maven.runtime_3.9.900.20250220-2013\jars\plexus-build-api-1.2.0.jar
2025-07-30 12:22:33,343 [Worker-6: Launching pahanaedu-online] INFO  o.eclipse.m2e.core.internal.Bundles - 	Entry: C:\Users\wickr\.p2\pool\plugins\org.eclipse.m2e.maven.runtime_3.9.900.20250220-2013\jars\plexus-cipher-2.0.jar
2025-07-30 12:22:33,343 [Worker-6: Launching pahanaedu-online] INFO  o.eclipse.m2e.core.internal.Bundles - 	Entry: C:\Users\wickr\.p2\pool\plugins\org.eclipse.m2e.maven.runtime_3.9.900.20250220-2013\jars\plexus-classworlds-2.8.0.jar
2025-07-30 12:22:33,343 [Worker-6: Launching pahanaedu-online] INFO  o.eclipse.m2e.core.internal.Bundles - 	Entry: C:\Users\wickr\.p2\pool\plugins\org.eclipse.m2e.maven.runtime_3.9.900.20250220-2013\jars\plexus-component-annotations-2.1.0.jar
2025-07-30 12:22:33,343 [Worker-6: Launching pahanaedu-online] INFO  o.eclipse.m2e.core.internal.Bundles - 	Entry: C:\Users\wickr\.p2\pool\plugins\org.eclipse.m2e.maven.runtime_3.9.900.20250220-2013\jars\plexus-interpolation-1.27.jar
2025-07-30 12:22:33,344 [Worker-6: Launching pahanaedu-online] INFO  o.eclipse.m2e.core.internal.Bundles - 	Entry: C:\Users\wickr\.p2\pool\plugins\org.eclipse.m2e.maven.runtime_3.9.900.20250220-2013\jars\plexus-sec-dispatcher-2.0.jar
2025-07-30 12:22:33,344 [Worker-6: Launching pahanaedu-online] INFO  o.eclipse.m2e.core.internal.Bundles - 	Entry: C:\Users\wickr\.p2\pool\plugins\org.eclipse.m2e.maven.runtime_3.9.900.20250220-2013\jars\plexus-utils-3.5.1.jar
2025-07-30 12:22:33,344 [Worker-6: Launching pahanaedu-online] INFO  o.eclipse.m2e.core.internal.Bundles - 	Entry: C:\Users\wickr\.p2\pool\plugins\org.eclipse.m2e.maven.runtime_3.9.900.20250220-2013\jars\plexus-xml-3.0.1.jar
2025-07-30 12:22:33,344 [Worker-6: Launching pahanaedu-online] INFO  o.eclipse.m2e.core.internal.Bundles - 	Entry: C:\Users\wickr\.p2\pool\plugins\org.eclipse.m2e.maven.runtime_3.9.900.20250220-2013\jars\wagon-file-3.5.3.jar
2025-07-30 12:22:33,344 [Worker-6: Launching pahanaedu-online] INFO  o.eclipse.m2e.core.internal.Bundles - 	Entry: C:\Users\wickr\.p2\pool\plugins\org.eclipse.m2e.maven.runtime_3.9.900.20250220-2013\jars\wagon-http-3.5.3.jar
2025-07-30 12:22:33,344 [Worker-6: Launching pahanaedu-online] INFO  o.eclipse.m2e.core.internal.Bundles - 	Entry: C:\Users\wickr\.p2\pool\plugins\org.eclipse.m2e.maven.runtime_3.9.900.20250220-2013\jars\wagon-http-shared-3.5.3.jar
2025-07-30 12:22:33,345 [Worker-6: Launching pahanaedu-online] INFO  o.eclipse.m2e.core.internal.Bundles - 	Entry: C:\Users\wickr\.p2\pool\plugins\org.eclipse.m2e.maven.runtime_3.9.900.20250220-2013\jars\wagon-provider-api-3.5.3.jar
2025-07-30 12:22:33,346 [Worker-6: Launching pahanaedu-online] INFO  o.eclipse.m2e.core.internal.Bundles - getClasspathEntries(Bundle=com.google.guava_33.4.8.jre [18])
2025-07-30 12:22:33,346 [Worker-6: Launching pahanaedu-online] INFO  o.eclipse.m2e.core.internal.Bundles - 	Entry: C:\Users\wickr\.p2\pool\plugins\com.google.guava_33.4.8.jre.jar
2025-07-30 12:22:33,346 [Worker-6: Launching pahanaedu-online] INFO  o.eclipse.m2e.core.internal.Bundles - getClasspathEntries(Bundle=slf4j.api_2.0.17 [1004])
2025-07-30 12:22:33,346 [Worker-6: Launching pahanaedu-online] INFO  o.eclipse.m2e.core.internal.Bundles - 	Entry: C:\Users\wickr\.p2\pool\plugins\slf4j.api_2.0.17.jar
2025-07-30 12:22:33,346 [Worker-6: Launching pahanaedu-online] INFO  o.eclipse.m2e.core.internal.Bundles - getClasspathEntries(Bundle=jakarta.inject.jakarta.inject-api_1.0.5 [35])
2025-07-30 12:22:33,347 [Worker-6: Launching pahanaedu-online] INFO  o.eclipse.m2e.core.internal.Bundles - 	Entry: C:\Users\wickr\.p2\pool\plugins\jakarta.inject.jakarta.inject-api_1.0.5.jar
2025-07-30 12:22:33,347 [Worker-6: Launching pahanaedu-online] INFO  o.eclipse.m2e.core.internal.Bundles - getClasspathEntries(Bundle=javax.annotation_1.3.5.v20200909-1856 [45])
2025-07-30 12:22:33,347 [Worker-6: Launching pahanaedu-online] INFO  o.eclipse.m2e.core.internal.Bundles - 	Entry: C:\Users\wickr\.p2\pool\plugins\javax.annotation_1.3.5.v20200909-1856.jar
2025-07-30 12:22:33,347 [Worker-6: Launching pahanaedu-online] INFO  o.eclipse.m2e.core.internal.Bundles - getClasspathEntries(Bundle=org.apache.commons.cli_1.9.0 [76])
2025-07-30 12:22:33,347 [Worker-6: Launching pahanaedu-online] INFO  o.eclipse.m2e.core.internal.Bundles - 	Entry: C:\Users\wickr\.p2\pool\plugins\org.apache.commons.cli_1.9.0.jar
2025-07-30 12:22:33,347 [Worker-6: Launching pahanaedu-online] INFO  o.eclipse.m2e.core.internal.Bundles - getClasspathEntries(Bundle=org.apache.commons.commons-codec_1.16.0 [78])
2025-07-30 12:22:33,347 [Worker-6: Launching pahanaedu-online] INFO  o.eclipse.m2e.core.internal.Bundles - 	Entry: C:\Users\wickr\.p2\pool\plugins\org.apache.commons.commons-codec_1.16.0.jar
2025-07-30 12:22:33,348 [Worker-6: Launching pahanaedu-online] INFO  o.eclipse.m2e.core.internal.Bundles - getClasspathEntries(Bundle=com.google.guava.failureaccess_1.0.3 [19])
2025-07-30 12:22:33,348 [Worker-6: Launching pahanaedu-online] INFO  o.eclipse.m2e.core.internal.Bundles - 	Entry: C:\Users\wickr\.p2\pool\plugins\com.google.guava.failureaccess_1.0.3.jar
2025-07-30 12:22:33,350 [Worker-6: Launching pahanaedu-online] INFO  o.e.m.i.launch.MavenLaunchDelegate - Run build in "F:\eclipse\pahanabookshop\pahanaedu-online":
2025-07-30 12:22:33,353 [Worker-6: Launching pahanaedu-online] INFO  o.e.m.i.launch.MavenLaunchDelegate -  mvn  -B -Dstyle.color=always 
2025-07-30 12:23:38,483 [Worker-8: Building] INFO  o.a.m.s.f.DefaultMavenResourcesFiltering - Copying 0 resource from src\main\resources to target\classes
2025-07-30 12:23:38,487 [Worker-8: Building] INFO  o.a.m.s.f.DefaultMavenResourcesFiltering - Copying 0 resource from src\test\resources to target\test-classes
2025-07-30 12:23:48,305 [Worker-1: Building] INFO  o.a.m.s.f.DefaultMavenResourcesFiltering - Copying 0 resource from src\main\resources to target\classes
2025-07-30 12:23:48,308 [Worker-1: Building] INFO  o.a.m.s.f.DefaultMavenResourcesFiltering - Copying 0 resource from src\test\resources to target\test-classes
2025-07-30 12:24:09,735 [Worker-10: Building] INFO  o.a.m.s.f.DefaultMavenResourcesFiltering - Copying 0 resource from src\main\resources to target\classes
2025-07-30 12:24:09,738 [Worker-10: Building] INFO  o.a.m.s.f.DefaultMavenResourcesFiltering - Copying 0 resource from src\test\resources to target\test-classes
2025-07-30 12:24:27,041 [Worker-6: Building] INFO  o.a.m.s.f.DefaultMavenResourcesFiltering - Copying 0 resource from src\main\resources to target\classes
2025-07-30 12:24:27,044 [Worker-6: Building] INFO  o.a.m.s.f.DefaultMavenResourcesFiltering - Copying 0 resource from src\test\resources to target\test-classes
2025-07-30 12:32:49,390 [Worker-18: Building] INFO  o.a.m.s.f.DefaultMavenResourcesFiltering - Copying 0 resource from src\main\resources to target\classes
2025-07-30 12:32:49,393 [Worker-18: Building] INFO  o.a.m.s.f.DefaultMavenResourcesFiltering - Copying 0 resource from src\test\resources to target\test-classes
2025-07-30 12:33:17,829 [Worker-4: Building] INFO  o.a.m.s.f.DefaultMavenResourcesFiltering - Copying 0 resource from src\main\resources to target\classes
2025-07-30 12:33:17,831 [Worker-4: Building] INFO  o.a.m.s.f.DefaultMavenResourcesFiltering - Copying 0 resource from src\test\resources to target\test-classes
2025-07-30 12:35:49,193 [Worker-3: Building] INFO  o.a.m.s.f.DefaultMavenResourcesFiltering - Copying 0 resource from src\main\resources to target\classes
2025-07-30 12:35:49,196 [Worker-3: Building] INFO  o.a.m.s.f.DefaultMavenResourcesFiltering - Copying 0 resource from src\test\resources to target\test-classes
2025-07-30 12:36:01,223 [Worker-7: Building] INFO  o.a.m.s.f.DefaultMavenResourcesFiltering - Copying 0 resource from src\main\resources to target\classes
2025-07-30 12:36:01,226 [Worker-7: Building] INFO  o.a.m.s.f.DefaultMavenResourcesFiltering - Copying 0 resource from src\test\resources to target\test-classes
2025-07-30 12:36:40,551 [Worker-10: Building] INFO  o.a.m.s.f.DefaultMavenResourcesFiltering - Copying 0 resource from src\main\resources to target\classes
2025-07-30 12:36:40,555 [Worker-10: Building] INFO  o.a.m.s.f.DefaultMavenResourcesFiltering - Copying 0 resource from src\test\resources to target\test-classes
2025-07-30 12:36:46,515 [Worker-14: Building] INFO  o.a.m.s.f.DefaultMavenResourcesFiltering - Copying 0 resource from src\main\resources to target\classes
2025-07-30 12:36:46,517 [Worker-14: Building] INFO  o.a.m.s.f.DefaultMavenResourcesFiltering - Copying 0 resource from src\test\resources to target\test-classes
2025-07-30 12:37:53,188 [Worker-14: Building] INFO  o.a.m.s.f.DefaultMavenResourcesFiltering - Copying 0 resource from src\main\resources to target\classes
2025-07-30 12:37:53,190 [Worker-14: Building] INFO  o.a.m.s.f.DefaultMavenResourcesFiltering - Copying 0 resource from src\test\resources to target\test-classes
2025-07-30 12:37:57,174 [Worker-6: Building] INFO  o.a.m.s.f.DefaultMavenResourcesFiltering - Copying 0 resource from src\main\resources to target\classes
2025-07-30 12:37:57,176 [Worker-6: Building] INFO  o.a.m.s.f.DefaultMavenResourcesFiltering - Copying 0 resource from src\test\resources to target\test-classes
2025-07-30 12:48:33,903 [Worker-22: Building] INFO  o.a.m.s.f.DefaultMavenResourcesFiltering - Copying 0 resource from src\main\resources to target\classes
2025-07-30 12:48:33,905 [Worker-22: Building] INFO  o.a.m.s.f.DefaultMavenResourcesFiltering - Copying 0 resource from src\test\resources to target\test-classes
2025-07-30 12:48:38,796 [Worker-16: Building] INFO  o.a.m.s.f.DefaultMavenResourcesFiltering - Copying 0 resource from src\main\resources to target\classes
2025-07-30 12:48:38,799 [Worker-16: Building] INFO  o.a.m.s.f.DefaultMavenResourcesFiltering - Copying 0 resource from src\test\resources to target\test-classes
2025-07-30 12:49:12,265 [Worker-20: Building] INFO  o.a.m.s.f.DefaultMavenResourcesFiltering - Copying 0 resource from src\main\resources to target\classes
2025-07-30 12:49:12,267 [Worker-20: Building] INFO  o.a.m.s.f.DefaultMavenResourcesFiltering - Copying 0 resource from src\test\resources to target\test-classes
2025-07-30 12:59:09,047 [Worker-16: Building] INFO  o.a.m.s.f.DefaultMavenResourcesFiltering - Copying 0 resource from src\main\resources to target\classes
2025-07-30 12:59:09,049 [Worker-16: Building] INFO  o.a.m.s.f.DefaultMavenResourcesFiltering - Copying 0 resource from src\test\resources to target\test-classes
2025-07-30 12:59:36,652 [Worker-16: Building] INFO  o.a.m.s.f.DefaultMavenResourcesFiltering - Copying 0 resource from src\main\resources to target\classes
2025-07-30 12:59:36,655 [Worker-16: Building] INFO  o.a.m.s.f.DefaultMavenResourcesFiltering - Copying 0 resource from src\test\resources to target\test-classes
2025-07-30 13:00:05,587 [Worker-26: Building] INFO  o.a.m.s.f.DefaultMavenResourcesFiltering - Copying 0 resource from src\main\resources to target\classes
2025-07-30 13:00:05,590 [Worker-26: Building] INFO  o.a.m.s.f.DefaultMavenResourcesFiltering - Copying 0 resource from src\test\resources to target\test-classes
2025-07-30 13:00:21,063 [Worker-26: Building] INFO  o.a.m.s.f.DefaultMavenResourcesFiltering - Copying 0 resource from src\main\resources to target\classes
2025-07-30 13:00:21,066 [Worker-26: Building] INFO  o.a.m.s.f.DefaultMavenResourcesFiltering - Copying 0 resource from src\test\resources to target\test-classes
2025-07-30 13:00:29,120 [Worker-16: Building] INFO  o.a.m.s.f.DefaultMavenResourcesFiltering - Copying 0 resource from src\main\resources to target\classes
2025-07-30 13:00:29,122 [Worker-16: Building] INFO  o.a.m.s.f.DefaultMavenResourcesFiltering - Copying 0 resource from src\test\resources to target\test-classes
2025-07-30 13:01:28,655 [Worker-25: Building] INFO  o.a.m.s.f.DefaultMavenResourcesFiltering - Copying 0 resource from src\main\resources to target\classes
2025-07-30 13:01:28,658 [Worker-25: Building] INFO  o.a.m.s.f.DefaultMavenResourcesFiltering - Copying 0 resource from src\test\resources to target\test-classes
2025-07-30 13:01:34,687 [Worker-16: Building] INFO  o.a.m.s.f.DefaultMavenResourcesFiltering - Copying 0 resource from src\main\resources to target\classes
2025-07-30 13:01:34,689 [Worker-16: Building] INFO  o.a.m.s.f.DefaultMavenResourcesFiltering - Copying 0 resource from src\test\resources to target\test-classes
2025-07-30 13:01:40,637 [Worker-20: Building] INFO  o.a.m.s.f.DefaultMavenResourcesFiltering - Copying 0 resource from src\main\resources to target\classes
2025-07-30 13:01:40,640 [Worker-20: Building] INFO  o.a.m.s.f.DefaultMavenResourcesFiltering - Copying 0 resource from src\test\resources to target\test-classes
2025-07-30 13:01:55,551 [Worker-21: Building] INFO  o.a.m.s.f.DefaultMavenResourcesFiltering - Copying 0 resource from src\main\resources to target\classes
2025-07-30 13:01:55,554 [Worker-21: Building] INFO  o.a.m.s.f.DefaultMavenResourcesFiltering - Copying 0 resource from src\test\resources to target\test-classes
2025-07-30 13:01:59,322 [Worker-25: Building] INFO  o.a.m.s.f.DefaultMavenResourcesFiltering - Copying 0 resource from src\main\resources to target\classes
2025-07-30 13:01:59,324 [Worker-25: Building] INFO  o.a.m.s.f.DefaultMavenResourcesFiltering - Copying 0 resource from src\test\resources to target\test-classes
2025-07-30 13:02:03,405 [Worker-22: Building] INFO  o.a.m.s.f.DefaultMavenResourcesFiltering - Copying 0 resource from src\main\resources to target\classes
2025-07-30 13:02:03,407 [Worker-22: Building] INFO  o.a.m.s.f.DefaultMavenResourcesFiltering - Copying 0 resource from src\test\resources to target\test-classes
2025-07-30 13:04:32,076 [Worker-21: Building] INFO  o.a.m.s.f.DefaultMavenResourcesFiltering - Copying 0 resource from src\main\resources to target\classes
2025-07-30 13:04:32,079 [Worker-21: Building] INFO  o.a.m.s.f.DefaultMavenResourcesFiltering - Copying 0 resource from src\test\resources to target\test-classes
2025-07-30 13:49:27,769 [Worker-23: Building] INFO  o.a.m.s.f.DefaultMavenResourcesFiltering - Copying 0 resource from src\main\resources to target\classes
2025-07-30 13:49:27,771 [Worker-23: Building] INFO  o.a.m.s.f.DefaultMavenResourcesFiltering - Copying 0 resource from src\test\resources to target\test-classes
2025-07-30 13:52:59,785 [Worker-28: Building] INFO  o.a.m.s.f.DefaultMavenResourcesFiltering - Copying 0 resource from src\main\resources to target\classes
2025-07-30 13:52:59,787 [Worker-28: Building] INFO  o.a.m.s.f.DefaultMavenResourcesFiltering - Copying 0 resource from src\test\resources to target\test-classes
2025-07-30 13:53:10,368 [Worker-27: Building] INFO  o.a.m.s.f.DefaultMavenResourcesFiltering - Copying 0 resource from src\main\resources to target\classes
2025-07-30 13:53:10,370 [Worker-27: Building] INFO  o.a.m.s.f.DefaultMavenResourcesFiltering - Copying 0 resource from src\test\resources to target\test-classes
2025-07-30 14:02:03,725 [Worker-24: Building] INFO  o.a.m.s.f.DefaultMavenResourcesFiltering - Copying 0 resource from src\main\resources to target\classes
2025-07-30 14:02:03,728 [Worker-24: Building] INFO  o.a.m.s.f.DefaultMavenResourcesFiltering - Copying 0 resource from src\test\resources to target\test-classes
2025-07-30 14:03:14,539 [Worker-25: Building] INFO  o.a.m.s.f.DefaultMavenResourcesFiltering - Copying 0 resource from src\main\resources to target\classes
2025-07-30 14:03:14,541 [Worker-25: Building] INFO  o.a.m.s.f.DefaultMavenResourcesFiltering - Copying 0 resource from src\test\resources to target\test-classes
2025-07-30 14:03:40,002 [Worker-28: Building] INFO  o.a.m.s.f.DefaultMavenResourcesFiltering - Copying 0 resource from src\main\resources to target\classes
2025-07-30 14:03:40,004 [Worker-28: Building] INFO  o.a.m.s.f.DefaultMavenResourcesFiltering - Copying 0 resource from src\test\resources to target\test-classes
2025-07-30 14:03:55,834 [Worker-16: Building] INFO  o.a.m.s.f.DefaultMavenResourcesFiltering - Copying 0 resource from src\main\resources to target\classes
2025-07-30 14:03:55,836 [Worker-16: Building] INFO  o.a.m.s.f.DefaultMavenResourcesFiltering - Copying 0 resource from src\test\resources to target\test-classes
2025-07-30 14:04:01,299 [Worker-16: Building] INFO  o.a.m.s.f.DefaultMavenResourcesFiltering - Copying 0 resource from src\main\resources to target\classes
2025-07-30 14:04:01,301 [Worker-16: Building] INFO  o.a.m.s.f.DefaultMavenResourcesFiltering - Copying 0 resource from src\test\resources to target\test-classes
2025-07-30 14:04:18,256 [Worker-20: Building] INFO  o.a.m.s.f.DefaultMavenResourcesFiltering - Copying 0 resource from src\main\resources to target\classes
2025-07-30 14:04:18,258 [Worker-20: Building] INFO  o.a.m.s.f.DefaultMavenResourcesFiltering - Copying 0 resource from src\test\resources to target\test-classes
2025-07-30 14:05:59,442 [Worker-25: Building] INFO  o.a.m.s.f.DefaultMavenResourcesFiltering - Copying 0 resource from src\main\resources to target\classes
2025-07-30 14:05:59,445 [Worker-25: Building] INFO  o.a.m.s.f.DefaultMavenResourcesFiltering - Copying 0 resource from src\test\resources to target\test-classes
2025-07-30 14:06:37,310 [Worker-25: Building] INFO  o.a.m.s.f.DefaultMavenResourcesFiltering - Copying 0 resource from src\main\resources to target\classes
2025-07-30 14:06:37,311 [Worker-25: Building] INFO  o.a.m.s.f.DefaultMavenResourcesFiltering - Copying 0 resource from src\test\resources to target\test-classes
2025-07-30 14:14:10,525 [Worker-25: Building] INFO  o.a.m.s.f.DefaultMavenResourcesFiltering - Copying 0 resource from src\main\resources to target\classes
2025-07-30 14:14:10,527 [Worker-25: Building] INFO  o.a.m.s.f.DefaultMavenResourcesFiltering - Copying 0 resource from src\test\resources to target\test-classes
2025-07-30 14:14:35,409 [Worker-28: Building] INFO  o.a.m.s.f.DefaultMavenResourcesFiltering - Copying 0 resource from src\main\resources to target\classes
2025-07-30 14:14:35,411 [Worker-28: Building] INFO  o.a.m.s.f.DefaultMavenResourcesFiltering - Copying 0 resource from src\test\resources to target\test-classes
2025-07-30 14:15:51,780 [Worker-23: Building] INFO  o.a.m.s.f.DefaultMavenResourcesFiltering - Copying 0 resource from src\main\resources to target\classes
2025-07-30 14:15:51,782 [Worker-23: Building] INFO  o.a.m.s.f.DefaultMavenResourcesFiltering - Copying 0 resource from src\test\resources to target\test-classes
2025-07-30 14:16:06,701 [Worker-28: Building] INFO  o.a.m.s.f.DefaultMavenResourcesFiltering - Copying 0 resource from src\main\resources to target\classes
2025-07-30 14:16:06,703 [Worker-28: Building] INFO  o.a.m.s.f.DefaultMavenResourcesFiltering - Copying 0 resource from src\test\resources to target\test-classes
2025-07-30 14:16:10,481 [Worker-23: Building] INFO  o.a.m.s.f.DefaultMavenResourcesFiltering - Copying 0 resource from src\main\resources to target\classes
2025-07-30 14:16:10,483 [Worker-23: Building] INFO  o.a.m.s.f.DefaultMavenResourcesFiltering - Copying 0 resource from src\test\resources to target\test-classes
2025-07-30 14:16:35,394 [Worker-28: Building] INFO  o.a.m.s.f.DefaultMavenResourcesFiltering - Copying 0 resource from src\main\resources to target\classes
2025-07-30 14:16:35,396 [Worker-28: Building] INFO  o.a.m.s.f.DefaultMavenResourcesFiltering - Copying 0 resource from src\test\resources to target\test-classes
2025-07-30 14:17:16,430 [Worker-23: Building] INFO  o.a.m.s.f.DefaultMavenResourcesFiltering - Copying 0 resource from src\main\resources to target\classes
2025-07-30 14:17:16,432 [Worker-23: Building] INFO  o.a.m.s.f.DefaultMavenResourcesFiltering - Copying 0 resource from src\test\resources to target\test-classes
2025-07-30 14:19:56,610 [Worker-16: Building] INFO  o.a.m.s.f.DefaultMavenResourcesFiltering - Copying 0 resource from src\main\resources to target\classes
2025-07-30 14:19:56,612 [Worker-16: Building] INFO  o.a.m.s.f.DefaultMavenResourcesFiltering - Copying 0 resource from src\test\resources to target\test-classes
2025-07-30 14:21:44,969 [Worker-23: Building] INFO  o.a.m.s.f.DefaultMavenResourcesFiltering - Copying 0 resource from src\main\resources to target\classes
2025-07-30 14:21:44,971 [Worker-23: Building] INFO  o.a.m.s.f.DefaultMavenResourcesFiltering - Copying 0 resource from src\test\resources to target\test-classes
2025-07-30 14:22:58,338 [Worker-28: Building] INFO  o.a.m.s.f.DefaultMavenResourcesFiltering - Copying 0 resource from src\main\resources to target\classes
2025-07-30 14:22:58,340 [Worker-28: Building] INFO  o.a.m.s.f.DefaultMavenResourcesFiltering - Copying 0 resource from src\test\resources to target\test-classes
2025-07-30 14:24:03,052 [Worker-21: Building] INFO  o.a.m.s.f.DefaultMavenResourcesFiltering - Copying 0 resource from src\main\resources to target\classes
2025-07-30 14:24:03,054 [Worker-21: Building] INFO  o.a.m.s.f.DefaultMavenResourcesFiltering - Copying 0 resource from src\test\resources to target\test-classes
2025-07-30 14:24:50,533 [Worker-21: Building] INFO  o.a.m.s.f.DefaultMavenResourcesFiltering - Copying 0 resource from src\main\resources to target\classes
2025-07-30 14:24:50,537 [Worker-21: Building] INFO  o.a.m.s.f.DefaultMavenResourcesFiltering - Copying 0 resource from src\test\resources to target\test-classes
2025-07-30 14:25:34,070 [Worker-27: Building] INFO  o.a.m.s.f.DefaultMavenResourcesFiltering - Copying 0 resource from src\main\resources to target\classes
2025-07-30 14:25:34,073 [Worker-27: Building] INFO  o.a.m.s.f.DefaultMavenResourcesFiltering - Copying 0 resource from src\test\resources to target\test-classes
2025-07-30 17:07:28,039 [Worker-44: Building] INFO  o.a.m.s.f.DefaultMavenResourcesFiltering - Copying 0 resource from src\main\resources to target\classes
2025-07-30 17:07:28,042 [Worker-44: Building] INFO  o.a.m.s.f.DefaultMavenResourcesFiltering - Copying 0 resource from src\test\resources to target\test-classes
2025-07-30 17:07:39,193 [Worker-44: Building] INFO  o.a.m.s.f.DefaultMavenResourcesFiltering - Copying 0 resource from src\main\resources to target\classes
2025-07-30 17:07:39,196 [Worker-44: Building] INFO  o.a.m.s.f.DefaultMavenResourcesFiltering - Copying 0 resource from src\test\resources to target\test-classes
2025-07-30 17:08:14,107 [Worker-44: Building] INFO  o.a.m.s.f.DefaultMavenResourcesFiltering - Copying 0 resource from src\main\resources to target\classes
2025-07-30 17:08:14,111 [Worker-44: Building] INFO  o.a.m.s.f.DefaultMavenResourcesFiltering - Copying 0 resource from src\test\resources to target\test-classes
2025-07-30 17:08:25,463 [Worker-49: Building] INFO  o.a.m.s.f.DefaultMavenResourcesFiltering - Copying 0 resource from src\main\resources to target\classes
2025-07-30 17:08:25,466 [Worker-49: Building] INFO  o.a.m.s.f.DefaultMavenResourcesFiltering - Copying 0 resource from src\test\resources to target\test-classes
2025-07-30 17:09:38,978 [Worker-50: Building] INFO  o.a.m.s.f.DefaultMavenResourcesFiltering - Copying 0 resource from src\main\resources to target\classes
2025-07-30 17:09:38,981 [Worker-50: Building] INFO  o.a.m.s.f.DefaultMavenResourcesFiltering - Copying 0 resource from src\test\resources to target\test-classes
2025-07-30 17:28:15,282 [Worker-44: Building] INFO  o.a.m.s.f.DefaultMavenResourcesFiltering - Copying 0 resource from src\main\resources to target\classes
2025-07-30 17:28:15,285 [Worker-44: Building] INFO  o.a.m.s.f.DefaultMavenResourcesFiltering - Copying 0 resource from src\test\resources to target\test-classes
2025-07-30 17:29:15,144 [Worker-44: Building] INFO  o.a.m.s.f.DefaultMavenResourcesFiltering - Copying 0 resource from src\main\resources to target\classes
2025-07-30 17:29:15,147 [Worker-44: Building] INFO  o.a.m.s.f.DefaultMavenResourcesFiltering - Copying 0 resource from src\test\resources to target\test-classes
2025-07-30 19:14:46,770 [Worker-56: Building] INFO  o.a.m.s.f.DefaultMavenResourcesFiltering - Copying 0 resource from src\main\resources to target\classes
2025-07-30 19:14:46,774 [Worker-56: Building] INFO  o.a.m.s.f.DefaultMavenResourcesFiltering - Copying 0 resource from src\test\resources to target\test-classes
2025-07-30 19:15:15,841 [Worker-57: Building] INFO  o.a.m.s.f.DefaultMavenResourcesFiltering - Copying 0 resource from src\main\resources to target\classes
2025-07-30 19:15:15,845 [Worker-57: Building] INFO  o.a.m.s.f.DefaultMavenResourcesFiltering - Copying 0 resource from src\test\resources to target\test-classes
2025-07-30 19:15:31,449 [Worker-49: Building] INFO  o.a.m.s.f.DefaultMavenResourcesFiltering - Copying 0 resource from src\main\resources to target\classes
2025-07-30 19:15:31,452 [Worker-49: Building] INFO  o.a.m.s.f.DefaultMavenResourcesFiltering - Copying 0 resource from src\test\resources to target\test-classes
2025-07-30 19:15:34,901 [Worker-57: Building] INFO  o.a.m.s.f.DefaultMavenResourcesFiltering - Copying 0 resource from src\main\resources to target\classes
2025-07-30 19:15:34,904 [Worker-57: Building] INFO  o.a.m.s.f.DefaultMavenResourcesFiltering - Copying 0 resource from src\test\resources to target\test-classes
2025-07-30 19:16:26,342 [Worker-49: Building] INFO  o.a.m.s.f.DefaultMavenResourcesFiltering - Copying 0 resource from src\main\resources to target\classes
2025-07-30 19:16:26,344 [Worker-49: Building] INFO  o.a.m.s.f.DefaultMavenResourcesFiltering - Copying 0 resource from src\test\resources to target\test-classes
2025-07-30 19:16:39,528 [Worker-53: Building] INFO  o.a.m.s.f.DefaultMavenResourcesFiltering - Copying 0 resource from src\main\resources to target\classes
2025-07-30 19:16:39,531 [Worker-53: Building] INFO  o.a.m.s.f.DefaultMavenResourcesFiltering - Copying 0 resource from src\test\resources to target\test-classes
2025-07-30 19:18:21,797 [Worker-53: Building] INFO  o.a.m.s.f.DefaultMavenResourcesFiltering - Copying 0 resource from src\main\resources to target\classes
2025-07-30 19:18:21,799 [Worker-53: Building] INFO  o.a.m.s.f.DefaultMavenResourcesFiltering - Copying 0 resource from src\test\resources to target\test-classes
2025-07-30 21:25:17,941 [Worker-75: Building] INFO  o.a.m.s.f.DefaultMavenResourcesFiltering - Copying 0 resource from src\main\resources to target\classes
2025-07-30 21:25:17,943 [Worker-75: Building] INFO  o.a.m.s.f.DefaultMavenResourcesFiltering - Copying 0 resource from src\test\resources to target\test-classes
2025-07-30 21:28:10,856 [Worker-73: Building] INFO  o.a.m.s.f.DefaultMavenResourcesFiltering - Copying 0 resource from src\main\resources to target\classes
2025-07-30 21:28:10,858 [Worker-73: Building] INFO  o.a.m.s.f.DefaultMavenResourcesFiltering - Copying 0 resource from src\test\resources to target\test-classes
2025-07-30 21:41:07,404 [Worker-1: Loading available Gradle versions] INFO  o.e.b.c.i.u.g.PublishedGradleVersions - Gradle version information cache is up-to-date. Trying to read.
2025-07-30 21:41:08,834 [Worker-11: Building] WARN  o.e.m.c.i.embedder.EclipseLogger - The artifact mysql:mysql-connector-java:jar:8.0.33 has been relocated to com.mysql:mysql-connector-j:jar:8.0.33: MySQL Connector/J artifacts moved to reverse-DNS compliant Maven 2+ coordinates.
2025-07-30 21:44:34,710 [Worker-18: Building] INFO  o.a.m.s.f.DefaultMavenResourcesFiltering - Copying 0 resource from src\main\resources to target\classes
2025-07-30 21:44:34,714 [Worker-18: Building] INFO  o.a.m.s.f.DefaultMavenResourcesFiltering - Copying 0 resource from src\test\resources to target\test-classes
2025-07-30 21:45:16,239 [Worker-14: Building] INFO  o.a.m.s.f.DefaultMavenResourcesFiltering - Copying 0 resource from src\main\resources to target\classes
2025-07-30 21:45:16,242 [Worker-14: Building] INFO  o.a.m.s.f.DefaultMavenResourcesFiltering - Copying 0 resource from src\test\resources to target\test-classes
2025-07-30 21:45:44,770 [Worker-14: Building] INFO  o.a.m.s.f.DefaultMavenResourcesFiltering - Copying 0 resource from src\main\resources to target\classes
2025-07-30 21:45:44,773 [Worker-14: Building] INFO  o.a.m.s.f.DefaultMavenResourcesFiltering - Copying 0 resource from src\test\resources to target\test-classes
2025-07-30 21:45:55,454 [Worker-2: Building] INFO  o.a.m.s.f.DefaultMavenResourcesFiltering - Copying 0 resource from src\main\resources to target\classes
2025-07-30 21:45:55,457 [Worker-2: Building] INFO  o.a.m.s.f.DefaultMavenResourcesFiltering - Copying 0 resource from src\test\resources to target\test-classes
2025-07-30 21:46:18,431 [Worker-13: Building] INFO  o.a.m.s.f.DefaultMavenResourcesFiltering - Copying 0 resource from src\main\resources to target\classes
2025-07-30 21:46:18,433 [Worker-13: Building] INFO  o.a.m.s.f.DefaultMavenResourcesFiltering - Copying 0 resource from src\test\resources to target\test-classes
2025-07-30 21:46:43,285 [Worker-19: Building] INFO  o.a.m.s.f.DefaultMavenResourcesFiltering - Copying 0 resource from src\main\resources to target\classes
2025-07-30 21:46:43,288 [Worker-19: Building] INFO  o.a.m.s.f.DefaultMavenResourcesFiltering - Copying 0 resource from src\test\resources to target\test-classes
2025-07-30 21:50:15,464 [Worker-2: Building] INFO  o.a.m.s.f.DefaultMavenResourcesFiltering - Copying 0 resource from src\main\resources to target\classes
2025-07-30 21:50:15,467 [Worker-2: Building] INFO  o.a.m.s.f.DefaultMavenResourcesFiltering - Copying 0 resource from src\test\resources to target\test-classes
2025-07-31 12:15:49,247 [Worker-1: Loading available Gradle versions] INFO  o.e.b.c.i.u.g.PublishedGradleVersions - Gradle version information cache is out-of-date. Trying to update.
2025-07-31 12:15:51,333 [Worker-6: Building] WARN  o.e.m.c.i.embedder.EclipseLogger - The artifact mysql:mysql-connector-java:jar:8.0.33 has been relocated to com.mysql:mysql-connector-j:jar:8.0.33: MySQL Connector/J artifacts moved to reverse-DNS compliant Maven 2+ coordinates.
2025-07-31 17:31:00,046 [Worker-72: Building] INFO  o.a.m.s.f.DefaultMavenResourcesFiltering - Copying 0 resource from src\main\resources to target\classes
2025-07-31 17:31:00,051 [Worker-72: Building] INFO  o.a.m.s.f.DefaultMavenResourcesFiltering - Copying 0 resource from src\test\resources to target\test-classes
2025-07-31 17:34:43,413 [Worker-73: Building] INFO  o.a.m.s.f.DefaultMavenResourcesFiltering - Copying 0 resource from src\main\resources to target\classes
2025-07-31 17:34:43,416 [Worker-73: Building] INFO  o.a.m.s.f.DefaultMavenResourcesFiltering - Copying 0 resource from src\test\resources to target\test-classes
2025-07-31 17:35:10,722 [Worker-72: Building] INFO  o.a.m.s.f.DefaultMavenResourcesFiltering - Copying 0 resource from src\main\resources to target\classes
2025-07-31 17:35:10,725 [Worker-72: Building] INFO  o.a.m.s.f.DefaultMavenResourcesFiltering - Copying 0 resource from src\test\resources to target\test-classes
2025-07-31 17:48:48,266 [Worker-73: Building] INFO  o.a.m.s.f.DefaultMavenResourcesFiltering - Copying 0 resource from src\main\resources to target\classes
2025-07-31 17:48:48,269 [Worker-73: Building] INFO  o.a.m.s.f.DefaultMavenResourcesFiltering - Copying 0 resource from src\test\resources to target\test-classes
2025-07-31 17:53:53,573 [Worker-72: Building] INFO  o.a.m.s.f.DefaultMavenResourcesFiltering - Copying 0 resource from src\main\resources to target\classes
2025-07-31 17:53:53,575 [Worker-72: Building] INFO  o.a.m.s.f.DefaultMavenResourcesFiltering - Copying 0 resource from src\test\resources to target\test-classes
2025-07-31 18:00:07,604 [Worker-73: Building] INFO  o.a.m.s.f.DefaultMavenResourcesFiltering - Copying 0 resource from src\main\resources to target\classes
2025-07-31 18:00:07,607 [Worker-73: Building] INFO  o.a.m.s.f.DefaultMavenResourcesFiltering - Copying 0 resource from src\test\resources to target\test-classes
2025-07-31 18:02:35,532 [Worker-72: Building] INFO  o.a.m.s.f.DefaultMavenResourcesFiltering - Copying 0 resource from src\main\resources to target\classes
2025-07-31 18:02:35,535 [Worker-72: Building] INFO  o.a.m.s.f.DefaultMavenResourcesFiltering - Copying 0 resource from src\test\resources to target\test-classes
2025-07-31 18:04:00,683 [Worker-70: Building] INFO  o.a.m.s.f.DefaultMavenResourcesFiltering - Copying 0 resource from src\main\resources to target\classes
2025-07-31 18:04:00,690 [Worker-70: Building] INFO  o.a.m.s.f.DefaultMavenResourcesFiltering - Copying 0 resource from src\test\resources to target\test-classes
2025-07-31 18:06:56,023 [Worker-73: Building] INFO  o.a.m.s.f.DefaultMavenResourcesFiltering - Copying 0 resource from src\main\resources to target\classes
2025-07-31 18:06:56,026 [Worker-73: Building] INFO  o.a.m.s.f.DefaultMavenResourcesFiltering - Copying 0 resource from src\test\resources to target\test-classes
2025-07-31 18:07:01,976 [Worker-68: Building] INFO  o.a.m.s.f.DefaultMavenResourcesFiltering - Copying 0 resource from src\main\resources to target\classes
2025-07-31 18:07:01,978 [Worker-68: Building] INFO  o.a.m.s.f.DefaultMavenResourcesFiltering - Copying 0 resource from src\test\resources to target\test-classes
2025-07-31 18:07:09,099 [Worker-72: Building] INFO  o.a.m.s.f.DefaultMavenResourcesFiltering - Copying 0 resource from src\main\resources to target\classes
2025-07-31 18:07:09,101 [Worker-72: Building] INFO  o.a.m.s.f.DefaultMavenResourcesFiltering - Copying 0 resource from src\test\resources to target\test-classes
2025-07-31 18:07:28,808 [Worker-75: Building] INFO  o.a.m.s.f.DefaultMavenResourcesFiltering - Copying 0 resource from src\main\resources to target\classes
2025-07-31 18:07:28,810 [Worker-75: Building] INFO  o.a.m.s.f.DefaultMavenResourcesFiltering - Copying 0 resource from src\test\resources to target\test-classes
2025-07-31 18:07:34,514 [Worker-70: Launching pahanaedu-online] INFO  o.eclipse.m2e.core.internal.Bundles - getClasspathEntries(Bundle=org.eclipse.m2e.maven.runtime_3.9.900.20250220-2013 [639])
2025-07-31 18:07:34,515 [Worker-70: Launching pahanaedu-online] INFO  o.eclipse.m2e.core.internal.Bundles - 	Entry: C:\Users\wickr\.p2\pool\plugins\org.eclipse.m2e.maven.runtime_3.9.900.20250220-2013
2025-07-31 18:07:34,516 [Worker-70: Launching pahanaedu-online] INFO  o.eclipse.m2e.core.internal.Bundles - 	Entry: C:\Users\wickr\.p2\pool\plugins\org.eclipse.m2e.maven.runtime_3.9.900.20250220-2013\jars\aopalliance-1.0.jar
2025-07-31 18:07:34,516 [Worker-70: Launching pahanaedu-online] INFO  o.eclipse.m2e.core.internal.Bundles - 	Entry: C:\Users\wickr\.p2\pool\plugins\org.eclipse.m2e.maven.runtime_3.9.900.20250220-2013\jars\guice-5.1.0.jar
2025-07-31 18:07:34,516 [Worker-70: Launching pahanaedu-online] INFO  o.eclipse.m2e.core.internal.Bundles - 	Entry: C:\Users\wickr\.p2\pool\plugins\org.eclipse.m2e.maven.runtime_3.9.900.20250220-2013\jars\httpclient-4.5.14.jar
2025-07-31 18:07:34,516 [Worker-70: Launching pahanaedu-online] INFO  o.eclipse.m2e.core.internal.Bundles - 	Entry: C:\Users\wickr\.p2\pool\plugins\org.eclipse.m2e.maven.runtime_3.9.900.20250220-2013\jars\httpcore-4.4.16.jar
2025-07-31 18:07:34,516 [Worker-70: Launching pahanaedu-online] INFO  o.eclipse.m2e.core.internal.Bundles - 	Entry: C:\Users\wickr\.p2\pool\plugins\org.eclipse.m2e.maven.runtime_3.9.900.20250220-2013\jars\jansi-2.4.1.jar
2025-07-31 18:07:34,516 [Worker-70: Launching pahanaedu-online] INFO  o.eclipse.m2e.core.internal.Bundles - 	Entry: C:\Users\wickr\.p2\pool\plugins\org.eclipse.m2e.maven.runtime_3.9.900.20250220-2013\jars\jcl-over-slf4j-1.7.36.jar
2025-07-31 18:07:34,517 [Worker-70: Launching pahanaedu-online] INFO  o.eclipse.m2e.core.internal.Bundles - 	Entry: C:\Users\wickr\.p2\pool\plugins\org.eclipse.m2e.maven.runtime_3.9.900.20250220-2013\jars\maven-artifact-3.9.9.jar
2025-07-31 18:07:34,517 [Worker-70: Launching pahanaedu-online] INFO  o.eclipse.m2e.core.internal.Bundles - 	Entry: C:\Users\wickr\.p2\pool\plugins\org.eclipse.m2e.maven.runtime_3.9.900.20250220-2013\jars\maven-builder-support-3.9.9.jar
2025-07-31 18:07:34,517 [Worker-70: Launching pahanaedu-online] INFO  o.eclipse.m2e.core.internal.Bundles - 	Entry: C:\Users\wickr\.p2\pool\plugins\org.eclipse.m2e.maven.runtime_3.9.900.20250220-2013\jars\maven-compat-3.9.9.jar
2025-07-31 18:07:34,517 [Worker-70: Launching pahanaedu-online] INFO  o.eclipse.m2e.core.internal.Bundles - 	Entry: C:\Users\wickr\.p2\pool\plugins\org.eclipse.m2e.maven.runtime_3.9.900.20250220-2013\jars\maven-core-3.9.9.jar
2025-07-31 18:07:34,517 [Worker-70: Launching pahanaedu-online] INFO  o.eclipse.m2e.core.internal.Bundles - 	Entry: C:\Users\wickr\.p2\pool\plugins\org.eclipse.m2e.maven.runtime_3.9.900.20250220-2013\jars\maven-embedder-3.9.9.jar
2025-07-31 18:07:34,517 [Worker-70: Launching pahanaedu-online] INFO  o.eclipse.m2e.core.internal.Bundles - 	Entry: C:\Users\wickr\.p2\pool\plugins\org.eclipse.m2e.maven.runtime_3.9.900.20250220-2013\jars\maven-model-3.9.9.jar
2025-07-31 18:07:34,518 [Worker-70: Launching pahanaedu-online] INFO  o.eclipse.m2e.core.internal.Bundles - 	Entry: C:\Users\wickr\.p2\pool\plugins\org.eclipse.m2e.maven.runtime_3.9.900.20250220-2013\jars\maven-model-builder-3.9.9.jar
2025-07-31 18:07:34,518 [Worker-70: Launching pahanaedu-online] INFO  o.eclipse.m2e.core.internal.Bundles - 	Entry: C:\Users\wickr\.p2\pool\plugins\org.eclipse.m2e.maven.runtime_3.9.900.20250220-2013\jars\maven-plugin-api-3.9.9.jar
2025-07-31 18:07:34,518 [Worker-70: Launching pahanaedu-online] INFO  o.eclipse.m2e.core.internal.Bundles - 	Entry: C:\Users\wickr\.p2\pool\plugins\org.eclipse.m2e.maven.runtime_3.9.900.20250220-2013\jars\maven-repository-metadata-3.9.9.jar
2025-07-31 18:07:34,518 [Worker-70: Launching pahanaedu-online] INFO  o.eclipse.m2e.core.internal.Bundles - 	Entry: C:\Users\wickr\.p2\pool\plugins\org.eclipse.m2e.maven.runtime_3.9.900.20250220-2013\jars\maven-resolver-api-1.9.22.jar
2025-07-31 18:07:34,518 [Worker-70: Launching pahanaedu-online] INFO  o.eclipse.m2e.core.internal.Bundles - 	Entry: C:\Users\wickr\.p2\pool\plugins\org.eclipse.m2e.maven.runtime_3.9.900.20250220-2013\jars\maven-resolver-connector-basic-1.9.22.jar
2025-07-31 18:07:34,518 [Worker-70: Launching pahanaedu-online] INFO  o.eclipse.m2e.core.internal.Bundles - 	Entry: C:\Users\wickr\.p2\pool\plugins\org.eclipse.m2e.maven.runtime_3.9.900.20250220-2013\jars\maven-resolver-impl-1.9.22.jar
2025-07-31 18:07:34,518 [Worker-70: Launching pahanaedu-online] INFO  o.eclipse.m2e.core.internal.Bundles - 	Entry: C:\Users\wickr\.p2\pool\plugins\org.eclipse.m2e.maven.runtime_3.9.900.20250220-2013\jars\maven-resolver-named-locks-1.9.22.jar
2025-07-31 18:07:34,519 [Worker-70: Launching pahanaedu-online] INFO  o.eclipse.m2e.core.internal.Bundles - 	Entry: C:\Users\wickr\.p2\pool\plugins\org.eclipse.m2e.maven.runtime_3.9.900.20250220-2013\jars\maven-resolver-provider-3.9.9.jar
2025-07-31 18:07:34,519 [Worker-70: Launching pahanaedu-online] INFO  o.eclipse.m2e.core.internal.Bundles - 	Entry: C:\Users\wickr\.p2\pool\plugins\org.eclipse.m2e.maven.runtime_3.9.900.20250220-2013\jars\maven-resolver-spi-1.9.22.jar
2025-07-31 18:07:34,519 [Worker-70: Launching pahanaedu-online] INFO  o.eclipse.m2e.core.internal.Bundles - 	Entry: C:\Users\wickr\.p2\pool\plugins\org.eclipse.m2e.maven.runtime_3.9.900.20250220-2013\jars\maven-resolver-transport-file-1.9.22.jar
2025-07-31 18:07:34,519 [Worker-70: Launching pahanaedu-online] INFO  o.eclipse.m2e.core.internal.Bundles - 	Entry: C:\Users\wickr\.p2\pool\plugins\org.eclipse.m2e.maven.runtime_3.9.900.20250220-2013\jars\maven-resolver-transport-http-1.9.22.jar
2025-07-31 18:07:34,519 [Worker-70: Launching pahanaedu-online] INFO  o.eclipse.m2e.core.internal.Bundles - 	Entry: C:\Users\wickr\.p2\pool\plugins\org.eclipse.m2e.maven.runtime_3.9.900.20250220-2013\jars\maven-resolver-transport-wagon-1.9.22.jar
2025-07-31 18:07:34,519 [Worker-70: Launching pahanaedu-online] INFO  o.eclipse.m2e.core.internal.Bundles - 	Entry: C:\Users\wickr\.p2\pool\plugins\org.eclipse.m2e.maven.runtime_3.9.900.20250220-2013\jars\maven-resolver-util-1.9.22.jar
2025-07-31 18:07:34,519 [Worker-70: Launching pahanaedu-online] INFO  o.eclipse.m2e.core.internal.Bundles - 	Entry: C:\Users\wickr\.p2\pool\plugins\org.eclipse.m2e.maven.runtime_3.9.900.20250220-2013\jars\maven-settings-3.9.9.jar
2025-07-31 18:07:34,520 [Worker-70: Launching pahanaedu-online] INFO  o.eclipse.m2e.core.internal.Bundles - 	Entry: C:\Users\wickr\.p2\pool\plugins\org.eclipse.m2e.maven.runtime_3.9.900.20250220-2013\jars\maven-settings-builder-3.9.9.jar
2025-07-31 18:07:34,520 [Worker-70: Launching pahanaedu-online] INFO  o.eclipse.m2e.core.internal.Bundles - 	Entry: C:\Users\wickr\.p2\pool\plugins\org.eclipse.m2e.maven.runtime_3.9.900.20250220-2013\jars\maven-shared-utils-3.4.2.jar
2025-07-31 18:07:34,520 [Worker-70: Launching pahanaedu-online] INFO  o.eclipse.m2e.core.internal.Bundles - 	Entry: C:\Users\wickr\.p2\pool\plugins\org.eclipse.m2e.maven.runtime_3.9.900.20250220-2013\jars\org.eclipse.sisu.inject-0.9.0.M3.jar
2025-07-31 18:07:34,520 [Worker-70: Launching pahanaedu-online] INFO  o.eclipse.m2e.core.internal.Bundles - 	Entry: C:\Users\wickr\.p2\pool\plugins\org.eclipse.m2e.maven.runtime_3.9.900.20250220-2013\jars\org.eclipse.sisu.plexus-0.9.0.M3.jar
2025-07-31 18:07:34,520 [Worker-70: Launching pahanaedu-online] INFO  o.eclipse.m2e.core.internal.Bundles - 	Entry: C:\Users\wickr\.p2\pool\plugins\org.eclipse.m2e.maven.runtime_3.9.900.20250220-2013\jars\plexus-build-api-0.0.7.jar
2025-07-31 18:07:34,520 [Worker-70: Launching pahanaedu-online] INFO  o.eclipse.m2e.core.internal.Bundles - 	Entry: C:\Users\wickr\.p2\pool\plugins\org.eclipse.m2e.maven.runtime_3.9.900.20250220-2013\jars\plexus-build-api-1.2.0.jar
2025-07-31 18:07:34,520 [Worker-70: Launching pahanaedu-online] INFO  o.eclipse.m2e.core.internal.Bundles - 	Entry: C:\Users\wickr\.p2\pool\plugins\org.eclipse.m2e.maven.runtime_3.9.900.20250220-2013\jars\plexus-cipher-2.0.jar
2025-07-31 18:07:34,521 [Worker-70: Launching pahanaedu-online] INFO  o.eclipse.m2e.core.internal.Bundles - 	Entry: C:\Users\wickr\.p2\pool\plugins\org.eclipse.m2e.maven.runtime_3.9.900.20250220-2013\jars\plexus-classworlds-2.8.0.jar
2025-07-31 18:07:34,521 [Worker-70: Launching pahanaedu-online] INFO  o.eclipse.m2e.core.internal.Bundles - 	Entry: C:\Users\wickr\.p2\pool\plugins\org.eclipse.m2e.maven.runtime_3.9.900.20250220-2013\jars\plexus-component-annotations-2.1.0.jar
2025-07-31 18:07:34,521 [Worker-70: Launching pahanaedu-online] INFO  o.eclipse.m2e.core.internal.Bundles - 	Entry: C:\Users\wickr\.p2\pool\plugins\org.eclipse.m2e.maven.runtime_3.9.900.20250220-2013\jars\plexus-interpolation-1.27.jar
2025-07-31 18:07:34,521 [Worker-70: Launching pahanaedu-online] INFO  o.eclipse.m2e.core.internal.Bundles - 	Entry: C:\Users\wickr\.p2\pool\plugins\org.eclipse.m2e.maven.runtime_3.9.900.20250220-2013\jars\plexus-sec-dispatcher-2.0.jar
2025-07-31 18:07:34,521 [Worker-70: Launching pahanaedu-online] INFO  o.eclipse.m2e.core.internal.Bundles - 	Entry: C:\Users\wickr\.p2\pool\plugins\org.eclipse.m2e.maven.runtime_3.9.900.20250220-2013\jars\plexus-utils-3.5.1.jar
2025-07-31 18:07:34,521 [Worker-70: Launching pahanaedu-online] INFO  o.eclipse.m2e.core.internal.Bundles - 	Entry: C:\Users\wickr\.p2\pool\plugins\org.eclipse.m2e.maven.runtime_3.9.900.20250220-2013\jars\plexus-xml-3.0.1.jar
2025-07-31 18:07:34,521 [Worker-70: Launching pahanaedu-online] INFO  o.eclipse.m2e.core.internal.Bundles - 	Entry: C:\Users\wickr\.p2\pool\plugins\org.eclipse.m2e.maven.runtime_3.9.900.20250220-2013\jars\wagon-file-3.5.3.jar
2025-07-31 18:07:34,522 [Worker-70: Launching pahanaedu-online] INFO  o.eclipse.m2e.core.internal.Bundles - 	Entry: C:\Users\wickr\.p2\pool\plugins\org.eclipse.m2e.maven.runtime_3.9.900.20250220-2013\jars\wagon-http-3.5.3.jar
2025-07-31 18:07:34,522 [Worker-70: Launching pahanaedu-online] INFO  o.eclipse.m2e.core.internal.Bundles - 	Entry: C:\Users\wickr\.p2\pool\plugins\org.eclipse.m2e.maven.runtime_3.9.900.20250220-2013\jars\wagon-http-shared-3.5.3.jar
2025-07-31 18:07:34,522 [Worker-70: Launching pahanaedu-online] INFO  o.eclipse.m2e.core.internal.Bundles - 	Entry: C:\Users\wickr\.p2\pool\plugins\org.eclipse.m2e.maven.runtime_3.9.900.20250220-2013\jars\wagon-provider-api-3.5.3.jar
2025-07-31 18:07:34,523 [Worker-70: Launching pahanaedu-online] INFO  o.eclipse.m2e.core.internal.Bundles - getClasspathEntries(Bundle=com.google.guava_33.4.8.jre [18])
2025-07-31 18:07:34,523 [Worker-70: Launching pahanaedu-online] INFO  o.eclipse.m2e.core.internal.Bundles - 	Entry: C:\Users\wickr\.p2\pool\plugins\com.google.guava_33.4.8.jre.jar
2025-07-31 18:07:34,523 [Worker-70: Launching pahanaedu-online] INFO  o.eclipse.m2e.core.internal.Bundles - getClasspathEntries(Bundle=slf4j.api_2.0.17 [1004])
2025-07-31 18:07:34,523 [Worker-70: Launching pahanaedu-online] INFO  o.eclipse.m2e.core.internal.Bundles - 	Entry: C:\Users\wickr\.p2\pool\plugins\slf4j.api_2.0.17.jar
2025-07-31 18:07:34,523 [Worker-70: Launching pahanaedu-online] INFO  o.eclipse.m2e.core.internal.Bundles - getClasspathEntries(Bundle=jakarta.inject.jakarta.inject-api_1.0.5 [35])
2025-07-31 18:07:34,524 [Worker-70: Launching pahanaedu-online] INFO  o.eclipse.m2e.core.internal.Bundles - 	Entry: C:\Users\wickr\.p2\pool\plugins\jakarta.inject.jakarta.inject-api_1.0.5.jar
2025-07-31 18:07:34,524 [Worker-70: Launching pahanaedu-online] INFO  o.eclipse.m2e.core.internal.Bundles - getClasspathEntries(Bundle=javax.annotation_1.3.5.v20200909-1856 [45])
2025-07-31 18:07:34,524 [Worker-70: Launching pahanaedu-online] INFO  o.eclipse.m2e.core.internal.Bundles - 	Entry: C:\Users\wickr\.p2\pool\plugins\javax.annotation_1.3.5.v20200909-1856.jar
2025-07-31 18:07:34,524 [Worker-70: Launching pahanaedu-online] INFO  o.eclipse.m2e.core.internal.Bundles - getClasspathEntries(Bundle=org.apache.commons.cli_1.9.0 [76])
2025-07-31 18:07:34,524 [Worker-70: Launching pahanaedu-online] INFO  o.eclipse.m2e.core.internal.Bundles - 	Entry: C:\Users\wickr\.p2\pool\plugins\org.apache.commons.cli_1.9.0.jar
2025-07-31 18:07:34,524 [Worker-70: Launching pahanaedu-online] INFO  o.eclipse.m2e.core.internal.Bundles - getClasspathEntries(Bundle=org.apache.commons.commons-codec_1.16.0 [78])
2025-07-31 18:07:34,524 [Worker-70: Launching pahanaedu-online] INFO  o.eclipse.m2e.core.internal.Bundles - 	Entry: C:\Users\wickr\.p2\pool\plugins\org.apache.commons.commons-codec_1.16.0.jar
2025-07-31 18:07:34,525 [Worker-70: Launching pahanaedu-online] INFO  o.eclipse.m2e.core.internal.Bundles - getClasspathEntries(Bundle=com.google.guava.failureaccess_1.0.3 [19])
2025-07-31 18:07:34,525 [Worker-70: Launching pahanaedu-online] INFO  o.eclipse.m2e.core.internal.Bundles - 	Entry: C:\Users\wickr\.p2\pool\plugins\com.google.guava.failureaccess_1.0.3.jar
2025-07-31 18:07:34,527 [Worker-70: Launching pahanaedu-online] INFO  o.e.m.i.launch.MavenLaunchDelegate - Run build in "F:\eclipse\pahanabookshop\pahanaedu-online":
2025-07-31 18:07:34,527 [Worker-70: Launching pahanaedu-online] INFO  o.e.m.i.launch.MavenLaunchDelegate -  mvn  -B -Dstyle.color=always 
2025-07-31 18:08:15,034 [Worker-70: Building] INFO  o.a.m.s.f.DefaultMavenResourcesFiltering - Copying 0 resource from src\main\resources to target\classes
2025-07-31 18:08:15,037 [Worker-70: Building] INFO  o.a.m.s.f.DefaultMavenResourcesFiltering - Copying 0 resource from src\test\resources to target\test-classes
2025-07-31 18:08:18,268 [Worker-76: Launching pahanaedu-online] INFO  o.eclipse.m2e.core.internal.Bundles - getClasspathEntries(Bundle=org.eclipse.m2e.maven.runtime_3.9.900.20250220-2013 [639])
2025-07-31 18:08:18,269 [Worker-76: Launching pahanaedu-online] INFO  o.eclipse.m2e.core.internal.Bundles - 	Entry: C:\Users\wickr\.p2\pool\plugins\org.eclipse.m2e.maven.runtime_3.9.900.20250220-2013
2025-07-31 18:08:18,269 [Worker-76: Launching pahanaedu-online] INFO  o.eclipse.m2e.core.internal.Bundles - 	Entry: C:\Users\wickr\.p2\pool\plugins\org.eclipse.m2e.maven.runtime_3.9.900.20250220-2013\jars\aopalliance-1.0.jar
2025-07-31 18:08:18,270 [Worker-76: Launching pahanaedu-online] INFO  o.eclipse.m2e.core.internal.Bundles - 	Entry: C:\Users\wickr\.p2\pool\plugins\org.eclipse.m2e.maven.runtime_3.9.900.20250220-2013\jars\guice-5.1.0.jar
2025-07-31 18:08:18,270 [Worker-76: Launching pahanaedu-online] INFO  o.eclipse.m2e.core.internal.Bundles - 	Entry: C:\Users\wickr\.p2\pool\plugins\org.eclipse.m2e.maven.runtime_3.9.900.20250220-2013\jars\httpclient-4.5.14.jar
2025-07-31 18:08:18,270 [Worker-76: Launching pahanaedu-online] INFO  o.eclipse.m2e.core.internal.Bundles - 	Entry: C:\Users\wickr\.p2\pool\plugins\org.eclipse.m2e.maven.runtime_3.9.900.20250220-2013\jars\httpcore-4.4.16.jar
2025-07-31 18:08:18,270 [Worker-76: Launching pahanaedu-online] INFO  o.eclipse.m2e.core.internal.Bundles - 	Entry: C:\Users\wickr\.p2\pool\plugins\org.eclipse.m2e.maven.runtime_3.9.900.20250220-2013\jars\jansi-2.4.1.jar
2025-07-31 18:08:18,270 [Worker-76: Launching pahanaedu-online] INFO  o.eclipse.m2e.core.internal.Bundles - 	Entry: C:\Users\wickr\.p2\pool\plugins\org.eclipse.m2e.maven.runtime_3.9.900.20250220-2013\jars\jcl-over-slf4j-1.7.36.jar
2025-07-31 18:08:18,270 [Worker-76: Launching pahanaedu-online] INFO  o.eclipse.m2e.core.internal.Bundles - 	Entry: C:\Users\wickr\.p2\pool\plugins\org.eclipse.m2e.maven.runtime_3.9.900.20250220-2013\jars\maven-artifact-3.9.9.jar
2025-07-31 18:08:18,270 [Worker-76: Launching pahanaedu-online] INFO  o.eclipse.m2e.core.internal.Bundles - 	Entry: C:\Users\wickr\.p2\pool\plugins\org.eclipse.m2e.maven.runtime_3.9.900.20250220-2013\jars\maven-builder-support-3.9.9.jar
2025-07-31 18:08:18,271 [Worker-76: Launching pahanaedu-online] INFO  o.eclipse.m2e.core.internal.Bundles - 	Entry: C:\Users\wickr\.p2\pool\plugins\org.eclipse.m2e.maven.runtime_3.9.900.20250220-2013\jars\maven-compat-3.9.9.jar
2025-07-31 18:08:18,271 [Worker-76: Launching pahanaedu-online] INFO  o.eclipse.m2e.core.internal.Bundles - 	Entry: C:\Users\wickr\.p2\pool\plugins\org.eclipse.m2e.maven.runtime_3.9.900.20250220-2013\jars\maven-core-3.9.9.jar
2025-07-31 18:08:18,271 [Worker-76: Launching pahanaedu-online] INFO  o.eclipse.m2e.core.internal.Bundles - 	Entry: C:\Users\wickr\.p2\pool\plugins\org.eclipse.m2e.maven.runtime_3.9.900.20250220-2013\jars\maven-embedder-3.9.9.jar
2025-07-31 18:08:18,271 [Worker-76: Launching pahanaedu-online] INFO  o.eclipse.m2e.core.internal.Bundles - 	Entry: C:\Users\wickr\.p2\pool\plugins\org.eclipse.m2e.maven.runtime_3.9.900.20250220-2013\jars\maven-model-3.9.9.jar
2025-07-31 18:08:18,271 [Worker-76: Launching pahanaedu-online] INFO  o.eclipse.m2e.core.internal.Bundles - 	Entry: C:\Users\wickr\.p2\pool\plugins\org.eclipse.m2e.maven.runtime_3.9.900.20250220-2013\jars\maven-model-builder-3.9.9.jar
2025-07-31 18:08:18,272 [Worker-76: Launching pahanaedu-online] INFO  o.eclipse.m2e.core.internal.Bundles - 	Entry: C:\Users\wickr\.p2\pool\plugins\org.eclipse.m2e.maven.runtime_3.9.900.20250220-2013\jars\maven-plugin-api-3.9.9.jar
2025-07-31 18:08:18,272 [Worker-76: Launching pahanaedu-online] INFO  o.eclipse.m2e.core.internal.Bundles - 	Entry: C:\Users\wickr\.p2\pool\plugins\org.eclipse.m2e.maven.runtime_3.9.900.20250220-2013\jars\maven-repository-metadata-3.9.9.jar
2025-07-31 18:08:18,272 [Worker-76: Launching pahanaedu-online] INFO  o.eclipse.m2e.core.internal.Bundles - 	Entry: C:\Users\wickr\.p2\pool\plugins\org.eclipse.m2e.maven.runtime_3.9.900.20250220-2013\jars\maven-resolver-api-1.9.22.jar
2025-07-31 18:08:18,272 [Worker-76: Launching pahanaedu-online] INFO  o.eclipse.m2e.core.internal.Bundles - 	Entry: C:\Users\wickr\.p2\pool\plugins\org.eclipse.m2e.maven.runtime_3.9.900.20250220-2013\jars\maven-resolver-connector-basic-1.9.22.jar
2025-07-31 18:08:18,272 [Worker-76: Launching pahanaedu-online] INFO  o.eclipse.m2e.core.internal.Bundles - 	Entry: C:\Users\wickr\.p2\pool\plugins\org.eclipse.m2e.maven.runtime_3.9.900.20250220-2013\jars\maven-resolver-impl-1.9.22.jar
2025-07-31 18:08:18,272 [Worker-76: Launching pahanaedu-online] INFO  o.eclipse.m2e.core.internal.Bundles - 	Entry: C:\Users\wickr\.p2\pool\plugins\org.eclipse.m2e.maven.runtime_3.9.900.20250220-2013\jars\maven-resolver-named-locks-1.9.22.jar
2025-07-31 18:08:18,273 [Worker-76: Launching pahanaedu-online] INFO  o.eclipse.m2e.core.internal.Bundles - 	Entry: C:\Users\wickr\.p2\pool\plugins\org.eclipse.m2e.maven.runtime_3.9.900.20250220-2013\jars\maven-resolver-provider-3.9.9.jar
2025-07-31 18:08:18,273 [Worker-76: Launching pahanaedu-online] INFO  o.eclipse.m2e.core.internal.Bundles - 	Entry: C:\Users\wickr\.p2\pool\plugins\org.eclipse.m2e.maven.runtime_3.9.900.20250220-2013\jars\maven-resolver-spi-1.9.22.jar
2025-07-31 18:08:18,273 [Worker-76: Launching pahanaedu-online] INFO  o.eclipse.m2e.core.internal.Bundles - 	Entry: C:\Users\wickr\.p2\pool\plugins\org.eclipse.m2e.maven.runtime_3.9.900.20250220-2013\jars\maven-resolver-transport-file-1.9.22.jar
2025-07-31 18:08:18,273 [Worker-76: Launching pahanaedu-online] INFO  o.eclipse.m2e.core.internal.Bundles - 	Entry: C:\Users\wickr\.p2\pool\plugins\org.eclipse.m2e.maven.runtime_3.9.900.20250220-2013\jars\maven-resolver-transport-http-1.9.22.jar
2025-07-31 18:08:18,273 [Worker-76: Launching pahanaedu-online] INFO  o.eclipse.m2e.core.internal.Bundles - 	Entry: C:\Users\wickr\.p2\pool\plugins\org.eclipse.m2e.maven.runtime_3.9.900.20250220-2013\jars\maven-resolver-transport-wagon-1.9.22.jar
2025-07-31 18:08:18,273 [Worker-76: Launching pahanaedu-online] INFO  o.eclipse.m2e.core.internal.Bundles - 	Entry: C:\Users\wickr\.p2\pool\plugins\org.eclipse.m2e.maven.runtime_3.9.900.20250220-2013\jars\maven-resolver-util-1.9.22.jar
2025-07-31 18:08:18,273 [Worker-76: Launching pahanaedu-online] INFO  o.eclipse.m2e.core.internal.Bundles - 	Entry: C:\Users\wickr\.p2\pool\plugins\org.eclipse.m2e.maven.runtime_3.9.900.20250220-2013\jars\maven-settings-3.9.9.jar
2025-07-31 18:08:18,274 [Worker-76: Launching pahanaedu-online] INFO  o.eclipse.m2e.core.internal.Bundles - 	Entry: C:\Users\wickr\.p2\pool\plugins\org.eclipse.m2e.maven.runtime_3.9.900.20250220-2013\jars\maven-settings-builder-3.9.9.jar
2025-07-31 18:08:18,274 [Worker-76: Launching pahanaedu-online] INFO  o.eclipse.m2e.core.internal.Bundles - 	Entry: C:\Users\wickr\.p2\pool\plugins\org.eclipse.m2e.maven.runtime_3.9.900.20250220-2013\jars\maven-shared-utils-3.4.2.jar
2025-07-31 18:08:18,274 [Worker-76: Launching pahanaedu-online] INFO  o.eclipse.m2e.core.internal.Bundles - 	Entry: C:\Users\wickr\.p2\pool\plugins\org.eclipse.m2e.maven.runtime_3.9.900.20250220-2013\jars\org.eclipse.sisu.inject-0.9.0.M3.jar
2025-07-31 18:08:18,274 [Worker-76: Launching pahanaedu-online] INFO  o.eclipse.m2e.core.internal.Bundles - 	Entry: C:\Users\wickr\.p2\pool\plugins\org.eclipse.m2e.maven.runtime_3.9.900.20250220-2013\jars\org.eclipse.sisu.plexus-0.9.0.M3.jar
2025-07-31 18:08:18,274 [Worker-76: Launching pahanaedu-online] INFO  o.eclipse.m2e.core.internal.Bundles - 	Entry: C:\Users\wickr\.p2\pool\plugins\org.eclipse.m2e.maven.runtime_3.9.900.20250220-2013\jars\plexus-build-api-0.0.7.jar
2025-07-31 18:08:18,274 [Worker-76: Launching pahanaedu-online] INFO  o.eclipse.m2e.core.internal.Bundles - 	Entry: C:\Users\wickr\.p2\pool\plugins\org.eclipse.m2e.maven.runtime_3.9.900.20250220-2013\jars\plexus-build-api-1.2.0.jar
2025-07-31 18:08:18,274 [Worker-76: Launching pahanaedu-online] INFO  o.eclipse.m2e.core.internal.Bundles - 	Entry: C:\Users\wickr\.p2\pool\plugins\org.eclipse.m2e.maven.runtime_3.9.900.20250220-2013\jars\plexus-cipher-2.0.jar
2025-07-31 18:08:18,275 [Worker-76: Launching pahanaedu-online] INFO  o.eclipse.m2e.core.internal.Bundles - 	Entry: C:\Users\wickr\.p2\pool\plugins\org.eclipse.m2e.maven.runtime_3.9.900.20250220-2013\jars\plexus-classworlds-2.8.0.jar
2025-07-31 18:08:18,275 [Worker-76: Launching pahanaedu-online] INFO  o.eclipse.m2e.core.internal.Bundles - 	Entry: C:\Users\wickr\.p2\pool\plugins\org.eclipse.m2e.maven.runtime_3.9.900.20250220-2013\jars\plexus-component-annotations-2.1.0.jar
2025-07-31 18:08:18,275 [Worker-76: Launching pahanaedu-online] INFO  o.eclipse.m2e.core.internal.Bundles - 	Entry: C:\Users\wickr\.p2\pool\plugins\org.eclipse.m2e.maven.runtime_3.9.900.20250220-2013\jars\plexus-interpolation-1.27.jar
2025-07-31 18:08:18,275 [Worker-76: Launching pahanaedu-online] INFO  o.eclipse.m2e.core.internal.Bundles - 	Entry: C:\Users\wickr\.p2\pool\plugins\org.eclipse.m2e.maven.runtime_3.9.900.20250220-2013\jars\plexus-sec-dispatcher-2.0.jar
2025-07-31 18:08:18,275 [Worker-76: Launching pahanaedu-online] INFO  o.eclipse.m2e.core.internal.Bundles - 	Entry: C:\Users\wickr\.p2\pool\plugins\org.eclipse.m2e.maven.runtime_3.9.900.20250220-2013\jars\plexus-utils-3.5.1.jar
2025-07-31 18:08:18,275 [Worker-76: Launching pahanaedu-online] INFO  o.eclipse.m2e.core.internal.Bundles - 	Entry: C:\Users\wickr\.p2\pool\plugins\org.eclipse.m2e.maven.runtime_3.9.900.20250220-2013\jars\plexus-xml-3.0.1.jar
2025-07-31 18:08:18,275 [Worker-76: Launching pahanaedu-online] INFO  o.eclipse.m2e.core.internal.Bundles - 	Entry: C:\Users\wickr\.p2\pool\plugins\org.eclipse.m2e.maven.runtime_3.9.900.20250220-2013\jars\wagon-file-3.5.3.jar
2025-07-31 18:08:18,276 [Worker-76: Launching pahanaedu-online] INFO  o.eclipse.m2e.core.internal.Bundles - 	Entry: C:\Users\wickr\.p2\pool\plugins\org.eclipse.m2e.maven.runtime_3.9.900.20250220-2013\jars\wagon-http-3.5.3.jar
2025-07-31 18:08:18,276 [Worker-76: Launching pahanaedu-online] INFO  o.eclipse.m2e.core.internal.Bundles - 	Entry: C:\Users\wickr\.p2\pool\plugins\org.eclipse.m2e.maven.runtime_3.9.900.20250220-2013\jars\wagon-http-shared-3.5.3.jar
2025-07-31 18:08:18,276 [Worker-76: Launching pahanaedu-online] INFO  o.eclipse.m2e.core.internal.Bundles - 	Entry: C:\Users\wickr\.p2\pool\plugins\org.eclipse.m2e.maven.runtime_3.9.900.20250220-2013\jars\wagon-provider-api-3.5.3.jar
2025-07-31 18:08:18,276 [Worker-76: Launching pahanaedu-online] INFO  o.eclipse.m2e.core.internal.Bundles - getClasspathEntries(Bundle=com.google.guava_33.4.8.jre [18])
2025-07-31 18:08:18,276 [Worker-76: Launching pahanaedu-online] INFO  o.eclipse.m2e.core.internal.Bundles - 	Entry: C:\Users\wickr\.p2\pool\plugins\com.google.guava_33.4.8.jre.jar
2025-07-31 18:08:18,276 [Worker-76: Launching pahanaedu-online] INFO  o.eclipse.m2e.core.internal.Bundles - getClasspathEntries(Bundle=slf4j.api_2.0.17 [1004])
2025-07-31 18:08:18,277 [Worker-76: Launching pahanaedu-online] INFO  o.eclipse.m2e.core.internal.Bundles - 	Entry: C:\Users\wickr\.p2\pool\plugins\slf4j.api_2.0.17.jar
2025-07-31 18:08:18,277 [Worker-76: Launching pahanaedu-online] INFO  o.eclipse.m2e.core.internal.Bundles - getClasspathEntries(Bundle=jakarta.inject.jakarta.inject-api_1.0.5 [35])
2025-07-31 18:08:18,277 [Worker-76: Launching pahanaedu-online] INFO  o.eclipse.m2e.core.internal.Bundles - 	Entry: C:\Users\wickr\.p2\pool\plugins\jakarta.inject.jakarta.inject-api_1.0.5.jar
2025-07-31 18:08:18,277 [Worker-76: Launching pahanaedu-online] INFO  o.eclipse.m2e.core.internal.Bundles - getClasspathEntries(Bundle=javax.annotation_1.3.5.v20200909-1856 [45])
2025-07-31 18:08:18,277 [Worker-76: Launching pahanaedu-online] INFO  o.eclipse.m2e.core.internal.Bundles - 	Entry: C:\Users\wickr\.p2\pool\plugins\javax.annotation_1.3.5.v20200909-1856.jar
2025-07-31 18:08:18,277 [Worker-76: Launching pahanaedu-online] INFO  o.eclipse.m2e.core.internal.Bundles - getClasspathEntries(Bundle=org.apache.commons.cli_1.9.0 [76])
2025-07-31 18:08:18,278 [Worker-76: Launching pahanaedu-online] INFO  o.eclipse.m2e.core.internal.Bundles - 	Entry: C:\Users\wickr\.p2\pool\plugins\org.apache.commons.cli_1.9.0.jar
2025-07-31 18:08:18,278 [Worker-76: Launching pahanaedu-online] INFO  o.eclipse.m2e.core.internal.Bundles - getClasspathEntries(Bundle=org.apache.commons.commons-codec_1.16.0 [78])
2025-07-31 18:08:18,278 [Worker-76: Launching pahanaedu-online] INFO  o.eclipse.m2e.core.internal.Bundles - 	Entry: C:\Users\wickr\.p2\pool\plugins\org.apache.commons.commons-codec_1.16.0.jar
2025-07-31 18:08:18,278 [Worker-76: Launching pahanaedu-online] INFO  o.eclipse.m2e.core.internal.Bundles - getClasspathEntries(Bundle=com.google.guava.failureaccess_1.0.3 [19])
2025-07-31 18:08:18,278 [Worker-76: Launching pahanaedu-online] INFO  o.eclipse.m2e.core.internal.Bundles - 	Entry: C:\Users\wickr\.p2\pool\plugins\com.google.guava.failureaccess_1.0.3.jar
2025-07-31 18:08:18,279 [Worker-76: Launching pahanaedu-online] INFO  o.e.m.i.launch.MavenLaunchDelegate - Run build in "F:\eclipse\pahanabookshop\pahanaedu-online":
2025-07-31 18:08:18,279 [Worker-76: Launching pahanaedu-online] INFO  o.e.m.i.launch.MavenLaunchDelegate -  mvn  -B -Dstyle.color=always 
2025-07-31 18:09:31,515 [Worker-72: Launching pahanaedu-online] INFO  o.eclipse.m2e.core.internal.Bundles - getClasspathEntries(Bundle=org.eclipse.m2e.maven.runtime_3.9.900.20250220-2013 [639])
2025-07-31 18:09:31,516 [Worker-72: Launching pahanaedu-online] INFO  o.eclipse.m2e.core.internal.Bundles - 	Entry: C:\Users\wickr\.p2\pool\plugins\org.eclipse.m2e.maven.runtime_3.9.900.20250220-2013
2025-07-31 18:09:31,516 [Worker-72: Launching pahanaedu-online] INFO  o.eclipse.m2e.core.internal.Bundles - 	Entry: C:\Users\wickr\.p2\pool\plugins\org.eclipse.m2e.maven.runtime_3.9.900.20250220-2013\jars\aopalliance-1.0.jar
2025-07-31 18:09:31,516 [Worker-72: Launching pahanaedu-online] INFO  o.eclipse.m2e.core.internal.Bundles - 	Entry: C:\Users\wickr\.p2\pool\plugins\org.eclipse.m2e.maven.runtime_3.9.900.20250220-2013\jars\guice-5.1.0.jar
2025-07-31 18:09:31,516 [Worker-72: Launching pahanaedu-online] INFO  o.eclipse.m2e.core.internal.Bundles - 	Entry: C:\Users\wickr\.p2\pool\plugins\org.eclipse.m2e.maven.runtime_3.9.900.20250220-2013\jars\httpclient-4.5.14.jar
2025-07-31 18:09:31,516 [Worker-72: Launching pahanaedu-online] INFO  o.eclipse.m2e.core.internal.Bundles - 	Entry: C:\Users\wickr\.p2\pool\plugins\org.eclipse.m2e.maven.runtime_3.9.900.20250220-2013\jars\httpcore-4.4.16.jar
2025-07-31 18:09:31,517 [Worker-72: Launching pahanaedu-online] INFO  o.eclipse.m2e.core.internal.Bundles - 	Entry: C:\Users\wickr\.p2\pool\plugins\org.eclipse.m2e.maven.runtime_3.9.900.20250220-2013\jars\jansi-2.4.1.jar
2025-07-31 18:09:31,517 [Worker-72: Launching pahanaedu-online] INFO  o.eclipse.m2e.core.internal.Bundles - 	Entry: C:\Users\wickr\.p2\pool\plugins\org.eclipse.m2e.maven.runtime_3.9.900.20250220-2013\jars\jcl-over-slf4j-1.7.36.jar
2025-07-31 18:09:31,517 [Worker-72: Launching pahanaedu-online] INFO  o.eclipse.m2e.core.internal.Bundles - 	Entry: C:\Users\wickr\.p2\pool\plugins\org.eclipse.m2e.maven.runtime_3.9.900.20250220-2013\jars\maven-artifact-3.9.9.jar
2025-07-31 18:09:31,517 [Worker-72: Launching pahanaedu-online] INFO  o.eclipse.m2e.core.internal.Bundles - 	Entry: C:\Users\wickr\.p2\pool\plugins\org.eclipse.m2e.maven.runtime_3.9.900.20250220-2013\jars\maven-builder-support-3.9.9.jar
2025-07-31 18:09:31,517 [Worker-72: Launching pahanaedu-online] INFO  o.eclipse.m2e.core.internal.Bundles - 	Entry: C:\Users\wickr\.p2\pool\plugins\org.eclipse.m2e.maven.runtime_3.9.900.20250220-2013\jars\maven-compat-3.9.9.jar
2025-07-31 18:09:31,517 [Worker-72: Launching pahanaedu-online] INFO  o.eclipse.m2e.core.internal.Bundles - 	Entry: C:\Users\wickr\.p2\pool\plugins\org.eclipse.m2e.maven.runtime_3.9.900.20250220-2013\jars\maven-core-3.9.9.jar
2025-07-31 18:09:31,517 [Worker-72: Launching pahanaedu-online] INFO  o.eclipse.m2e.core.internal.Bundles - 	Entry: C:\Users\wickr\.p2\pool\plugins\org.eclipse.m2e.maven.runtime_3.9.900.20250220-2013\jars\maven-embedder-3.9.9.jar
2025-07-31 18:09:31,517 [Worker-72: Launching pahanaedu-online] INFO  o.eclipse.m2e.core.internal.Bundles - 	Entry: C:\Users\wickr\.p2\pool\plugins\org.eclipse.m2e.maven.runtime_3.9.900.20250220-2013\jars\maven-model-3.9.9.jar
2025-07-31 18:09:31,518 [Worker-72: Launching pahanaedu-online] INFO  o.eclipse.m2e.core.internal.Bundles - 	Entry: C:\Users\wickr\.p2\pool\plugins\org.eclipse.m2e.maven.runtime_3.9.900.20250220-2013\jars\maven-model-builder-3.9.9.jar
2025-07-31 18:09:31,518 [Worker-72: Launching pahanaedu-online] INFO  o.eclipse.m2e.core.internal.Bundles - 	Entry: C:\Users\wickr\.p2\pool\plugins\org.eclipse.m2e.maven.runtime_3.9.900.20250220-2013\jars\maven-plugin-api-3.9.9.jar
2025-07-31 18:09:31,518 [Worker-72: Launching pahanaedu-online] INFO  o.eclipse.m2e.core.internal.Bundles - 	Entry: C:\Users\wickr\.p2\pool\plugins\org.eclipse.m2e.maven.runtime_3.9.900.20250220-2013\jars\maven-repository-metadata-3.9.9.jar
2025-07-31 18:09:31,518 [Worker-72: Launching pahanaedu-online] INFO  o.eclipse.m2e.core.internal.Bundles - 	Entry: C:\Users\wickr\.p2\pool\plugins\org.eclipse.m2e.maven.runtime_3.9.900.20250220-2013\jars\maven-resolver-api-1.9.22.jar
2025-07-31 18:09:31,518 [Worker-72: Launching pahanaedu-online] INFO  o.eclipse.m2e.core.internal.Bundles - 	Entry: C:\Users\wickr\.p2\pool\plugins\org.eclipse.m2e.maven.runtime_3.9.900.20250220-2013\jars\maven-resolver-connector-basic-1.9.22.jar
2025-07-31 18:09:31,518 [Worker-72: Launching pahanaedu-online] INFO  o.eclipse.m2e.core.internal.Bundles - 	Entry: C:\Users\wickr\.p2\pool\plugins\org.eclipse.m2e.maven.runtime_3.9.900.20250220-2013\jars\maven-resolver-impl-1.9.22.jar
2025-07-31 18:09:31,518 [Worker-72: Launching pahanaedu-online] INFO  o.eclipse.m2e.core.internal.Bundles - 	Entry: C:\Users\wickr\.p2\pool\plugins\org.eclipse.m2e.maven.runtime_3.9.900.20250220-2013\jars\maven-resolver-named-locks-1.9.22.jar
2025-07-31 18:09:31,519 [Worker-72: Launching pahanaedu-online] INFO  o.eclipse.m2e.core.internal.Bundles - 	Entry: C:\Users\wickr\.p2\pool\plugins\org.eclipse.m2e.maven.runtime_3.9.900.20250220-2013\jars\maven-resolver-provider-3.9.9.jar
2025-07-31 18:09:31,519 [Worker-72: Launching pahanaedu-online] INFO  o.eclipse.m2e.core.internal.Bundles - 	Entry: C:\Users\wickr\.p2\pool\plugins\org.eclipse.m2e.maven.runtime_3.9.900.20250220-2013\jars\maven-resolver-spi-1.9.22.jar
2025-07-31 18:09:31,519 [Worker-72: Launching pahanaedu-online] INFO  o.eclipse.m2e.core.internal.Bundles - 	Entry: C:\Users\wickr\.p2\pool\plugins\org.eclipse.m2e.maven.runtime_3.9.900.20250220-2013\jars\maven-resolver-transport-file-1.9.22.jar
2025-07-31 18:09:31,519 [Worker-72: Launching pahanaedu-online] INFO  o.eclipse.m2e.core.internal.Bundles - 	Entry: C:\Users\wickr\.p2\pool\plugins\org.eclipse.m2e.maven.runtime_3.9.900.20250220-2013\jars\maven-resolver-transport-http-1.9.22.jar
2025-07-31 18:09:31,519 [Worker-72: Launching pahanaedu-online] INFO  o.eclipse.m2e.core.internal.Bundles - 	Entry: C:\Users\wickr\.p2\pool\plugins\org.eclipse.m2e.maven.runtime_3.9.900.20250220-2013\jars\maven-resolver-transport-wagon-1.9.22.jar
2025-07-31 18:09:31,519 [Worker-72: Launching pahanaedu-online] INFO  o.eclipse.m2e.core.internal.Bundles - 	Entry: C:\Users\wickr\.p2\pool\plugins\org.eclipse.m2e.maven.runtime_3.9.900.20250220-2013\jars\maven-resolver-util-1.9.22.jar
2025-07-31 18:09:31,519 [Worker-72: Launching pahanaedu-online] INFO  o.eclipse.m2e.core.internal.Bundles - 	Entry: C:\Users\wickr\.p2\pool\plugins\org.eclipse.m2e.maven.runtime_3.9.900.20250220-2013\jars\maven-settings-3.9.9.jar
2025-07-31 18:09:31,519 [Worker-72: Launching pahanaedu-online] INFO  o.eclipse.m2e.core.internal.Bundles - 	Entry: C:\Users\wickr\.p2\pool\plugins\org.eclipse.m2e.maven.runtime_3.9.900.20250220-2013\jars\maven-settings-builder-3.9.9.jar
2025-07-31 18:09:31,520 [Worker-72: Launching pahanaedu-online] INFO  o.eclipse.m2e.core.internal.Bundles - 	Entry: C:\Users\wickr\.p2\pool\plugins\org.eclipse.m2e.maven.runtime_3.9.900.20250220-2013\jars\maven-shared-utils-3.4.2.jar
2025-07-31 18:09:31,520 [Worker-72: Launching pahanaedu-online] INFO  o.eclipse.m2e.core.internal.Bundles - 	Entry: C:\Users\wickr\.p2\pool\plugins\org.eclipse.m2e.maven.runtime_3.9.900.20250220-2013\jars\org.eclipse.sisu.inject-0.9.0.M3.jar
2025-07-31 18:09:31,520 [Worker-72: Launching pahanaedu-online] INFO  o.eclipse.m2e.core.internal.Bundles - 	Entry: C:\Users\wickr\.p2\pool\plugins\org.eclipse.m2e.maven.runtime_3.9.900.20250220-2013\jars\org.eclipse.sisu.plexus-0.9.0.M3.jar
2025-07-31 18:09:31,520 [Worker-72: Launching pahanaedu-online] INFO  o.eclipse.m2e.core.internal.Bundles - 	Entry: C:\Users\wickr\.p2\pool\plugins\org.eclipse.m2e.maven.runtime_3.9.900.20250220-2013\jars\plexus-build-api-0.0.7.jar
2025-07-31 18:09:31,520 [Worker-72: Launching pahanaedu-online] INFO  o.eclipse.m2e.core.internal.Bundles - 	Entry: C:\Users\wickr\.p2\pool\plugins\org.eclipse.m2e.maven.runtime_3.9.900.20250220-2013\jars\plexus-build-api-1.2.0.jar
2025-07-31 18:09:31,520 [Worker-72: Launching pahanaedu-online] INFO  o.eclipse.m2e.core.internal.Bundles - 	Entry: C:\Users\wickr\.p2\pool\plugins\org.eclipse.m2e.maven.runtime_3.9.900.20250220-2013\jars\plexus-cipher-2.0.jar
2025-07-31 18:09:31,520 [Worker-72: Launching pahanaedu-online] INFO  o.eclipse.m2e.core.internal.Bundles - 	Entry: C:\Users\wickr\.p2\pool\plugins\org.eclipse.m2e.maven.runtime_3.9.900.20250220-2013\jars\plexus-classworlds-2.8.0.jar
2025-07-31 18:09:31,520 [Worker-72: Launching pahanaedu-online] INFO  o.eclipse.m2e.core.internal.Bundles - 	Entry: C:\Users\wickr\.p2\pool\plugins\org.eclipse.m2e.maven.runtime_3.9.900.20250220-2013\jars\plexus-component-annotations-2.1.0.jar
2025-07-31 18:09:31,521 [Worker-72: Launching pahanaedu-online] INFO  o.eclipse.m2e.core.internal.Bundles - 	Entry: C:\Users\wickr\.p2\pool\plugins\org.eclipse.m2e.maven.runtime_3.9.900.20250220-2013\jars\plexus-interpolation-1.27.jar
2025-07-31 18:09:31,521 [Worker-72: Launching pahanaedu-online] INFO  o.eclipse.m2e.core.internal.Bundles - 	Entry: C:\Users\wickr\.p2\pool\plugins\org.eclipse.m2e.maven.runtime_3.9.900.20250220-2013\jars\plexus-sec-dispatcher-2.0.jar
2025-07-31 18:09:31,521 [Worker-72: Launching pahanaedu-online] INFO  o.eclipse.m2e.core.internal.Bundles - 	Entry: C:\Users\wickr\.p2\pool\plugins\org.eclipse.m2e.maven.runtime_3.9.900.20250220-2013\jars\plexus-utils-3.5.1.jar
2025-07-31 18:09:31,521 [Worker-72: Launching pahanaedu-online] INFO  o.eclipse.m2e.core.internal.Bundles - 	Entry: C:\Users\wickr\.p2\pool\plugins\org.eclipse.m2e.maven.runtime_3.9.900.20250220-2013\jars\plexus-xml-3.0.1.jar
2025-07-31 18:09:31,521 [Worker-72: Launching pahanaedu-online] INFO  o.eclipse.m2e.core.internal.Bundles - 	Entry: C:\Users\wickr\.p2\pool\plugins\org.eclipse.m2e.maven.runtime_3.9.900.20250220-2013\jars\wagon-file-3.5.3.jar
2025-07-31 18:09:31,521 [Worker-72: Launching pahanaedu-online] INFO  o.eclipse.m2e.core.internal.Bundles - 	Entry: C:\Users\wickr\.p2\pool\plugins\org.eclipse.m2e.maven.runtime_3.9.900.20250220-2013\jars\wagon-http-3.5.3.jar
2025-07-31 18:09:31,521 [Worker-72: Launching pahanaedu-online] INFO  o.eclipse.m2e.core.internal.Bundles - 	Entry: C:\Users\wickr\.p2\pool\plugins\org.eclipse.m2e.maven.runtime_3.9.900.20250220-2013\jars\wagon-http-shared-3.5.3.jar
2025-07-31 18:09:31,522 [Worker-72: Launching pahanaedu-online] INFO  o.eclipse.m2e.core.internal.Bundles - 	Entry: C:\Users\wickr\.p2\pool\plugins\org.eclipse.m2e.maven.runtime_3.9.900.20250220-2013\jars\wagon-provider-api-3.5.3.jar
2025-07-31 18:09:31,522 [Worker-72: Launching pahanaedu-online] INFO  o.eclipse.m2e.core.internal.Bundles - getClasspathEntries(Bundle=com.google.guava_33.4.8.jre [18])
2025-07-31 18:09:31,522 [Worker-72: Launching pahanaedu-online] INFO  o.eclipse.m2e.core.internal.Bundles - 	Entry: C:\Users\wickr\.p2\pool\plugins\com.google.guava_33.4.8.jre.jar
2025-07-31 18:09:31,522 [Worker-72: Launching pahanaedu-online] INFO  o.eclipse.m2e.core.internal.Bundles - getClasspathEntries(Bundle=slf4j.api_2.0.17 [1004])
2025-07-31 18:09:31,522 [Worker-72: Launching pahanaedu-online] INFO  o.eclipse.m2e.core.internal.Bundles - 	Entry: C:\Users\wickr\.p2\pool\plugins\slf4j.api_2.0.17.jar
2025-07-31 18:09:31,522 [Worker-72: Launching pahanaedu-online] INFO  o.eclipse.m2e.core.internal.Bundles - getClasspathEntries(Bundle=jakarta.inject.jakarta.inject-api_1.0.5 [35])
2025-07-31 18:09:31,523 [Worker-72: Launching pahanaedu-online] INFO  o.eclipse.m2e.core.internal.Bundles - 	Entry: C:\Users\wickr\.p2\pool\plugins\jakarta.inject.jakarta.inject-api_1.0.5.jar
2025-07-31 18:09:31,523 [Worker-72: Launching pahanaedu-online] INFO  o.eclipse.m2e.core.internal.Bundles - getClasspathEntries(Bundle=javax.annotation_1.3.5.v20200909-1856 [45])
2025-07-31 18:09:31,523 [Worker-72: Launching pahanaedu-online] INFO  o.eclipse.m2e.core.internal.Bundles - 	Entry: C:\Users\wickr\.p2\pool\plugins\javax.annotation_1.3.5.v20200909-1856.jar
2025-07-31 18:09:31,523 [Worker-72: Launching pahanaedu-online] INFO  o.eclipse.m2e.core.internal.Bundles - getClasspathEntries(Bundle=org.apache.commons.cli_1.9.0 [76])
2025-07-31 18:09:31,524 [Worker-72: Launching pahanaedu-online] INFO  o.eclipse.m2e.core.internal.Bundles - 	Entry: C:\Users\wickr\.p2\pool\plugins\org.apache.commons.cli_1.9.0.jar
2025-07-31 18:09:31,524 [Worker-72: Launching pahanaedu-online] INFO  o.eclipse.m2e.core.internal.Bundles - getClasspathEntries(Bundle=org.apache.commons.commons-codec_1.16.0 [78])
2025-07-31 18:09:31,524 [Worker-72: Launching pahanaedu-online] INFO  o.eclipse.m2e.core.internal.Bundles - 	Entry: C:\Users\wickr\.p2\pool\plugins\org.apache.commons.commons-codec_1.16.0.jar
2025-07-31 18:09:31,524 [Worker-72: Launching pahanaedu-online] INFO  o.eclipse.m2e.core.internal.Bundles - getClasspathEntries(Bundle=com.google.guava.failureaccess_1.0.3 [19])
2025-07-31 18:09:31,524 [Worker-72: Launching pahanaedu-online] INFO  o.eclipse.m2e.core.internal.Bundles - 	Entry: C:\Users\wickr\.p2\pool\plugins\com.google.guava.failureaccess_1.0.3.jar
2025-07-31 18:09:31,525 [Worker-72: Launching pahanaedu-online] INFO  o.e.m.i.launch.MavenLaunchDelegate - Run build in "F:\eclipse\pahanabookshop\pahanaedu-online":
2025-07-31 18:09:31,525 [Worker-72: Launching pahanaedu-online] INFO  o.e.m.i.launch.MavenLaunchDelegate -  mvn  -B -Dstyle.color=always 
2025-07-31 18:09:46,496 [Worker-71: Launching pahanaedu-online] INFO  o.eclipse.m2e.core.internal.Bundles - getClasspathEntries(Bundle=org.eclipse.m2e.maven.runtime_3.9.900.20250220-2013 [639])
2025-07-31 18:09:46,497 [Worker-71: Launching pahanaedu-online] INFO  o.eclipse.m2e.core.internal.Bundles - 	Entry: C:\Users\wickr\.p2\pool\plugins\org.eclipse.m2e.maven.runtime_3.9.900.20250220-2013
2025-07-31 18:09:46,497 [Worker-71: Launching pahanaedu-online] INFO  o.eclipse.m2e.core.internal.Bundles - 	Entry: C:\Users\wickr\.p2\pool\plugins\org.eclipse.m2e.maven.runtime_3.9.900.20250220-2013\jars\aopalliance-1.0.jar
2025-07-31 18:09:46,497 [Worker-71: Launching pahanaedu-online] INFO  o.eclipse.m2e.core.internal.Bundles - 	Entry: C:\Users\wickr\.p2\pool\plugins\org.eclipse.m2e.maven.runtime_3.9.900.20250220-2013\jars\guice-5.1.0.jar
2025-07-31 18:09:46,497 [Worker-71: Launching pahanaedu-online] INFO  o.eclipse.m2e.core.internal.Bundles - 	Entry: C:\Users\wickr\.p2\pool\plugins\org.eclipse.m2e.maven.runtime_3.9.900.20250220-2013\jars\httpclient-4.5.14.jar
2025-07-31 18:09:46,497 [Worker-71: Launching pahanaedu-online] INFO  o.eclipse.m2e.core.internal.Bundles - 	Entry: C:\Users\wickr\.p2\pool\plugins\org.eclipse.m2e.maven.runtime_3.9.900.20250220-2013\jars\httpcore-4.4.16.jar
2025-07-31 18:09:46,497 [Worker-71: Launching pahanaedu-online] INFO  o.eclipse.m2e.core.internal.Bundles - 	Entry: C:\Users\wickr\.p2\pool\plugins\org.eclipse.m2e.maven.runtime_3.9.900.20250220-2013\jars\jansi-2.4.1.jar
2025-07-31 18:09:46,497 [Worker-71: Launching pahanaedu-online] INFO  o.eclipse.m2e.core.internal.Bundles - 	Entry: C:\Users\wickr\.p2\pool\plugins\org.eclipse.m2e.maven.runtime_3.9.900.20250220-2013\jars\jcl-over-slf4j-1.7.36.jar
2025-07-31 18:09:46,498 [Worker-71: Launching pahanaedu-online] INFO  o.eclipse.m2e.core.internal.Bundles - 	Entry: C:\Users\wickr\.p2\pool\plugins\org.eclipse.m2e.maven.runtime_3.9.900.20250220-2013\jars\maven-artifact-3.9.9.jar
2025-07-31 18:09:46,498 [Worker-71: Launching pahanaedu-online] INFO  o.eclipse.m2e.core.internal.Bundles - 	Entry: C:\Users\wickr\.p2\pool\plugins\org.eclipse.m2e.maven.runtime_3.9.900.20250220-2013\jars\maven-builder-support-3.9.9.jar
2025-07-31 18:09:46,498 [Worker-71: Launching pahanaedu-online] INFO  o.eclipse.m2e.core.internal.Bundles - 	Entry: C:\Users\wickr\.p2\pool\plugins\org.eclipse.m2e.maven.runtime_3.9.900.20250220-2013\jars\maven-compat-3.9.9.jar
2025-07-31 18:09:46,498 [Worker-71: Launching pahanaedu-online] INFO  o.eclipse.m2e.core.internal.Bundles - 	Entry: C:\Users\wickr\.p2\pool\plugins\org.eclipse.m2e.maven.runtime_3.9.900.20250220-2013\jars\maven-core-3.9.9.jar
2025-07-31 18:09:46,498 [Worker-71: Launching pahanaedu-online] INFO  o.eclipse.m2e.core.internal.Bundles - 	Entry: C:\Users\wickr\.p2\pool\plugins\org.eclipse.m2e.maven.runtime_3.9.900.20250220-2013\jars\maven-embedder-3.9.9.jar
2025-07-31 18:09:46,498 [Worker-71: Launching pahanaedu-online] INFO  o.eclipse.m2e.core.internal.Bundles - 	Entry: C:\Users\wickr\.p2\pool\plugins\org.eclipse.m2e.maven.runtime_3.9.900.20250220-2013\jars\maven-model-3.9.9.jar
2025-07-31 18:09:46,498 [Worker-71: Launching pahanaedu-online] INFO  o.eclipse.m2e.core.internal.Bundles - 	Entry: C:\Users\wickr\.p2\pool\plugins\org.eclipse.m2e.maven.runtime_3.9.900.20250220-2013\jars\maven-model-builder-3.9.9.jar
2025-07-31 18:09:46,499 [Worker-71: Launching pahanaedu-online] INFO  o.eclipse.m2e.core.internal.Bundles - 	Entry: C:\Users\wickr\.p2\pool\plugins\org.eclipse.m2e.maven.runtime_3.9.900.20250220-2013\jars\maven-plugin-api-3.9.9.jar
2025-07-31 18:09:46,499 [Worker-71: Launching pahanaedu-online] INFO  o.eclipse.m2e.core.internal.Bundles - 	Entry: C:\Users\wickr\.p2\pool\plugins\org.eclipse.m2e.maven.runtime_3.9.900.20250220-2013\jars\maven-repository-metadata-3.9.9.jar
2025-07-31 18:09:46,499 [Worker-71: Launching pahanaedu-online] INFO  o.eclipse.m2e.core.internal.Bundles - 	Entry: C:\Users\wickr\.p2\pool\plugins\org.eclipse.m2e.maven.runtime_3.9.900.20250220-2013\jars\maven-resolver-api-1.9.22.jar
2025-07-31 18:09:46,499 [Worker-71: Launching pahanaedu-online] INFO  o.eclipse.m2e.core.internal.Bundles - 	Entry: C:\Users\wickr\.p2\pool\plugins\org.eclipse.m2e.maven.runtime_3.9.900.20250220-2013\jars\maven-resolver-connector-basic-1.9.22.jar
2025-07-31 18:09:46,499 [Worker-71: Launching pahanaedu-online] INFO  o.eclipse.m2e.core.internal.Bundles - 	Entry: C:\Users\wickr\.p2\pool\plugins\org.eclipse.m2e.maven.runtime_3.9.900.20250220-2013\jars\maven-resolver-impl-1.9.22.jar
2025-07-31 18:09:46,499 [Worker-71: Launching pahanaedu-online] INFO  o.eclipse.m2e.core.internal.Bundles - 	Entry: C:\Users\wickr\.p2\pool\plugins\org.eclipse.m2e.maven.runtime_3.9.900.20250220-2013\jars\maven-resolver-named-locks-1.9.22.jar
2025-07-31 18:09:46,499 [Worker-71: Launching pahanaedu-online] INFO  o.eclipse.m2e.core.internal.Bundles - 	Entry: C:\Users\wickr\.p2\pool\plugins\org.eclipse.m2e.maven.runtime_3.9.900.20250220-2013\jars\maven-resolver-provider-3.9.9.jar
2025-07-31 18:09:46,499 [Worker-71: Launching pahanaedu-online] INFO  o.eclipse.m2e.core.internal.Bundles - 	Entry: C:\Users\wickr\.p2\pool\plugins\org.eclipse.m2e.maven.runtime_3.9.900.20250220-2013\jars\maven-resolver-spi-1.9.22.jar
2025-07-31 18:09:46,500 [Worker-71: Launching pahanaedu-online] INFO  o.eclipse.m2e.core.internal.Bundles - 	Entry: C:\Users\wickr\.p2\pool\plugins\org.eclipse.m2e.maven.runtime_3.9.900.20250220-2013\jars\maven-resolver-transport-file-1.9.22.jar
2025-07-31 18:09:46,500 [Worker-71: Launching pahanaedu-online] INFO  o.eclipse.m2e.core.internal.Bundles - 	Entry: C:\Users\wickr\.p2\pool\plugins\org.eclipse.m2e.maven.runtime_3.9.900.20250220-2013\jars\maven-resolver-transport-http-1.9.22.jar
2025-07-31 18:09:46,500 [Worker-71: Launching pahanaedu-online] INFO  o.eclipse.m2e.core.internal.Bundles - 	Entry: C:\Users\wickr\.p2\pool\plugins\org.eclipse.m2e.maven.runtime_3.9.900.20250220-2013\jars\maven-resolver-transport-wagon-1.9.22.jar
2025-07-31 18:09:46,500 [Worker-71: Launching pahanaedu-online] INFO  o.eclipse.m2e.core.internal.Bundles - 	Entry: C:\Users\wickr\.p2\pool\plugins\org.eclipse.m2e.maven.runtime_3.9.900.20250220-2013\jars\maven-resolver-util-1.9.22.jar
2025-07-31 18:09:46,500 [Worker-71: Launching pahanaedu-online] INFO  o.eclipse.m2e.core.internal.Bundles - 	Entry: C:\Users\wickr\.p2\pool\plugins\org.eclipse.m2e.maven.runtime_3.9.900.20250220-2013\jars\maven-settings-3.9.9.jar
2025-07-31 18:09:46,500 [Worker-71: Launching pahanaedu-online] INFO  o.eclipse.m2e.core.internal.Bundles - 	Entry: C:\Users\wickr\.p2\pool\plugins\org.eclipse.m2e.maven.runtime_3.9.900.20250220-2013\jars\maven-settings-builder-3.9.9.jar
2025-07-31 18:09:46,500 [Worker-71: Launching pahanaedu-online] INFO  o.eclipse.m2e.core.internal.Bundles - 	Entry: C:\Users\wickr\.p2\pool\plugins\org.eclipse.m2e.maven.runtime_3.9.900.20250220-2013\jars\maven-shared-utils-3.4.2.jar
2025-07-31 18:09:46,501 [Worker-71: Launching pahanaedu-online] INFO  o.eclipse.m2e.core.internal.Bundles - 	Entry: C:\Users\wickr\.p2\pool\plugins\org.eclipse.m2e.maven.runtime_3.9.900.20250220-2013\jars\org.eclipse.sisu.inject-0.9.0.M3.jar
2025-07-31 18:09:46,501 [Worker-71: Launching pahanaedu-online] INFO  o.eclipse.m2e.core.internal.Bundles - 	Entry: C:\Users\wickr\.p2\pool\plugins\org.eclipse.m2e.maven.runtime_3.9.900.20250220-2013\jars\org.eclipse.sisu.plexus-0.9.0.M3.jar
2025-07-31 18:09:46,501 [Worker-71: Launching pahanaedu-online] INFO  o.eclipse.m2e.core.internal.Bundles - 	Entry: C:\Users\wickr\.p2\pool\plugins\org.eclipse.m2e.maven.runtime_3.9.900.20250220-2013\jars\plexus-build-api-0.0.7.jar
2025-07-31 18:09:46,501 [Worker-71: Launching pahanaedu-online] INFO  o.eclipse.m2e.core.internal.Bundles - 	Entry: C:\Users\wickr\.p2\pool\plugins\org.eclipse.m2e.maven.runtime_3.9.900.20250220-2013\jars\plexus-build-api-1.2.0.jar
2025-07-31 18:09:46,501 [Worker-71: Launching pahanaedu-online] INFO  o.eclipse.m2e.core.internal.Bundles - 	Entry: C:\Users\wickr\.p2\pool\plugins\org.eclipse.m2e.maven.runtime_3.9.900.20250220-2013\jars\plexus-cipher-2.0.jar
2025-07-31 18:09:46,501 [Worker-71: Launching pahanaedu-online] INFO  o.eclipse.m2e.core.internal.Bundles - 	Entry: C:\Users\wickr\.p2\pool\plugins\org.eclipse.m2e.maven.runtime_3.9.900.20250220-2013\jars\plexus-classworlds-2.8.0.jar
2025-07-31 18:09:46,501 [Worker-71: Launching pahanaedu-online] INFO  o.eclipse.m2e.core.internal.Bundles - 	Entry: C:\Users\wickr\.p2\pool\plugins\org.eclipse.m2e.maven.runtime_3.9.900.20250220-2013\jars\plexus-component-annotations-2.1.0.jar
2025-07-31 18:09:46,501 [Worker-71: Launching pahanaedu-online] INFO  o.eclipse.m2e.core.internal.Bundles - 	Entry: C:\Users\wickr\.p2\pool\plugins\org.eclipse.m2e.maven.runtime_3.9.900.20250220-2013\jars\plexus-interpolation-1.27.jar
2025-07-31 18:09:46,502 [Worker-71: Launching pahanaedu-online] INFO  o.eclipse.m2e.core.internal.Bundles - 	Entry: C:\Users\wickr\.p2\pool\plugins\org.eclipse.m2e.maven.runtime_3.9.900.20250220-2013\jars\plexus-sec-dispatcher-2.0.jar
2025-07-31 18:09:46,502 [Worker-71: Launching pahanaedu-online] INFO  o.eclipse.m2e.core.internal.Bundles - 	Entry: C:\Users\wickr\.p2\pool\plugins\org.eclipse.m2e.maven.runtime_3.9.900.20250220-2013\jars\plexus-utils-3.5.1.jar
2025-07-31 18:09:46,502 [Worker-71: Launching pahanaedu-online] INFO  o.eclipse.m2e.core.internal.Bundles - 	Entry: C:\Users\wickr\.p2\pool\plugins\org.eclipse.m2e.maven.runtime_3.9.900.20250220-2013\jars\plexus-xml-3.0.1.jar
2025-07-31 18:09:46,502 [Worker-71: Launching pahanaedu-online] INFO  o.eclipse.m2e.core.internal.Bundles - 	Entry: C:\Users\wickr\.p2\pool\plugins\org.eclipse.m2e.maven.runtime_3.9.900.20250220-2013\jars\wagon-file-3.5.3.jar
2025-07-31 18:09:46,502 [Worker-71: Launching pahanaedu-online] INFO  o.eclipse.m2e.core.internal.Bundles - 	Entry: C:\Users\wickr\.p2\pool\plugins\org.eclipse.m2e.maven.runtime_3.9.900.20250220-2013\jars\wagon-http-3.5.3.jar
2025-07-31 18:09:46,502 [Worker-71: Launching pahanaedu-online] INFO  o.eclipse.m2e.core.internal.Bundles - 	Entry: C:\Users\wickr\.p2\pool\plugins\org.eclipse.m2e.maven.runtime_3.9.900.20250220-2013\jars\wagon-http-shared-3.5.3.jar
2025-07-31 18:09:46,503 [Worker-71: Launching pahanaedu-online] INFO  o.eclipse.m2e.core.internal.Bundles - 	Entry: C:\Users\wickr\.p2\pool\plugins\org.eclipse.m2e.maven.runtime_3.9.900.20250220-2013\jars\wagon-provider-api-3.5.3.jar
2025-07-31 18:09:46,503 [Worker-71: Launching pahanaedu-online] INFO  o.eclipse.m2e.core.internal.Bundles - getClasspathEntries(Bundle=com.google.guava_33.4.8.jre [18])
2025-07-31 18:09:46,503 [Worker-71: Launching pahanaedu-online] INFO  o.eclipse.m2e.core.internal.Bundles - 	Entry: C:\Users\wickr\.p2\pool\plugins\com.google.guava_33.4.8.jre.jar
2025-07-31 18:09:46,503 [Worker-71: Launching pahanaedu-online] INFO  o.eclipse.m2e.core.internal.Bundles - getClasspathEntries(Bundle=slf4j.api_2.0.17 [1004])
2025-07-31 18:09:46,503 [Worker-71: Launching pahanaedu-online] INFO  o.eclipse.m2e.core.internal.Bundles - 	Entry: C:\Users\wickr\.p2\pool\plugins\slf4j.api_2.0.17.jar
2025-07-31 18:09:46,503 [Worker-71: Launching pahanaedu-online] INFO  o.eclipse.m2e.core.internal.Bundles - getClasspathEntries(Bundle=jakarta.inject.jakarta.inject-api_1.0.5 [35])
2025-07-31 18:09:46,504 [Worker-71: Launching pahanaedu-online] INFO  o.eclipse.m2e.core.internal.Bundles - 	Entry: C:\Users\wickr\.p2\pool\plugins\jakarta.inject.jakarta.inject-api_1.0.5.jar
2025-07-31 18:09:46,504 [Worker-71: Launching pahanaedu-online] INFO  o.eclipse.m2e.core.internal.Bundles - getClasspathEntries(Bundle=javax.annotation_1.3.5.v20200909-1856 [45])
2025-07-31 18:09:46,504 [Worker-71: Launching pahanaedu-online] INFO  o.eclipse.m2e.core.internal.Bundles - 	Entry: C:\Users\wickr\.p2\pool\plugins\javax.annotation_1.3.5.v20200909-1856.jar
2025-07-31 18:09:46,504 [Worker-71: Launching pahanaedu-online] INFO  o.eclipse.m2e.core.internal.Bundles - getClasspathEntries(Bundle=org.apache.commons.cli_1.9.0 [76])
2025-07-31 18:09:46,504 [Worker-71: Launching pahanaedu-online] INFO  o.eclipse.m2e.core.internal.Bundles - 	Entry: C:\Users\wickr\.p2\pool\plugins\org.apache.commons.cli_1.9.0.jar
2025-07-31 18:09:46,504 [Worker-71: Launching pahanaedu-online] INFO  o.eclipse.m2e.core.internal.Bundles - getClasspathEntries(Bundle=org.apache.commons.commons-codec_1.16.0 [78])
2025-07-31 18:09:46,505 [Worker-71: Launching pahanaedu-online] INFO  o.eclipse.m2e.core.internal.Bundles - 	Entry: C:\Users\wickr\.p2\pool\plugins\org.apache.commons.commons-codec_1.16.0.jar
2025-07-31 18:09:46,505 [Worker-71: Launching pahanaedu-online] INFO  o.eclipse.m2e.core.internal.Bundles - getClasspathEntries(Bundle=com.google.guava.failureaccess_1.0.3 [19])
2025-07-31 18:09:46,505 [Worker-71: Launching pahanaedu-online] INFO  o.eclipse.m2e.core.internal.Bundles - 	Entry: C:\Users\wickr\.p2\pool\plugins\com.google.guava.failureaccess_1.0.3.jar
2025-07-31 18:09:46,506 [Worker-71: Launching pahanaedu-online] INFO  o.e.m.i.launch.MavenLaunchDelegate - Run build in "F:\eclipse\pahanabookshop\pahanaedu-online":
2025-07-31 18:09:46,506 [Worker-71: Launching pahanaedu-online] INFO  o.e.m.i.launch.MavenLaunchDelegate -  mvn  -B -Dstyle.color=always 
2025-07-31 18:12:19,524 [Worker-73: Building] INFO  o.a.m.s.f.DefaultMavenResourcesFiltering - Copying 0 resource from src\main\resources to target\classes
2025-07-31 18:12:19,526 [Worker-73: Building] INFO  o.a.m.s.f.DefaultMavenResourcesFiltering - Copying 0 resource from src\test\resources to target\test-classes
2025-07-31 21:45:55,509 [Worker-3: Loading available Gradle versions] INFO  o.e.b.c.i.u.g.PublishedGradleVersions - Gradle version information cache is up-to-date. Trying to read.
2025-07-31 21:45:57,102 [Worker-8: Building] WARN  o.e.m.c.i.embedder.EclipseLogger - The artifact mysql:mysql-connector-java:jar:8.0.33 has been relocated to com.mysql:mysql-connector-j:jar:8.0.33: MySQL Connector/J artifacts moved to reverse-DNS compliant Maven 2+ coordinates.
2025-08-01 13:06:27,123 [Worker-0: Loading available Gradle versions] INFO  o.e.b.c.i.u.g.PublishedGradleVersions - Gradle version information cache is out-of-date. Trying to update.
2025-08-01 13:06:30,161 [Worker-4: Building] WARN  o.e.m.c.i.embedder.EclipseLogger - The artifact mysql:mysql-connector-java:jar:8.0.33 has been relocated to com.mysql:mysql-connector-j:jar:8.0.33: MySQL Connector/J artifacts moved to reverse-DNS compliant Maven 2+ coordinates.
2025-08-01 13:54:57,256 [Worker-22: Building] INFO  o.a.m.s.f.DefaultMavenResourcesFiltering - Copying 0 resource from src\main\resources to target\classes
2025-08-01 13:54:57,260 [Worker-22: Building] INFO  o.a.m.s.f.DefaultMavenResourcesFiltering - Copying 0 resource from src\test\resources to target\test-classes
2025-08-01 13:57:52,143 [Worker-26: Building] INFO  o.a.m.s.f.DefaultMavenResourcesFiltering - Copying 0 resource from src\main\resources to target\classes
2025-08-01 13:57:52,146 [Worker-26: Building] INFO  o.a.m.s.f.DefaultMavenResourcesFiltering - Copying 0 resource from src\test\resources to target\test-classes
2025-08-02 13:50:47,676 [Worker-3: Loading available Gradle versions] INFO  o.e.b.c.i.u.g.PublishedGradleVersions - Gradle version information cache is out-of-date. Trying to update.
2025-08-02 13:50:49,730 [Worker-2: Building] WARN  o.e.m.c.i.embedder.EclipseLogger - The artifact mysql:mysql-connector-java:jar:8.0.33 has been relocated to com.mysql:mysql-connector-j:jar:8.0.33: MySQL Connector/J artifacts moved to reverse-DNS compliant Maven 2+ coordinates.
2025-08-02 13:50:59,448 [Worker-11: Building] INFO  o.a.m.s.f.DefaultMavenResourcesFiltering - Copying 0 resource from src\main\resources to target\classes
2025-08-02 13:50:59,452 [Worker-11: Building] INFO  o.a.m.s.f.DefaultMavenResourcesFiltering - Copying 0 resource from src\test\resources to target\test-classes
2025-08-02 13:54:26,974 [Worker-7: Building] INFO  o.a.m.s.f.DefaultMavenResourcesFiltering - Copying 0 resource from src\main\resources to target\classes
2025-08-02 13:54:26,977 [Worker-7: Building] INFO  o.a.m.s.f.DefaultMavenResourcesFiltering - Copying 0 resource from src\test\resources to target\test-classes
2025-08-02 13:54:51,091 [Worker-15: Building] INFO  o.a.m.s.f.DefaultMavenResourcesFiltering - Copying 0 resource from src\main\resources to target\classes
2025-08-02 13:54:51,095 [Worker-15: Building] INFO  o.a.m.s.f.DefaultMavenResourcesFiltering - Copying 0 resource from src\test\resources to target\test-classes
2025-08-02 13:55:46,229 [Worker-13: Building] INFO  o.a.m.s.f.DefaultMavenResourcesFiltering - Copying 0 resource from src\main\resources to target\classes
2025-08-02 13:55:46,233 [Worker-13: Building] INFO  o.a.m.s.f.DefaultMavenResourcesFiltering - Copying 0 resource from src\test\resources to target\test-classes
2025-08-02 13:58:45,651 [Worker-5: Building] INFO  o.a.m.s.f.DefaultMavenResourcesFiltering - Copying 0 resource from src\main\resources to target\classes
2025-08-02 13:58:45,654 [Worker-5: Building] INFO  o.a.m.s.f.DefaultMavenResourcesFiltering - Copying 0 resource from src\test\resources to target\test-classes
2025-08-02 14:02:34,014 [Worker-0: Building] INFO  o.a.m.s.f.DefaultMavenResourcesFiltering - Copying 0 resource from src\main\resources to target\classes
2025-08-02 14:02:34,017 [Worker-0: Building] INFO  o.a.m.s.f.DefaultMavenResourcesFiltering - Copying 0 resource from src\test\resources to target\test-classes
2025-08-02 14:07:07,689 [Worker-12: Building] INFO  o.a.m.s.f.DefaultMavenResourcesFiltering - Copying 0 resource from src\main\resources to target\classes
2025-08-02 14:07:07,691 [Worker-12: Building] INFO  o.a.m.s.f.DefaultMavenResourcesFiltering - Copying 0 resource from src\test\resources to target\test-classes
2025-08-02 14:11:46,959 [Worker-8: Building] INFO  o.a.m.s.f.DefaultMavenResourcesFiltering - Copying 0 resource from src\main\resources to target\classes
2025-08-02 14:11:46,962 [Worker-8: Building] INFO  o.a.m.s.f.DefaultMavenResourcesFiltering - Copying 0 resource from src\test\resources to target\test-classes
2025-08-02 14:12:36,103 [Worker-0: Building] INFO  o.a.m.s.f.DefaultMavenResourcesFiltering - Copying 0 resource from src\main\resources to target\classes
2025-08-02 14:12:36,105 [Worker-0: Building] INFO  o.a.m.s.f.DefaultMavenResourcesFiltering - Copying 0 resource from src\test\resources to target\test-classes
2025-08-02 14:15:03,235 [Worker-5: Building] INFO  o.a.m.s.f.DefaultMavenResourcesFiltering - Copying 0 resource from src\main\resources to target\classes
2025-08-02 14:15:03,238 [Worker-5: Building] INFO  o.a.m.s.f.DefaultMavenResourcesFiltering - Copying 0 resource from src\test\resources to target\test-classes
2025-08-02 14:15:48,688 [Worker-12: Building] INFO  o.a.m.s.f.DefaultMavenResourcesFiltering - Copying 0 resource from src\main\resources to target\classes
2025-08-02 14:15:48,690 [Worker-12: Building] INFO  o.a.m.s.f.DefaultMavenResourcesFiltering - Copying 0 resource from src\test\resources to target\test-classes
2025-08-02 14:15:56,734 [Worker-6: Building] INFO  o.a.m.s.f.DefaultMavenResourcesFiltering - Copying 0 resource from src\main\resources to target\classes
2025-08-02 14:15:56,735 [Worker-6: Building] INFO  o.a.m.s.f.DefaultMavenResourcesFiltering - Copying 0 resource from src\test\resources to target\test-classes
2025-08-02 14:16:03,497 [Worker-10: Building] INFO  o.a.m.s.f.DefaultMavenResourcesFiltering - Copying 0 resource from src\main\resources to target\classes
2025-08-02 14:16:03,499 [Worker-10: Building] INFO  o.a.m.s.f.DefaultMavenResourcesFiltering - Copying 0 resource from src\test\resources to target\test-classes
2025-08-02 14:16:15,826 [Worker-4: Building] INFO  o.a.m.s.f.DefaultMavenResourcesFiltering - Copying 0 resource from src\main\resources to target\classes
2025-08-02 14:16:15,828 [Worker-4: Building] INFO  o.a.m.s.f.DefaultMavenResourcesFiltering - Copying 0 resource from src\test\resources to target\test-classes
2025-08-02 14:16:32,001 [Worker-8: Building] INFO  o.a.m.s.f.DefaultMavenResourcesFiltering - Copying 0 resource from src\main\resources to target\classes
2025-08-02 14:16:32,004 [Worker-8: Building] INFO  o.a.m.s.f.DefaultMavenResourcesFiltering - Copying 0 resource from src\test\resources to target\test-classes
2025-08-02 14:17:14,995 [Worker-10: Building] INFO  o.a.m.s.f.DefaultMavenResourcesFiltering - Copying 0 resource from src\main\resources to target\classes
2025-08-02 14:17:14,998 [Worker-10: Building] INFO  o.a.m.s.f.DefaultMavenResourcesFiltering - Copying 0 resource from src\test\resources to target\test-classes
2025-08-02 14:17:31,995 [Worker-7: Building] INFO  o.a.m.s.f.DefaultMavenResourcesFiltering - Copying 0 resource from src\main\resources to target\classes
2025-08-02 14:17:31,998 [Worker-7: Building] INFO  o.a.m.s.f.DefaultMavenResourcesFiltering - Copying 0 resource from src\test\resources to target\test-classes
2025-08-02 14:28:50,584 [Worker-13: Building] INFO  o.a.m.s.f.DefaultMavenResourcesFiltering - Copying 0 resource from src\main\resources to target\classes
2025-08-02 14:28:50,586 [Worker-13: Building] INFO  o.a.m.s.f.DefaultMavenResourcesFiltering - Copying 0 resource from src\test\resources to target\test-classes
2025-08-02 14:29:28,793 [Worker-8: Building] INFO  o.a.m.s.f.DefaultMavenResourcesFiltering - Copying 0 resource from src\main\resources to target\classes
2025-08-02 14:29:28,795 [Worker-8: Building] INFO  o.a.m.s.f.DefaultMavenResourcesFiltering - Copying 0 resource from src\test\resources to target\test-classes
2025-08-02 14:29:58,389 [Worker-6: Building] INFO  o.a.m.s.f.DefaultMavenResourcesFiltering - Copying 0 resource from src\main\resources to target\classes
2025-08-02 14:29:58,391 [Worker-6: Building] INFO  o.a.m.s.f.DefaultMavenResourcesFiltering - Copying 0 resource from src\test\resources to target\test-classes
2025-08-02 14:30:27,341 [Worker-15: Building] INFO  o.a.m.s.f.DefaultMavenResourcesFiltering - Copying 0 resource from src\main\resources to target\classes
2025-08-02 14:30:27,343 [Worker-15: Building] INFO  o.a.m.s.f.DefaultMavenResourcesFiltering - Copying 0 resource from src\test\resources to target\test-classes
2025-08-02 14:30:53,663 [Worker-6: Building] INFO  o.a.m.s.f.DefaultMavenResourcesFiltering - Copying 0 resource from src\main\resources to target\classes
2025-08-02 14:30:53,666 [Worker-6: Building] INFO  o.a.m.s.f.DefaultMavenResourcesFiltering - Copying 0 resource from src\test\resources to target\test-classes
2025-08-02 14:31:24,330 [Worker-8: Building] INFO  o.a.m.s.f.DefaultMavenResourcesFiltering - Copying 0 resource from src\main\resources to target\classes
2025-08-02 14:31:24,332 [Worker-8: Building] INFO  o.a.m.s.f.DefaultMavenResourcesFiltering - Copying 0 resource from src\test\resources to target\test-classes
2025-08-02 14:31:47,430 [Worker-15: Building] INFO  o.a.m.s.f.DefaultMavenResourcesFiltering - Copying 0 resource from src\main\resources to target\classes
2025-08-02 14:31:47,433 [Worker-15: Building] INFO  o.a.m.s.f.DefaultMavenResourcesFiltering - Copying 0 resource from src\test\resources to target\test-classes
2025-08-02 14:36:48,041 [Worker-5: Building] INFO  o.a.m.s.f.DefaultMavenResourcesFiltering - Copying 0 resource from src\main\resources to target\classes
2025-08-02 14:36:48,044 [Worker-5: Building] INFO  o.a.m.s.f.DefaultMavenResourcesFiltering - Copying 0 resource from src\test\resources to target\test-classes
2025-08-02 14:37:04,323 [Worker-0: Building] INFO  o.a.m.s.f.DefaultMavenResourcesFiltering - Copying 0 resource from src\main\resources to target\classes
2025-08-02 14:37:04,325 [Worker-0: Building] INFO  o.a.m.s.f.DefaultMavenResourcesFiltering - Copying 0 resource from src\test\resources to target\test-classes
2025-08-02 14:38:30,986 [Worker-1: Building] INFO  o.a.m.s.f.DefaultMavenResourcesFiltering - Copying 0 resource from src\main\resources to target\classes
2025-08-02 14:38:30,988 [Worker-1: Building] INFO  o.a.m.s.f.DefaultMavenResourcesFiltering - Copying 0 resource from src\test\resources to target\test-classes
2025-08-02 14:39:06,944 [Worker-10: Building] INFO  o.a.m.s.f.DefaultMavenResourcesFiltering - Copying 0 resource from src\main\resources to target\classes
2025-08-02 14:39:06,946 [Worker-10: Building] INFO  o.a.m.s.f.DefaultMavenResourcesFiltering - Copying 0 resource from src\test\resources to target\test-classes
2025-08-02 14:39:22,788 [Worker-2: Building] INFO  o.a.m.s.f.DefaultMavenResourcesFiltering - Copying 0 resource from src\main\resources to target\classes
2025-08-02 14:39:22,790 [Worker-2: Building] INFO  o.a.m.s.f.DefaultMavenResourcesFiltering - Copying 0 resource from src\test\resources to target\test-classes
2025-08-02 14:40:35,718 [Worker-4: Building] INFO  o.a.m.s.f.DefaultMavenResourcesFiltering - Copying 0 resource from src\main\resources to target\classes
2025-08-02 14:40:35,720 [Worker-4: Building] INFO  o.a.m.s.f.DefaultMavenResourcesFiltering - Copying 0 resource from src\test\resources to target\test-classes
2025-08-02 14:44:28,770 [Worker-10: Building] INFO  o.a.m.s.f.DefaultMavenResourcesFiltering - Copying 0 resource from src\main\resources to target\classes
2025-08-02 14:44:28,773 [Worker-10: Building] INFO  o.a.m.s.f.DefaultMavenResourcesFiltering - Copying 0 resource from src\test\resources to target\test-classes
2025-08-02 14:51:10,604 [Worker-13: Building] INFO  o.a.m.s.f.DefaultMavenResourcesFiltering - Copying 0 resource from src\main\resources to target\classes
2025-08-02 14:51:10,607 [Worker-13: Building] INFO  o.a.m.s.f.DefaultMavenResourcesFiltering - Copying 0 resource from src\test\resources to target\test-classes
2025-08-02 14:51:55,310 [Worker-4: Building] INFO  o.a.m.s.f.DefaultMavenResourcesFiltering - Copying 0 resource from src\main\resources to target\classes
2025-08-02 14:51:55,312 [Worker-4: Building] INFO  o.a.m.s.f.DefaultMavenResourcesFiltering - Copying 0 resource from src\test\resources to target\test-classes
2025-08-02 14:52:04,554 [Worker-8: Building] INFO  o.a.m.s.f.DefaultMavenResourcesFiltering - Copying 0 resource from src\main\resources to target\classes
2025-08-02 14:52:04,556 [Worker-8: Building] INFO  o.a.m.s.f.DefaultMavenResourcesFiltering - Copying 0 resource from src\test\resources to target\test-classes
2025-08-02 14:52:18,696 [Worker-10: Building] INFO  o.a.m.s.f.DefaultMavenResourcesFiltering - Copying 0 resource from src\main\resources to target\classes
2025-08-02 14:52:18,698 [Worker-10: Building] INFO  o.a.m.s.f.DefaultMavenResourcesFiltering - Copying 0 resource from src\test\resources to target\test-classes
2025-08-02 14:52:27,727 [Worker-0: Building] INFO  o.a.m.s.f.DefaultMavenResourcesFiltering - Copying 0 resource from src\main\resources to target\classes
2025-08-02 14:52:27,730 [Worker-0: Building] INFO  o.a.m.s.f.DefaultMavenResourcesFiltering - Copying 0 resource from src\test\resources to target\test-classes
2025-08-02 14:58:15,007 [Worker-13: Building] INFO  o.a.m.s.f.DefaultMavenResourcesFiltering - Copying 0 resource from src\main\resources to target\classes
2025-08-02 14:58:15,009 [Worker-13: Building] INFO  o.a.m.s.f.DefaultMavenResourcesFiltering - Copying 0 resource from src\test\resources to target\test-classes
2025-08-02 14:59:21,385 [Worker-1: Building] INFO  o.a.m.s.f.DefaultMavenResourcesFiltering - Copying 0 resource from src\main\resources to target\classes
2025-08-02 14:59:21,387 [Worker-1: Building] INFO  o.a.m.s.f.DefaultMavenResourcesFiltering - Copying 0 resource from src\test\resources to target\test-classes
2025-08-02 14:59:43,892 [Worker-10: Building] INFO  o.a.m.s.f.DefaultMavenResourcesFiltering - Copying 0 resource from src\main\resources to target\classes
2025-08-02 14:59:43,894 [Worker-10: Building] INFO  o.a.m.s.f.DefaultMavenResourcesFiltering - Copying 0 resource from src\test\resources to target\test-classes
2025-08-02 15:02:36,515 [Worker-7: Building] INFO  o.a.m.s.f.DefaultMavenResourcesFiltering - Copying 0 resource from src\main\resources to target\classes
2025-08-02 15:02:36,517 [Worker-7: Building] INFO  o.a.m.s.f.DefaultMavenResourcesFiltering - Copying 0 resource from src\test\resources to target\test-classes
2025-08-02 15:07:31,150 [Worker-13: Building] INFO  o.a.m.s.f.DefaultMavenResourcesFiltering - Copying 0 resource from src\main\resources to target\classes
2025-08-02 15:07:31,152 [Worker-13: Building] INFO  o.a.m.s.f.DefaultMavenResourcesFiltering - Copying 0 resource from src\test\resources to target\test-classes
2025-08-02 15:07:37,258 [Worker-1: Building] INFO  o.a.m.s.f.DefaultMavenResourcesFiltering - Copying 0 resource from src\main\resources to target\classes
2025-08-02 15:07:37,261 [Worker-1: Building] INFO  o.a.m.s.f.DefaultMavenResourcesFiltering - Copying 0 resource from src\test\resources to target\test-classes
2025-08-02 15:07:53,040 [Worker-15: Building] INFO  o.a.m.s.f.DefaultMavenResourcesFiltering - Copying 0 resource from src\main\resources to target\classes
2025-08-02 15:07:53,043 [Worker-15: Building] INFO  o.a.m.s.f.DefaultMavenResourcesFiltering - Copying 0 resource from src\test\resources to target\test-classes
2025-08-02 15:07:59,097 [Worker-4: Building] INFO  o.a.m.s.f.DefaultMavenResourcesFiltering - Copying 0 resource from src\main\resources to target\classes
2025-08-02 15:07:59,099 [Worker-4: Building] INFO  o.a.m.s.f.DefaultMavenResourcesFiltering - Copying 0 resource from src\test\resources to target\test-classes
2025-08-02 15:08:24,293 [Worker-0: Building] INFO  o.a.m.s.f.DefaultMavenResourcesFiltering - Copying 0 resource from src\main\resources to target\classes
2025-08-02 15:08:24,294 [Worker-0: Building] INFO  o.a.m.s.f.DefaultMavenResourcesFiltering - Copying 0 resource from src\test\resources to target\test-classes
2025-08-02 15:08:34,493 [Worker-10: Building] INFO  o.a.m.s.f.DefaultMavenResourcesFiltering - Copying 0 resource from src\main\resources to target\classes
2025-08-02 15:08:34,496 [Worker-10: Building] INFO  o.a.m.s.f.DefaultMavenResourcesFiltering - Copying 0 resource from src\test\resources to target\test-classes
2025-08-02 15:09:06,844 [Worker-2: Building] INFO  o.a.m.s.f.DefaultMavenResourcesFiltering - Copying 0 resource from src\main\resources to target\classes
2025-08-02 15:09:06,846 [Worker-2: Building] INFO  o.a.m.s.f.DefaultMavenResourcesFiltering - Copying 0 resource from src\test\resources to target\test-classes
2025-08-02 15:09:48,725 [Worker-5: Building] INFO  o.a.m.s.f.DefaultMavenResourcesFiltering - Copying 0 resource from src\main\resources to target\classes
2025-08-02 15:09:48,727 [Worker-5: Building] INFO  o.a.m.s.f.DefaultMavenResourcesFiltering - Copying 0 resource from src\test\resources to target\test-classes
2025-08-02 15:14:54,765 [Worker-7: Building] INFO  o.a.m.s.f.DefaultMavenResourcesFiltering - Copying 0 resource from src\main\resources to target\classes
2025-08-02 15:14:54,768 [Worker-7: Building] INFO  o.a.m.s.f.DefaultMavenResourcesFiltering - Copying 0 resource from src\test\resources to target\test-classes
2025-08-02 15:14:59,201 [Worker-0: Building] INFO  o.a.m.s.f.DefaultMavenResourcesFiltering - Copying 0 resource from src\main\resources to target\classes
2025-08-02 15:14:59,204 [Worker-0: Building] INFO  o.a.m.s.f.DefaultMavenResourcesFiltering - Copying 0 resource from src\test\resources to target\test-classes
2025-08-02 15:15:12,740 [Worker-15: Building] INFO  o.a.m.s.f.DefaultMavenResourcesFiltering - Copying 0 resource from src\main\resources to target\classes
2025-08-02 15:15:12,742 [Worker-15: Building] INFO  o.a.m.s.f.DefaultMavenResourcesFiltering - Copying 0 resource from src\test\resources to target\test-classes
2025-08-02 15:15:17,225 [Worker-1: Building] INFO  o.a.m.s.f.DefaultMavenResourcesFiltering - Copying 0 resource from src\main\resources to target\classes
2025-08-02 15:15:17,227 [Worker-1: Building] INFO  o.a.m.s.f.DefaultMavenResourcesFiltering - Copying 0 resource from src\test\resources to target\test-classes
2025-08-02 15:19:21,965 [Worker-11: Building] INFO  o.a.m.s.f.DefaultMavenResourcesFiltering - Copying 0 resource from src\main\resources to target\classes
2025-08-02 15:19:21,968 [Worker-11: Building] INFO  o.a.m.s.f.DefaultMavenResourcesFiltering - Copying 0 resource from src\test\resources to target\test-classes
2025-08-02 15:19:27,617 [Worker-11: Building] INFO  o.a.m.s.f.DefaultMavenResourcesFiltering - Copying 0 resource from src\main\resources to target\classes
2025-08-02 15:19:27,619 [Worker-11: Building] INFO  o.a.m.s.f.DefaultMavenResourcesFiltering - Copying 0 resource from src\test\resources to target\test-classes
2025-08-02 15:19:31,977 [Worker-8: Building] INFO  o.a.m.s.f.DefaultMavenResourcesFiltering - Copying 0 resource from src\main\resources to target\classes
2025-08-02 15:19:31,979 [Worker-8: Building] INFO  o.a.m.s.f.DefaultMavenResourcesFiltering - Copying 0 resource from src\test\resources to target\test-classes
2025-08-02 15:24:52,857 [Worker-5: Building] INFO  o.a.m.s.f.DefaultMavenResourcesFiltering - Copying 0 resource from src\main\resources to target\classes
2025-08-02 15:24:52,859 [Worker-5: Building] INFO  o.a.m.s.f.DefaultMavenResourcesFiltering - Copying 0 resource from src\test\resources to target\test-classes
2025-08-02 15:25:17,366 [Worker-7: Building] INFO  o.a.m.s.f.DefaultMavenResourcesFiltering - Copying 0 resource from src\main\resources to target\classes
2025-08-02 15:25:17,369 [Worker-7: Building] INFO  o.a.m.s.f.DefaultMavenResourcesFiltering - Copying 0 resource from src\test\resources to target\test-classes
2025-08-02 15:25:47,919 [Worker-11: Building] INFO  o.a.m.s.f.DefaultMavenResourcesFiltering - Copying 0 resource from src\main\resources to target\classes
2025-08-02 15:25:47,921 [Worker-11: Building] INFO  o.a.m.s.f.DefaultMavenResourcesFiltering - Copying 0 resource from src\test\resources to target\test-classes
2025-08-02 15:26:05,927 [Worker-0: Building] INFO  o.a.m.s.f.DefaultMavenResourcesFiltering - Copying 0 resource from src\main\resources to target\classes
2025-08-02 15:26:05,929 [Worker-0: Building] INFO  o.a.m.s.f.DefaultMavenResourcesFiltering - Copying 0 resource from src\test\resources to target\test-classes
2025-08-02 15:26:36,284 [Worker-10: Building] INFO  o.a.m.s.f.DefaultMavenResourcesFiltering - Copying 0 resource from src\main\resources to target\classes
2025-08-02 15:26:36,286 [Worker-10: Building] INFO  o.a.m.s.f.DefaultMavenResourcesFiltering - Copying 0 resource from src\test\resources to target\test-classes
2025-08-02 15:28:17,236 [Worker-4: Building] INFO  o.a.m.s.f.DefaultMavenResourcesFiltering - Copying 0 resource from src\main\resources to target\classes
2025-08-02 15:28:17,238 [Worker-4: Building] INFO  o.a.m.s.f.DefaultMavenResourcesFiltering - Copying 0 resource from src\test\resources to target\test-classes
2025-08-02 15:28:49,352 [Worker-2: Building] INFO  o.a.m.s.f.DefaultMavenResourcesFiltering - Copying 0 resource from src\main\resources to target\classes
2025-08-02 15:28:49,354 [Worker-2: Building] INFO  o.a.m.s.f.DefaultMavenResourcesFiltering - Copying 0 resource from src\test\resources to target\test-classes
2025-08-02 15:35:36,914 [Worker-8: Building] INFO  o.a.m.s.f.DefaultMavenResourcesFiltering - Copying 0 resource from src\main\resources to target\classes
2025-08-02 15:35:36,917 [Worker-8: Building] INFO  o.a.m.s.f.DefaultMavenResourcesFiltering - Copying 0 resource from src\test\resources to target\test-classes
2025-08-02 15:40:34,177 [Worker-0: Building] INFO  o.a.m.s.f.DefaultMavenResourcesFiltering - Copying 0 resource from src\main\resources to target\classes
2025-08-02 15:40:34,181 [Worker-0: Building] INFO  o.a.m.s.f.DefaultMavenResourcesFiltering - Copying 0 resource from src\test\resources to target\test-classes
2025-08-02 15:40:59,001 [Worker-12: Building] INFO  o.a.m.s.f.DefaultMavenResourcesFiltering - Copying 0 resource from src\main\resources to target\classes
2025-08-02 15:40:59,003 [Worker-12: Building] INFO  o.a.m.s.f.DefaultMavenResourcesFiltering - Copying 0 resource from src\test\resources to target\test-classes
2025-08-02 15:41:19,237 [Worker-1: Building] INFO  o.a.m.s.f.DefaultMavenResourcesFiltering - Copying 0 resource from src\main\resources to target\classes
2025-08-02 15:41:19,238 [Worker-1: Building] INFO  o.a.m.s.f.DefaultMavenResourcesFiltering - Copying 0 resource from src\test\resources to target\test-classes
2025-08-02 15:42:58,494 [Worker-11: Building] INFO  o.a.m.s.f.DefaultMavenResourcesFiltering - Copying 0 resource from src\main\resources to target\classes
2025-08-02 15:42:58,496 [Worker-11: Building] INFO  o.a.m.s.f.DefaultMavenResourcesFiltering - Copying 0 resource from src\test\resources to target\test-classes
2025-08-02 15:48:11,176 [Worker-13: Building] INFO  o.a.m.s.f.DefaultMavenResourcesFiltering - Copying 0 resource from src\main\resources to target\classes
2025-08-02 15:48:11,178 [Worker-13: Building] INFO  o.a.m.s.f.DefaultMavenResourcesFiltering - Copying 0 resource from src\test\resources to target\test-classes
2025-08-02 15:50:46,946 [Worker-4: Building] INFO  o.a.m.s.f.DefaultMavenResourcesFiltering - Copying 0 resource from src\main\resources to target\classes
2025-08-02 15:50:46,948 [Worker-4: Building] INFO  o.a.m.s.f.DefaultMavenResourcesFiltering - Copying 0 resource from src\test\resources to target\test-classes
2025-08-02 15:54:00,905 [Worker-2: Building] INFO  o.a.m.s.f.DefaultMavenResourcesFiltering - Copying 0 resource from src\main\resources to target\classes
2025-08-02 15:54:00,907 [Worker-2: Building] INFO  o.a.m.s.f.DefaultMavenResourcesFiltering - Copying 0 resource from src\test\resources to target\test-classes
2025-08-02 15:59:18,722 [Worker-10: Building] INFO  o.a.m.s.f.DefaultMavenResourcesFiltering - Copying 0 resource from src\main\resources to target\classes
2025-08-02 15:59:18,724 [Worker-10: Building] INFO  o.a.m.s.f.DefaultMavenResourcesFiltering - Copying 0 resource from src\test\resources to target\test-classes
2025-08-02 16:00:29,550 [Worker-1: Building] INFO  o.a.m.s.f.DefaultMavenResourcesFiltering - Copying 0 resource from src\main\resources to target\classes
2025-08-02 16:00:29,552 [Worker-1: Building] INFO  o.a.m.s.f.DefaultMavenResourcesFiltering - Copying 0 resource from src\test\resources to target\test-classes
2025-08-02 16:01:15,023 [Worker-1: Building] INFO  o.a.m.s.f.DefaultMavenResourcesFiltering - Copying 0 resource from src\main\resources to target\classes
2025-08-02 16:01:15,025 [Worker-1: Building] INFO  o.a.m.s.f.DefaultMavenResourcesFiltering - Copying 0 resource from src\test\resources to target\test-classes
2025-08-02 16:02:44,620 [Worker-2: Building] INFO  o.a.m.s.f.DefaultMavenResourcesFiltering - Copying 0 resource from src\main\resources to target\classes
2025-08-02 16:02:44,622 [Worker-2: Building] INFO  o.a.m.s.f.DefaultMavenResourcesFiltering - Copying 0 resource from src\test\resources to target\test-classes
2025-08-02 16:02:58,167 [Worker-13: Building] INFO  o.a.m.s.f.DefaultMavenResourcesFiltering - Copying 0 resource from src\main\resources to target\classes
2025-08-02 16:02:58,169 [Worker-13: Building] INFO  o.a.m.s.f.DefaultMavenResourcesFiltering - Copying 0 resource from src\test\resources to target\test-classes
2025-08-02 16:03:56,413 [Worker-5: Building] INFO  o.a.m.s.f.DefaultMavenResourcesFiltering - Copying 0 resource from src\main\resources to target\classes
2025-08-02 16:03:56,415 [Worker-5: Building] INFO  o.a.m.s.f.DefaultMavenResourcesFiltering - Copying 0 resource from src\test\resources to target\test-classes
2025-08-02 16:04:05,617 [Worker-5: Building] INFO  o.a.m.s.f.DefaultMavenResourcesFiltering - Copying 0 resource from src\main\resources to target\classes
2025-08-02 16:04:05,619 [Worker-5: Building] INFO  o.a.m.s.f.DefaultMavenResourcesFiltering - Copying 0 resource from src\test\resources to target\test-classes
2025-08-02 16:06:04,966 [Worker-1: Building] INFO  o.a.m.s.f.DefaultMavenResourcesFiltering - Copying 0 resource from src\main\resources to target\classes
2025-08-02 16:06:04,969 [Worker-1: Building] INFO  o.a.m.s.f.DefaultMavenResourcesFiltering - Copying 0 resource from src\test\resources to target\test-classes
2025-08-02 16:06:39,295 [Worker-5: Building] INFO  o.a.m.s.f.DefaultMavenResourcesFiltering - Copying 0 resource from src\main\resources to target\classes
2025-08-02 16:06:39,297 [Worker-5: Building] INFO  o.a.m.s.f.DefaultMavenResourcesFiltering - Copying 0 resource from src\test\resources to target\test-classes
2025-08-02 16:07:00,714 [Worker-15: Building] INFO  o.a.m.s.f.DefaultMavenResourcesFiltering - Copying 0 resource from src\main\resources to target\classes
2025-08-02 16:07:00,715 [Worker-15: Building] INFO  o.a.m.s.f.DefaultMavenResourcesFiltering - Copying 0 resource from src\test\resources to target\test-classes
2025-08-02 16:11:53,269 [Worker-0: Building] INFO  o.a.m.s.f.DefaultMavenResourcesFiltering - Copying 0 resource from src\main\resources to target\classes
2025-08-02 16:11:53,271 [Worker-0: Building] INFO  o.a.m.s.f.DefaultMavenResourcesFiltering - Copying 0 resource from src\test\resources to target\test-classes
2025-08-02 16:21:57,960 [Worker-15: Building] INFO  o.a.m.s.f.DefaultMavenResourcesFiltering - Copying 0 resource from src\main\resources to target\classes
2025-08-02 16:21:57,963 [Worker-15: Building] INFO  o.a.m.s.f.DefaultMavenResourcesFiltering - Copying 0 resource from src\test\resources to target\test-classes
2025-08-02 16:26:36,964 [Worker-5: Building] INFO  o.a.m.s.f.DefaultMavenResourcesFiltering - Copying 0 resource from src\main\resources to target\classes
2025-08-02 16:26:36,967 [Worker-5: Building] INFO  o.a.m.s.f.DefaultMavenResourcesFiltering - Copying 0 resource from src\test\resources to target\test-classes
2025-08-02 16:26:50,028 [Worker-8: Building] INFO  o.a.m.s.f.DefaultMavenResourcesFiltering - Copying 0 resource from src\main\resources to target\classes
2025-08-02 16:26:50,031 [Worker-8: Building] INFO  o.a.m.s.f.DefaultMavenResourcesFiltering - Copying 0 resource from src\test\resources to target\test-classes
2025-08-02 16:27:34,271 [Worker-2: Building] INFO  o.a.m.s.f.DefaultMavenResourcesFiltering - Copying 0 resource from src\main\resources to target\classes
2025-08-02 16:27:34,274 [Worker-2: Building] INFO  o.a.m.s.f.DefaultMavenResourcesFiltering - Copying 0 resource from src\test\resources to target\test-classes
2025-08-02 16:28:01,460 [Worker-10: Building] INFO  o.a.m.s.f.DefaultMavenResourcesFiltering - Copying 0 resource from src\main\resources to target\classes
2025-08-02 16:28:01,462 [Worker-10: Building] INFO  o.a.m.s.f.DefaultMavenResourcesFiltering - Copying 0 resource from src\test\resources to target\test-classes
2025-08-02 16:28:34,601 [Worker-8: Building] INFO  o.a.m.s.f.DefaultMavenResourcesFiltering - Copying 0 resource from src\main\resources to target\classes
2025-08-02 16:28:34,603 [Worker-8: Building] INFO  o.a.m.s.f.DefaultMavenResourcesFiltering - Copying 0 resource from src\test\resources to target\test-classes
2025-08-02 16:30:45,204 [Worker-5: Building] INFO  o.a.m.s.f.DefaultMavenResourcesFiltering - Copying 0 resource from src\main\resources to target\classes
2025-08-02 16:30:45,207 [Worker-5: Building] INFO  o.a.m.s.f.DefaultMavenResourcesFiltering - Copying 0 resource from src\test\resources to target\test-classes
2025-08-02 16:31:23,387 [Worker-15: Building] INFO  o.a.m.s.f.DefaultMavenResourcesFiltering - Copying 0 resource from src\main\resources to target\classes
2025-08-02 16:31:23,389 [Worker-15: Building] INFO  o.a.m.s.f.DefaultMavenResourcesFiltering - Copying 0 resource from src\test\resources to target\test-classes
2025-08-02 16:32:45,917 [Worker-12: Building] INFO  o.a.m.s.f.DefaultMavenResourcesFiltering - Copying 0 resource from src\main\resources to target\classes
2025-08-02 16:32:45,919 [Worker-12: Building] INFO  o.a.m.s.f.DefaultMavenResourcesFiltering - Copying 0 resource from src\test\resources to target\test-classes
2025-08-02 16:33:08,404 [Worker-2: Building] INFO  o.a.m.s.f.DefaultMavenResourcesFiltering - Copying 0 resource from src\main\resources to target\classes
2025-08-02 16:33:08,406 [Worker-2: Building] INFO  o.a.m.s.f.DefaultMavenResourcesFiltering - Copying 0 resource from src\test\resources to target\test-classes
2025-08-02 16:36:35,055 [Worker-10: Building] INFO  o.a.m.s.f.DefaultMavenResourcesFiltering - Copying 0 resource from src\main\resources to target\classes
2025-08-02 16:36:35,057 [Worker-10: Building] INFO  o.a.m.s.f.DefaultMavenResourcesFiltering - Copying 0 resource from src\test\resources to target\test-classes
2025-08-02 16:40:57,077 [Worker-12: Building] INFO  o.a.m.s.f.DefaultMavenResourcesFiltering - Copying 0 resource from src\main\resources to target\classes
2025-08-02 16:40:57,079 [Worker-12: Building] INFO  o.a.m.s.f.DefaultMavenResourcesFiltering - Copying 0 resource from src\test\resources to target\test-classes
2025-08-02 16:42:53,241 [Worker-0: Building] INFO  o.a.m.s.f.DefaultMavenResourcesFiltering - Copying 0 resource from src\main\resources to target\classes
2025-08-02 16:42:53,242 [Worker-0: Building] INFO  o.a.m.s.f.DefaultMavenResourcesFiltering - Copying 0 resource from src\test\resources to target\test-classes
2025-08-02 16:43:48,848 [Worker-0: Building] INFO  o.a.m.s.f.DefaultMavenResourcesFiltering - Copying 0 resource from src\main\resources to target\classes
2025-08-02 16:43:48,850 [Worker-0: Building] INFO  o.a.m.s.f.DefaultMavenResourcesFiltering - Copying 0 resource from src\test\resources to target\test-classes
2025-08-02 17:32:00,596 [Worker-15: Building] INFO  o.a.m.s.f.DefaultMavenResourcesFiltering - Copying 0 resource from src\main\resources to target\classes
2025-08-02 17:32:00,599 [Worker-15: Building] INFO  o.a.m.s.f.DefaultMavenResourcesFiltering - Copying 0 resource from src\test\resources to target\test-classes
2025-08-02 17:34:31,358 [Worker-0: Building] INFO  o.a.m.s.f.DefaultMavenResourcesFiltering - Copying 0 resource from src\main\resources to target\classes
2025-08-02 17:34:31,360 [Worker-0: Building] INFO  o.a.m.s.f.DefaultMavenResourcesFiltering - Copying 0 resource from src\test\resources to target\test-classes
2025-08-02 17:34:48,031 [Worker-8: Building] INFO  o.a.m.s.f.DefaultMavenResourcesFiltering - Copying 0 resource from src\main\resources to target\classes
2025-08-02 17:34:48,033 [Worker-8: Building] INFO  o.a.m.s.f.DefaultMavenResourcesFiltering - Copying 0 resource from src\test\resources to target\test-classes
2025-08-02 17:34:54,613 [Worker-12: Building] INFO  o.a.m.s.f.DefaultMavenResourcesFiltering - Copying 0 resource from src\main\resources to target\classes
2025-08-02 17:34:54,614 [Worker-12: Building] INFO  o.a.m.s.f.DefaultMavenResourcesFiltering - Copying 0 resource from src\test\resources to target\test-classes
2025-08-02 18:10:05,651 [Worker-12: Building] INFO  o.a.m.s.f.DefaultMavenResourcesFiltering - Copying 0 resource from src\main\resources to target\classes
2025-08-02 18:10:05,653 [Worker-12: Building] INFO  o.a.m.s.f.DefaultMavenResourcesFiltering - Copying 0 resource from src\test\resources to target\test-classes
2025-08-02 18:11:51,089 [Worker-15: Building] INFO  o.a.m.s.f.DefaultMavenResourcesFiltering - Copying 0 resource from src\main\resources to target\classes
2025-08-02 18:11:51,091 [Worker-15: Building] INFO  o.a.m.s.f.DefaultMavenResourcesFiltering - Copying 0 resource from src\test\resources to target\test-classes
2025-08-02 18:45:57,567 [Worker-4: Loading available Gradle versions] INFO  o.e.b.c.i.u.g.PublishedGradleVersions - Gradle version information cache is up-to-date. Trying to read.
2025-08-02 18:45:59,935 [Worker-3: Building] WARN  o.e.m.c.i.embedder.EclipseLogger - The artifact mysql:mysql-connector-java:jar:8.0.33 has been relocated to com.mysql:mysql-connector-j:jar:8.0.33: MySQL Connector/J artifacts moved to reverse-DNS compliant Maven 2+ coordinates.
2025-08-03 10:54:18,665 [Worker-6: Loading available Gradle versions] INFO  o.e.b.c.i.u.g.PublishedGradleVersions - Gradle version information cache is up-to-date. Trying to read.
2025-08-03 10:54:20,391 [Worker-1: Building] WARN  o.e.m.c.i.embedder.EclipseLogger - The artifact mysql:mysql-connector-java:jar:8.0.33 has been relocated to com.mysql:mysql-connector-j:jar:8.0.33: MySQL Connector/J artifacts moved to reverse-DNS compliant Maven 2+ coordinates.
2025-08-03 10:54:41,432 [Worker-7: Building] INFO  o.a.m.s.f.DefaultMavenResourcesFiltering - Copying 0 resource from src\main\resources to target\classes
2025-08-03 10:54:41,438 [Worker-7: Building] INFO  o.a.m.s.f.DefaultMavenResourcesFiltering - Copying 0 resource from src\test\resources to target\test-classes
2025-08-03 10:54:44,300 [Worker-4: Building] INFO  o.a.m.s.f.DefaultMavenResourcesFiltering - Copying 0 resource from src\main\resources to target\classes
2025-08-03 10:54:44,303 [Worker-4: Building] INFO  o.a.m.s.f.DefaultMavenResourcesFiltering - Copying 0 resource from src\test\resources to target\test-classes
2025-08-03 10:55:07,831 [Worker-14: Building] INFO  o.a.m.s.f.DefaultMavenResourcesFiltering - Copying 0 resource from src\main\resources to target\classes
2025-08-03 10:55:07,835 [Worker-14: Building] INFO  o.a.m.s.f.DefaultMavenResourcesFiltering - Copying 0 resource from src\test\resources to target\test-classes
2025-08-03 10:56:23,778 [Worker-0: Building] INFO  o.a.m.s.f.DefaultMavenResourcesFiltering - Copying 0 resource from src\main\resources to target\classes
2025-08-03 10:56:23,780 [Worker-0: Building] INFO  o.a.m.s.f.DefaultMavenResourcesFiltering - Copying 0 resource from src\test\resources to target\test-classes
2025-08-03 10:58:06,664 [Worker-10: Building] INFO  o.a.m.s.f.DefaultMavenResourcesFiltering - Copying 0 resource from src\main\resources to target\classes
2025-08-03 10:58:06,666 [Worker-10: Building] INFO  o.a.m.s.f.DefaultMavenResourcesFiltering - Copying 0 resource from src\test\resources to target\test-classes
2025-08-03 11:04:50,335 [Worker-19: Building] INFO  o.a.m.s.f.DefaultMavenResourcesFiltering - Copying 0 resource from src\main\resources to target\classes
2025-08-03 11:04:50,337 [Worker-19: Building] INFO  o.a.m.s.f.DefaultMavenResourcesFiltering - Copying 0 resource from src\test\resources to target\test-classes
2025-08-03 11:04:56,114 [Worker-21: Building] INFO  o.a.m.s.f.DefaultMavenResourcesFiltering - Copying 0 resource from src\main\resources to target\classes
2025-08-03 11:04:56,117 [Worker-21: Building] INFO  o.a.m.s.f.DefaultMavenResourcesFiltering - Copying 0 resource from src\test\resources to target\test-classes
2025-08-03 11:05:35,249 [Worker-20: Building] INFO  o.a.m.s.f.DefaultMavenResourcesFiltering - Copying 0 resource from src\main\resources to target\classes
2025-08-03 11:05:35,253 [Worker-20: Building] INFO  o.a.m.s.f.DefaultMavenResourcesFiltering - Copying 0 resource from src\test\resources to target\test-classes
2025-08-03 11:06:06,744 [Worker-22: Building] INFO  o.a.m.s.f.DefaultMavenResourcesFiltering - Copying 0 resource from src\main\resources to target\classes
2025-08-03 11:06:06,747 [Worker-22: Building] INFO  o.a.m.s.f.DefaultMavenResourcesFiltering - Copying 0 resource from src\test\resources to target\test-classes
2025-08-03 11:06:15,978 [Worker-21: Building] INFO  o.a.m.s.f.DefaultMavenResourcesFiltering - Copying 0 resource from src\main\resources to target\classes
2025-08-03 11:06:15,980 [Worker-21: Building] INFO  o.a.m.s.f.DefaultMavenResourcesFiltering - Copying 0 resource from src\test\resources to target\test-classes
2025-08-03 11:06:22,067 [Worker-9: Building] INFO  o.a.m.s.f.DefaultMavenResourcesFiltering - Copying 0 resource from src\main\resources to target\classes
2025-08-03 11:06:22,070 [Worker-9: Building] INFO  o.a.m.s.f.DefaultMavenResourcesFiltering - Copying 0 resource from src\test\resources to target\test-classes
2025-08-03 11:06:40,878 [Worker-20: Building] INFO  o.a.m.s.f.DefaultMavenResourcesFiltering - Copying 0 resource from src\main\resources to target\classes
2025-08-03 11:06:40,881 [Worker-20: Building] INFO  o.a.m.s.f.DefaultMavenResourcesFiltering - Copying 0 resource from src\test\resources to target\test-classes
2025-08-03 11:06:46,398 [Worker-22: Building] INFO  o.a.m.s.f.DefaultMavenResourcesFiltering - Copying 0 resource from src\main\resources to target\classes
2025-08-03 11:06:46,400 [Worker-22: Building] INFO  o.a.m.s.f.DefaultMavenResourcesFiltering - Copying 0 resource from src\test\resources to target\test-classes
2025-08-03 11:07:05,326 [Worker-19: Building] INFO  o.a.m.s.f.DefaultMavenResourcesFiltering - Copying 0 resource from src\main\resources to target\classes
2025-08-03 11:07:05,328 [Worker-19: Building] INFO  o.a.m.s.f.DefaultMavenResourcesFiltering - Copying 0 resource from src\test\resources to target\test-classes
2025-08-03 11:07:22,465 [Worker-19: Building] INFO  o.a.m.s.f.DefaultMavenResourcesFiltering - Copying 0 resource from src\main\resources to target\classes
2025-08-03 11:07:22,467 [Worker-19: Building] INFO  o.a.m.s.f.DefaultMavenResourcesFiltering - Copying 0 resource from src\test\resources to target\test-classes
2025-08-03 11:07:37,454 [Worker-24: Building] INFO  o.a.m.s.f.DefaultMavenResourcesFiltering - Copying 0 resource from src\main\resources to target\classes
2025-08-03 11:07:37,456 [Worker-24: Building] INFO  o.a.m.s.f.DefaultMavenResourcesFiltering - Copying 0 resource from src\test\resources to target\test-classes
2025-08-03 11:07:53,322 [Worker-9: Building] INFO  o.a.m.s.f.DefaultMavenResourcesFiltering - Copying 0 resource from src\main\resources to target\classes
2025-08-03 11:07:53,325 [Worker-9: Building] INFO  o.a.m.s.f.DefaultMavenResourcesFiltering - Copying 0 resource from src\test\resources to target\test-classes
2025-08-03 11:07:59,706 [Worker-19: Building] INFO  o.a.m.s.f.DefaultMavenResourcesFiltering - Copying 0 resource from src\main\resources to target\classes
2025-08-03 11:07:59,708 [Worker-19: Building] INFO  o.a.m.s.f.DefaultMavenResourcesFiltering - Copying 0 resource from src\test\resources to target\test-classes
2025-08-03 11:08:09,720 [Worker-24: Building] INFO  o.a.m.s.f.DefaultMavenResourcesFiltering - Copying 0 resource from src\main\resources to target\classes
2025-08-03 11:08:09,723 [Worker-24: Building] INFO  o.a.m.s.f.DefaultMavenResourcesFiltering - Copying 0 resource from src\test\resources to target\test-classes
2025-08-03 11:08:13,440 [Worker-19: Building] INFO  o.a.m.s.f.DefaultMavenResourcesFiltering - Copying 0 resource from src\main\resources to target\classes
2025-08-03 11:08:13,442 [Worker-19: Building] INFO  o.a.m.s.f.DefaultMavenResourcesFiltering - Copying 0 resource from src\test\resources to target\test-classes
2025-08-03 11:08:57,968 [Worker-25: Building] INFO  o.a.m.s.f.DefaultMavenResourcesFiltering - Copying 0 resource from src\main\resources to target\classes
2025-08-03 11:08:57,971 [Worker-25: Building] INFO  o.a.m.s.f.DefaultMavenResourcesFiltering - Copying 0 resource from src\test\resources to target\test-classes
2025-08-03 11:16:06,242 [Worker-9: Building] INFO  o.a.m.s.f.DefaultMavenResourcesFiltering - Copying 0 resource from src\main\resources to target\classes
2025-08-03 11:16:06,244 [Worker-9: Building] INFO  o.a.m.s.f.DefaultMavenResourcesFiltering - Copying 0 resource from src\test\resources to target\test-classes
2025-08-03 11:17:14,143 [Worker-22: Building] INFO  o.a.m.s.f.DefaultMavenResourcesFiltering - Copying 0 resource from src\main\resources to target\classes
2025-08-03 11:17:14,145 [Worker-22: Building] INFO  o.a.m.s.f.DefaultMavenResourcesFiltering - Copying 0 resource from src\test\resources to target\test-classes
2025-08-03 11:17:18,082 [Worker-25: Building] INFO  o.a.m.s.f.DefaultMavenResourcesFiltering - Copying 0 resource from src\main\resources to target\classes
2025-08-03 11:17:18,083 [Worker-25: Building] INFO  o.a.m.s.f.DefaultMavenResourcesFiltering - Copying 0 resource from src\test\resources to target\test-classes
2025-08-03 11:18:08,319 [Worker-24: Building] INFO  o.a.m.s.f.DefaultMavenResourcesFiltering - Copying 0 resource from src\main\resources to target\classes
2025-08-03 11:18:08,328 [Worker-24: Building] INFO  o.a.m.s.f.DefaultMavenResourcesFiltering - Copying 0 resource from src\test\resources to target\test-classes
2025-08-03 11:20:51,789 [Worker-24: Building] INFO  o.a.m.s.f.DefaultMavenResourcesFiltering - Copying 0 resource from src\main\resources to target\classes
2025-08-03 11:20:51,792 [Worker-24: Building] INFO  o.a.m.s.f.DefaultMavenResourcesFiltering - Copying 0 resource from src\test\resources to target\test-classes
2025-08-03 11:20:56,384 [Worker-23: Building] INFO  o.a.m.s.f.DefaultMavenResourcesFiltering - Copying 0 resource from src\main\resources to target\classes
2025-08-03 11:20:56,386 [Worker-23: Building] INFO  o.a.m.s.f.DefaultMavenResourcesFiltering - Copying 0 resource from src\test\resources to target\test-classes
2025-08-03 11:21:13,406 [Worker-25: Building] INFO  o.a.m.s.f.DefaultMavenResourcesFiltering - Copying 0 resource from src\main\resources to target\classes
2025-08-03 11:21:13,408 [Worker-25: Building] INFO  o.a.m.s.f.DefaultMavenResourcesFiltering - Copying 0 resource from src\test\resources to target\test-classes
2025-08-03 17:47:03,545 [Worker-6: Loading available Gradle versions] INFO  o.e.b.c.i.u.g.PublishedGradleVersions - Gradle version information cache is out-of-date. Trying to update.
2025-08-03 17:47:05,969 [Worker-6: Building] WARN  o.e.m.c.i.embedder.EclipseLogger - The artifact mysql:mysql-connector-java:jar:8.0.33 has been relocated to com.mysql:mysql-connector-j:jar:8.0.33: MySQL Connector/J artifacts moved to reverse-DNS compliant Maven 2+ coordinates.
2025-08-03 21:12:29,847 [Worker-5: Loading available Gradle versions] INFO  o.e.b.c.i.u.g.PublishedGradleVersions - Gradle version information cache is up-to-date. Trying to read.
2025-08-03 21:12:32,367 [Worker-2: Building] WARN  o.e.m.c.i.embedder.EclipseLogger - The artifact mysql:mysql-connector-java:jar:8.0.33 has been relocated to com.mysql:mysql-connector-j:jar:8.0.33: MySQL Connector/J artifacts moved to reverse-DNS compliant Maven 2+ coordinates.
2025-08-03 21:12:32,731 [Worker-2: Building] INFO  o.a.m.s.f.DefaultMavenResourcesFiltering - Copying 0 resource from src\main\resources to target\classes
2025-08-03 21:12:32,735 [Worker-2: Building] INFO  o.a.m.s.f.DefaultMavenResourcesFiltering - Copying 0 resource from src\test\resources to target\test-classes
2025-08-04 12:28:12,230 [Worker-3: Loading available Gradle versions] INFO  o.e.b.c.i.u.g.PublishedGradleVersions - Gradle version information cache is up-to-date. Trying to read.
2025-08-04 12:28:14,345 [Worker-7: Building] WARN  o.e.m.c.i.embedder.EclipseLogger - The artifact mysql:mysql-connector-java:jar:8.0.33 has been relocated to com.mysql:mysql-connector-j:jar:8.0.33: MySQL Connector/J artifacts moved to reverse-DNS compliant Maven 2+ coordinates.
2025-08-04 12:30:58,000 [Worker-7: Building] INFO  o.a.m.s.f.DefaultMavenResourcesFiltering - Copying 0 resource from src\main\resources to target\classes
2025-08-04 12:30:58,004 [Worker-7: Building] INFO  o.a.m.s.f.DefaultMavenResourcesFiltering - Copying 0 resource from src\test\resources to target\test-classes
2025-08-04 12:31:12,002 [Worker-7: Building] INFO  o.a.m.s.f.DefaultMavenResourcesFiltering - Copying 0 resource from src\main\resources to target\classes
2025-08-04 12:31:12,004 [Worker-7: Building] INFO  o.a.m.s.f.DefaultMavenResourcesFiltering - Copying 0 resource from src\test\resources to target\test-classes
2025-08-04 12:31:57,652 [Worker-13: Building] INFO  o.e.m.c.i.l.LifecycleMappingFactory - Using org.maven.ide.eclipse.wtp.WarLifecycleMapping lifecycle mapping for MavenProject: com.pahanaedu.bookshop:pahanaedu-online:0.0.1-SNAPSHOT @ F:\eclipse\pahanabookshop\pahanaedu-online\pom.xml.
2025-08-04 12:31:57,700 [Worker-13: Building] WARN  o.e.m.c.i.embedder.EclipseLogger - The artifact mysql:mysql-connector-java:jar:8.0.33 has been relocated to com.mysql:mysql-connector-j:jar:8.0.33: MySQL Connector/J artifacts moved to reverse-DNS compliant Maven 2+ coordinates.
2025-08-04 12:31:57,740 [Worker-13: Building] WARN  o.e.m.c.i.embedder.EclipseLogger - The artifact mysql:mysql-connector-java:jar:8.0.33 has been relocated to com.mysql:mysql-connector-j:jar:8.0.33: MySQL Connector/J artifacts moved to reverse-DNS compliant Maven 2+ coordinates.
2025-08-04 12:31:58,193 [Worker-13: Building] INFO  o.a.m.s.f.DefaultMavenResourcesFiltering - Copying 0 resource from src\main\resources to target\classes
2025-08-04 12:31:58,197 [Worker-13: Building] INFO  o.a.m.s.f.DefaultMavenResourcesFiltering - Copying 0 resource from src\test\resources to target\test-classes
2025-08-04 12:31:58,197 [Worker-13: Building] INFO  o.e.m.w.i.f.ResourceFilteringBuildParticipant - Changed resources require a complete clean of filtered resources of pahanaedu-online
2025-08-04 12:31:58,198 [Worker-13: Building] INFO  o.e.m.w.i.f.ResourceFilteringBuildParticipant - Executing resource filtering for pahanaedu-online
2025-08-04 12:32:02,839 [Worker-7: Building] INFO  o.e.m.c.i.l.LifecycleMappingFactory - Using org.maven.ide.eclipse.wtp.WarLifecycleMapping lifecycle mapping for MavenProject: com.pahanaedu.bookshop:pahanaedu-online:0.0.1-SNAPSHOT @ F:\eclipse\pahanabookshop\pahanaedu-online\pom.xml.
2025-08-04 12:32:02,875 [Worker-7: Building] WARN  o.e.m.c.i.embedder.EclipseLogger - The artifact mysql:mysql-connector-java:jar:8.0.33 has been relocated to com.mysql:mysql-connector-j:jar:8.0.33: MySQL Connector/J artifacts moved to reverse-DNS compliant Maven 2+ coordinates.
2025-08-04 12:32:03,363 [Worker-7: Building] INFO  o.a.m.s.f.DefaultMavenResourcesFiltering - Copying 0 resource from src\main\resources to target\classes
2025-08-04 12:32:03,367 [Worker-7: Building] INFO  o.a.m.s.f.DefaultMavenResourcesFiltering - Copying 0 resource from src\test\resources to target\test-classes
2025-08-04 12:32:03,367 [Worker-7: Building] INFO  o.e.m.w.i.f.ResourceFilteringBuildParticipant - Changed resources require a complete clean of filtered resources of pahanaedu-online
2025-08-04 12:32:03,367 [Worker-7: Building] INFO  o.e.m.w.i.f.ResourceFilteringBuildParticipant - Executing resource filtering for pahanaedu-online
2025-08-04 12:32:24,873 [Worker-0: Building] INFO  o.a.m.s.f.DefaultMavenResourcesFiltering - Copying 0 resource from src\main\resources to target\classes
2025-08-04 12:32:24,875 [Worker-0: Building] INFO  o.a.m.s.f.DefaultMavenResourcesFiltering - Copying 0 resource from src\test\resources to target\test-classes
2025-08-04 12:33:46,493 [Worker-8: Building] INFO  o.a.m.s.f.DefaultMavenResourcesFiltering - Copying 0 resource from src\main\resources to target\classes
2025-08-04 12:33:46,495 [Worker-8: Building] INFO  o.a.m.s.f.DefaultMavenResourcesFiltering - Copying 0 resource from src\test\resources to target\test-classes
2025-08-04 12:36:04,056 [Worker-13: Building] INFO  o.a.m.s.f.DefaultMavenResourcesFiltering - Copying 0 resource from src\main\resources to target\classes
2025-08-04 12:36:04,058 [Worker-13: Building] INFO  o.a.m.s.f.DefaultMavenResourcesFiltering - Copying 0 resource from src\test\resources to target\test-classes
2025-08-04 12:41:15,513 [Worker-20: Building] INFO  o.a.m.s.f.DefaultMavenResourcesFiltering - Copying 0 resource from src\main\resources to target\classes
2025-08-04 12:41:15,515 [Worker-20: Building] INFO  o.a.m.s.f.DefaultMavenResourcesFiltering - Copying 0 resource from src\test\resources to target\test-classes
2025-08-04 12:41:47,262 [Worker-20: Building] INFO  o.a.m.s.f.DefaultMavenResourcesFiltering - Copying 0 resource from src\main\resources to target\classes
2025-08-04 12:41:47,264 [Worker-20: Building] INFO  o.a.m.s.f.DefaultMavenResourcesFiltering - Copying 0 resource from src\test\resources to target\test-classes
2025-08-04 12:42:35,713 [Worker-13: Building] INFO  o.a.m.s.f.DefaultMavenResourcesFiltering - Copying 0 resource from src\main\resources to target\classes
2025-08-04 12:42:35,715 [Worker-13: Building] INFO  o.a.m.s.f.DefaultMavenResourcesFiltering - Copying 0 resource from src\test\resources to target\test-classes
2025-08-04 12:44:18,888 [Worker-0: Building] INFO  o.a.m.s.f.DefaultMavenResourcesFiltering - Copying 0 resource from src\main\resources to target\classes
2025-08-04 12:44:18,889 [Worker-0: Building] INFO  o.a.m.s.f.DefaultMavenResourcesFiltering - Copying 0 resource from src\test\resources to target\test-classes
2025-08-04 12:45:01,425 [Worker-0: Building] INFO  o.a.m.s.f.DefaultMavenResourcesFiltering - Copying 0 resource from src\main\resources to target\classes
2025-08-04 12:45:01,427 [Worker-0: Building] INFO  o.a.m.s.f.DefaultMavenResourcesFiltering - Copying 0 resource from src\test\resources to target\test-classes
2025-08-04 12:45:18,010 [Worker-0: Building] INFO  o.a.m.s.f.DefaultMavenResourcesFiltering - Copying 0 resource from src\main\resources to target\classes
2025-08-04 12:45:18,012 [Worker-0: Building] INFO  o.a.m.s.f.DefaultMavenResourcesFiltering - Copying 0 resource from src\test\resources to target\test-classes
2025-08-04 12:46:16,566 [Worker-0: Building] INFO  o.a.m.s.f.DefaultMavenResourcesFiltering - Copying 0 resource from src\main\resources to target\classes
2025-08-04 12:46:16,568 [Worker-0: Building] INFO  o.a.m.s.f.DefaultMavenResourcesFiltering - Copying 0 resource from src\test\resources to target\test-classes
2025-08-04 12:46:31,658 [Worker-13: Building] INFO  o.a.m.s.f.DefaultMavenResourcesFiltering - Copying 0 resource from src\main\resources to target\classes
2025-08-04 12:46:31,660 [Worker-13: Building] INFO  o.a.m.s.f.DefaultMavenResourcesFiltering - Copying 0 resource from src\test\resources to target\test-classes
2025-08-04 12:46:56,343 [Worker-13: Building] INFO  o.a.m.s.f.DefaultMavenResourcesFiltering - Copying 0 resource from src\main\resources to target\classes
2025-08-04 12:46:56,344 [Worker-13: Building] INFO  o.a.m.s.f.DefaultMavenResourcesFiltering - Copying 0 resource from src\test\resources to target\test-classes
2025-08-04 12:47:02,213 [Worker-22: Building] INFO  o.a.m.s.f.DefaultMavenResourcesFiltering - Copying 0 resource from src\main\resources to target\classes
2025-08-04 12:47:02,215 [Worker-22: Building] INFO  o.a.m.s.f.DefaultMavenResourcesFiltering - Copying 0 resource from src\test\resources to target\test-classes
2025-08-04 12:47:14,668 [Worker-22: Building] INFO  o.a.m.s.f.DefaultMavenResourcesFiltering - Copying 0 resource from src\main\resources to target\classes
2025-08-04 12:47:14,671 [Worker-22: Building] INFO  o.a.m.s.f.DefaultMavenResourcesFiltering - Copying 0 resource from src\test\resources to target\test-classes
2025-08-04 12:47:38,624 [Worker-20: Building] INFO  o.a.m.s.f.DefaultMavenResourcesFiltering - Copying 0 resource from src\main\resources to target\classes
2025-08-04 12:47:38,627 [Worker-20: Building] INFO  o.a.m.s.f.DefaultMavenResourcesFiltering - Copying 0 resource from src\test\resources to target\test-classes
2025-08-04 12:52:33,806 [Worker-13: Building] INFO  o.a.m.s.f.DefaultMavenResourcesFiltering - Copying 0 resource from src\main\resources to target\classes
2025-08-04 12:52:33,808 [Worker-13: Building] INFO  o.a.m.s.f.DefaultMavenResourcesFiltering - Copying 0 resource from src\test\resources to target\test-classes
2025-08-04 12:52:58,675 [Worker-20: Building] INFO  o.a.m.s.f.DefaultMavenResourcesFiltering - Copying 0 resource from src\main\resources to target\classes
2025-08-04 12:52:58,677 [Worker-20: Building] INFO  o.a.m.s.f.DefaultMavenResourcesFiltering - Copying 0 resource from src\test\resources to target\test-classes
2025-08-04 12:53:34,602 [Worker-21: Building] INFO  o.a.m.s.f.DefaultMavenResourcesFiltering - Copying 0 resource from src\main\resources to target\classes
2025-08-04 12:53:34,604 [Worker-21: Building] INFO  o.a.m.s.f.DefaultMavenResourcesFiltering - Copying 0 resource from src\test\resources to target\test-classes
2025-08-04 12:53:38,605 [Worker-21: Building] INFO  o.a.m.s.f.DefaultMavenResourcesFiltering - Copying 0 resource from src\main\resources to target\classes
2025-08-04 12:53:38,607 [Worker-21: Building] INFO  o.a.m.s.f.DefaultMavenResourcesFiltering - Copying 0 resource from src\test\resources to target\test-classes
2025-08-04 13:00:10,163 [Worker-24: Building] INFO  o.a.m.s.f.DefaultMavenResourcesFiltering - Copying 0 resource from src\main\resources to target\classes
2025-08-04 13:00:10,165 [Worker-24: Building] INFO  o.a.m.s.f.DefaultMavenResourcesFiltering - Copying 0 resource from src\test\resources to target\test-classes
2025-08-04 13:00:42,454 [Worker-13: Building] INFO  o.a.m.s.f.DefaultMavenResourcesFiltering - Copying 0 resource from src\main\resources to target\classes
2025-08-04 13:00:42,455 [Worker-13: Building] INFO  o.a.m.s.f.DefaultMavenResourcesFiltering - Copying 0 resource from src\test\resources to target\test-classes
2025-08-04 13:03:22,430 [Worker-28: Building] INFO  o.a.m.s.f.DefaultMavenResourcesFiltering - Copying 0 resource from src\main\resources to target\classes
2025-08-04 13:03:22,432 [Worker-28: Building] INFO  o.a.m.s.f.DefaultMavenResourcesFiltering - Copying 0 resource from src\test\resources to target\test-classes
2025-08-04 13:03:38,757 [Worker-26: Building] INFO  o.a.m.s.f.DefaultMavenResourcesFiltering - Copying 0 resource from src\main\resources to target\classes
2025-08-04 13:03:38,760 [Worker-26: Building] INFO  o.a.m.s.f.DefaultMavenResourcesFiltering - Copying 0 resource from src\test\resources to target\test-classes
2025-08-04 13:04:24,400 [Worker-26: Building] INFO  o.a.m.s.f.DefaultMavenResourcesFiltering - Copying 0 resource from src\main\resources to target\classes
2025-08-04 13:04:24,402 [Worker-26: Building] INFO  o.a.m.s.f.DefaultMavenResourcesFiltering - Copying 0 resource from src\test\resources to target\test-classes
2025-08-04 13:13:08,863 [Worker-28: Building] INFO  o.a.m.s.f.DefaultMavenResourcesFiltering - Copying 0 resource from src\main\resources to target\classes
2025-08-04 13:13:08,864 [Worker-28: Building] INFO  o.a.m.s.f.DefaultMavenResourcesFiltering - Copying 0 resource from src\test\resources to target\test-classes
2025-08-04 13:20:20,859 [Worker-28: Building] INFO  o.a.m.s.f.DefaultMavenResourcesFiltering - Copying 0 resource from src\main\resources to target\classes
2025-08-04 13:20:20,861 [Worker-28: Building] INFO  o.a.m.s.f.DefaultMavenResourcesFiltering - Copying 0 resource from src\test\resources to target\test-classes
2025-08-04 13:21:54,601 [Worker-31: Building] INFO  o.a.m.s.f.DefaultMavenResourcesFiltering - Copying 0 resource from src\main\resources to target\classes
2025-08-04 13:21:54,603 [Worker-31: Building] INFO  o.a.m.s.f.DefaultMavenResourcesFiltering - Copying 0 resource from src\test\resources to target\test-classes
2025-08-04 13:28:20,007 [Worker-30: Building] INFO  o.a.m.s.f.DefaultMavenResourcesFiltering - Copying 0 resource from src\main\resources to target\classes
2025-08-04 13:28:20,009 [Worker-30: Building] INFO  o.a.m.s.f.DefaultMavenResourcesFiltering - Copying 0 resource from src\test\resources to target\test-classes
2025-08-04 13:29:00,567 [Worker-29: Building] INFO  o.a.m.s.f.DefaultMavenResourcesFiltering - Copying 0 resource from src\main\resources to target\classes
2025-08-04 13:29:00,568 [Worker-29: Building] INFO  o.a.m.s.f.DefaultMavenResourcesFiltering - Copying 0 resource from src\test\resources to target\test-classes
2025-08-04 13:29:26,489 [Worker-31: Building] INFO  o.a.m.s.f.DefaultMavenResourcesFiltering - Copying 0 resource from src\main\resources to target\classes
2025-08-04 13:29:26,491 [Worker-31: Building] INFO  o.a.m.s.f.DefaultMavenResourcesFiltering - Copying 0 resource from src\test\resources to target\test-classes
2025-08-04 13:29:45,728 [Worker-29: Building] INFO  o.a.m.s.f.DefaultMavenResourcesFiltering - Copying 0 resource from src\main\resources to target\classes
2025-08-04 13:29:45,730 [Worker-29: Building] INFO  o.a.m.s.f.DefaultMavenResourcesFiltering - Copying 0 resource from src\test\resources to target\test-classes
2025-08-04 13:32:54,956 [Worker-30: Building] INFO  o.a.m.s.f.DefaultMavenResourcesFiltering - Copying 0 resource from src\main\resources to target\classes
2025-08-04 13:32:54,957 [Worker-30: Building] INFO  o.a.m.s.f.DefaultMavenResourcesFiltering - Copying 0 resource from src\test\resources to target\test-classes
2025-08-04 13:33:52,069 [Worker-28: Building] INFO  o.a.m.s.f.DefaultMavenResourcesFiltering - Copying 0 resource from src\main\resources to target\classes
2025-08-04 13:33:52,071 [Worker-28: Building] INFO  o.a.m.s.f.DefaultMavenResourcesFiltering - Copying 0 resource from src\test\resources to target\test-classes
2025-08-04 13:35:48,764 [Worker-33: Building] INFO  o.a.m.s.f.DefaultMavenResourcesFiltering - Copying 0 resource from src\main\resources to target\classes
2025-08-04 13:35:48,766 [Worker-33: Building] INFO  o.a.m.s.f.DefaultMavenResourcesFiltering - Copying 0 resource from src\test\resources to target\test-classes
2025-08-04 13:36:07,693 [Worker-27: Building] INFO  o.a.m.s.f.DefaultMavenResourcesFiltering - Copying 0 resource from src\main\resources to target\classes
2025-08-04 13:36:07,694 [Worker-27: Building] INFO  o.a.m.s.f.DefaultMavenResourcesFiltering - Copying 0 resource from src\test\resources to target\test-classes
2025-08-04 13:42:01,088 [Worker-31: Building] INFO  o.a.m.s.f.DefaultMavenResourcesFiltering - Copying 0 resource from src\main\resources to target\classes
2025-08-04 13:42:01,090 [Worker-31: Building] INFO  o.a.m.s.f.DefaultMavenResourcesFiltering - Copying 0 resource from src\test\resources to target\test-classes
2025-08-04 13:52:42,282 [Worker-30: Building] INFO  o.a.m.s.f.DefaultMavenResourcesFiltering - Copying 0 resource from src\main\resources to target\classes
2025-08-04 13:52:42,284 [Worker-30: Building] INFO  o.a.m.s.f.DefaultMavenResourcesFiltering - Copying 0 resource from src\test\resources to target\test-classes
2025-08-04 13:59:02,563 [Worker-26: Building] INFO  o.a.m.s.f.DefaultMavenResourcesFiltering - Copying 0 resource from src\main\resources to target\classes
2025-08-04 13:59:02,564 [Worker-26: Building] INFO  o.a.m.s.f.DefaultMavenResourcesFiltering - Copying 0 resource from src\test\resources to target\test-classes
2025-08-04 13:59:10,345 [Worker-24: Building] INFO  o.a.m.s.f.DefaultMavenResourcesFiltering - Copying 0 resource from src\main\resources to target\classes
2025-08-04 13:59:10,346 [Worker-24: Building] INFO  o.a.m.s.f.DefaultMavenResourcesFiltering - Copying 0 resource from src\test\resources to target\test-classes
2025-08-04 13:59:57,746 [Worker-32: Building] INFO  o.a.m.s.f.DefaultMavenResourcesFiltering - Copying 0 resource from src\main\resources to target\classes
2025-08-04 13:59:57,747 [Worker-32: Building] INFO  o.a.m.s.f.DefaultMavenResourcesFiltering - Copying 0 resource from src\test\resources to target\test-classes
2025-08-04 14:14:20,683 [Worker-31: Building] INFO  o.a.m.s.f.DefaultMavenResourcesFiltering - Copying 0 resource from src\main\resources to target\classes
2025-08-04 14:14:20,684 [Worker-31: Building] INFO  o.a.m.s.f.DefaultMavenResourcesFiltering - Copying 0 resource from src\test\resources to target\test-classes
2025-08-04 14:15:08,456 [Worker-29: Building] INFO  o.a.m.s.f.DefaultMavenResourcesFiltering - Copying 0 resource from src\main\resources to target\classes
2025-08-04 14:15:08,457 [Worker-29: Building] INFO  o.a.m.s.f.DefaultMavenResourcesFiltering - Copying 0 resource from src\test\resources to target\test-classes
2025-08-04 14:15:29,015 [Worker-32: Building] INFO  o.a.m.s.f.DefaultMavenResourcesFiltering - Copying 0 resource from src\main\resources to target\classes
2025-08-04 14:15:29,017 [Worker-32: Building] INFO  o.a.m.s.f.DefaultMavenResourcesFiltering - Copying 0 resource from src\test\resources to target\test-classes
2025-08-04 14:16:14,428 [Worker-26: Building] INFO  o.a.m.s.f.DefaultMavenResourcesFiltering - Copying 0 resource from src\main\resources to target\classes
2025-08-04 14:16:14,430 [Worker-26: Building] INFO  o.a.m.s.f.DefaultMavenResourcesFiltering - Copying 0 resource from src\test\resources to target\test-classes
2025-08-04 14:17:10,091 [Worker-29: Building] INFO  o.a.m.s.f.DefaultMavenResourcesFiltering - Copying 0 resource from src\main\resources to target\classes
2025-08-04 14:17:10,094 [Worker-29: Building] INFO  o.a.m.s.f.DefaultMavenResourcesFiltering - Copying 0 resource from src\test\resources to target\test-classes
2025-08-04 14:19:08,361 [Worker-30: Building] INFO  o.a.m.s.f.DefaultMavenResourcesFiltering - Copying 0 resource from src\main\resources to target\classes
2025-08-04 14:19:08,363 [Worker-30: Building] INFO  o.a.m.s.f.DefaultMavenResourcesFiltering - Copying 0 resource from src\test\resources to target\test-classes
2025-08-04 14:19:21,845 [Worker-31: Building] INFO  o.a.m.s.f.DefaultMavenResourcesFiltering - Copying 0 resource from src\main\resources to target\classes
2025-08-04 14:19:21,847 [Worker-31: Building] INFO  o.a.m.s.f.DefaultMavenResourcesFiltering - Copying 0 resource from src\test\resources to target\test-classes
2025-08-04 14:19:55,412 [Worker-31: Building] INFO  o.a.m.s.f.DefaultMavenResourcesFiltering - Copying 0 resource from src\main\resources to target\classes
2025-08-04 14:19:55,413 [Worker-31: Building] INFO  o.a.m.s.f.DefaultMavenResourcesFiltering - Copying 0 resource from src\test\resources to target\test-classes
2025-08-04 14:21:34,019 [Worker-24: Building] INFO  o.a.m.s.f.DefaultMavenResourcesFiltering - Copying 0 resource from src\main\resources to target\classes
2025-08-04 14:21:34,021 [Worker-24: Building] INFO  o.a.m.s.f.DefaultMavenResourcesFiltering - Copying 0 resource from src\test\resources to target\test-classes
2025-08-04 14:28:09,551 [Worker-32: Building] INFO  o.a.m.s.f.DefaultMavenResourcesFiltering - Copying 0 resource from src\main\resources to target\classes
2025-08-04 14:28:09,552 [Worker-32: Building] INFO  o.a.m.s.f.DefaultMavenResourcesFiltering - Copying 0 resource from src\test\resources to target\test-classes
2025-08-04 14:33:27,149 [Worker-30: Building] INFO  o.a.m.s.f.DefaultMavenResourcesFiltering - Copying 0 resource from src\main\resources to target\classes
2025-08-04 14:33:27,151 [Worker-30: Building] INFO  o.a.m.s.f.DefaultMavenResourcesFiltering - Copying 0 resource from src\test\resources to target\test-classes
2025-08-04 14:39:49,005 [Worker-29: Building] INFO  o.a.m.s.f.DefaultMavenResourcesFiltering - Copying 0 resource from src\main\resources to target\classes
2025-08-04 14:39:49,007 [Worker-29: Building] INFO  o.a.m.s.f.DefaultMavenResourcesFiltering - Copying 0 resource from src\test\resources to target\test-classes
2025-08-04 14:39:54,074 [Worker-27: Building] INFO  o.a.m.s.f.DefaultMavenResourcesFiltering - Copying 0 resource from src\main\resources to target\classes
2025-08-04 14:39:54,076 [Worker-27: Building] INFO  o.a.m.s.f.DefaultMavenResourcesFiltering - Copying 0 resource from src\test\resources to target\test-classes
2025-08-04 14:40:35,249 [Worker-24: Building] INFO  o.a.m.s.f.DefaultMavenResourcesFiltering - Copying 0 resource from src\main\resources to target\classes
2025-08-04 14:40:35,250 [Worker-24: Building] INFO  o.a.m.s.f.DefaultMavenResourcesFiltering - Copying 0 resource from src\test\resources to target\test-classes
2025-08-04 14:42:10,585 [Worker-29: Building] INFO  o.a.m.s.f.DefaultMavenResourcesFiltering - Copying 0 resource from src\main\resources to target\classes
2025-08-04 14:42:10,587 [Worker-29: Building] INFO  o.a.m.s.f.DefaultMavenResourcesFiltering - Copying 0 resource from src\test\resources to target\test-classes
2025-08-04 14:42:26,329 [Worker-32: Building] INFO  o.a.m.s.f.DefaultMavenResourcesFiltering - Copying 0 resource from src\main\resources to target\classes
2025-08-04 14:42:26,331 [Worker-32: Building] INFO  o.a.m.s.f.DefaultMavenResourcesFiltering - Copying 0 resource from src\test\resources to target\test-classes
2025-08-04 14:50:38,019 [Worker-29: Building] INFO  o.a.m.s.f.DefaultMavenResourcesFiltering - Copying 0 resource from src\main\resources to target\classes
2025-08-04 14:50:38,021 [Worker-29: Building] INFO  o.a.m.s.f.DefaultMavenResourcesFiltering - Copying 0 resource from src\test\resources to target\test-classes
2025-08-04 14:51:19,921 [Worker-24: Building] INFO  o.a.m.s.f.DefaultMavenResourcesFiltering - Copying 0 resource from src\main\resources to target\classes
2025-08-04 14:51:19,923 [Worker-24: Building] INFO  o.a.m.s.f.DefaultMavenResourcesFiltering - Copying 0 resource from src\test\resources to target\test-classes
2025-08-04 14:52:12,726 [Worker-31: Building] INFO  o.a.m.s.f.DefaultMavenResourcesFiltering - Copying 0 resource from src\main\resources to target\classes
2025-08-04 14:52:12,728 [Worker-31: Building] INFO  o.a.m.s.f.DefaultMavenResourcesFiltering - Copying 0 resource from src\test\resources to target\test-classes
2025-08-04 14:59:28,998 [Worker-29: Building] INFO  o.a.m.s.f.DefaultMavenResourcesFiltering - Copying 0 resource from src\main\resources to target\classes
2025-08-04 14:59:29,000 [Worker-29: Building] INFO  o.a.m.s.f.DefaultMavenResourcesFiltering - Copying 0 resource from src\test\resources to target\test-classes
2025-08-04 15:00:23,720 [Worker-24: Building] INFO  o.a.m.s.f.DefaultMavenResourcesFiltering - Copying 0 resource from src\main\resources to target\classes
2025-08-04 15:00:23,722 [Worker-24: Building] INFO  o.a.m.s.f.DefaultMavenResourcesFiltering - Copying 0 resource from src\test\resources to target\test-classes
2025-08-04 15:08:59,991 [Worker-32: Building] INFO  o.a.m.s.f.DefaultMavenResourcesFiltering - Copying 0 resource from src\main\resources to target\classes
2025-08-04 15:08:59,993 [Worker-32: Building] INFO  o.a.m.s.f.DefaultMavenResourcesFiltering - Copying 0 resource from src\test\resources to target\test-classes
2025-08-04 17:18:17,009 [Worker-26: Building] INFO  o.a.m.s.f.DefaultMavenResourcesFiltering - Copying 0 resource from src\main\resources to target\classes
2025-08-04 17:18:17,012 [Worker-26: Building] INFO  o.a.m.s.f.DefaultMavenResourcesFiltering - Copying 0 resource from src\test\resources to target\test-classes
2025-08-04 17:18:53,026 [Worker-27: Building] INFO  o.a.m.s.f.DefaultMavenResourcesFiltering - Copying 0 resource from src\main\resources to target\classes
2025-08-04 17:18:53,027 [Worker-27: Building] INFO  o.a.m.s.f.DefaultMavenResourcesFiltering - Copying 0 resource from src\test\resources to target\test-classes
2025-08-04 17:19:29,710 [Worker-30: Building] INFO  o.a.m.s.f.DefaultMavenResourcesFiltering - Copying 0 resource from src\main\resources to target\classes
2025-08-04 17:19:29,711 [Worker-30: Building] INFO  o.a.m.s.f.DefaultMavenResourcesFiltering - Copying 0 resource from src\test\resources to target\test-classes
2025-08-04 17:21:00,469 [Worker-24: Building] INFO  o.a.m.s.f.DefaultMavenResourcesFiltering - Copying 0 resource from src\main\resources to target\classes
2025-08-04 17:21:00,471 [Worker-24: Building] INFO  o.a.m.s.f.DefaultMavenResourcesFiltering - Copying 0 resource from src\test\resources to target\test-classes
2025-08-04 17:21:08,025 [Worker-29: Building] INFO  o.a.m.s.f.DefaultMavenResourcesFiltering - Copying 0 resource from src\main\resources to target\classes
2025-08-04 17:21:08,027 [Worker-29: Building] INFO  o.a.m.s.f.DefaultMavenResourcesFiltering - Copying 0 resource from src\test\resources to target\test-classes
2025-08-04 17:27:24,228 [Worker-29: Building] INFO  o.a.m.s.f.DefaultMavenResourcesFiltering - Copying 0 resource from src\main\resources to target\classes
2025-08-04 17:27:24,230 [Worker-29: Building] INFO  o.a.m.s.f.DefaultMavenResourcesFiltering - Copying 0 resource from src\test\resources to target\test-classes
2025-08-04 17:28:14,133 [Worker-32: Building] INFO  o.a.m.s.f.DefaultMavenResourcesFiltering - Copying 0 resource from src\main\resources to target\classes
2025-08-04 17:28:14,135 [Worker-32: Building] INFO  o.a.m.s.f.DefaultMavenResourcesFiltering - Copying 0 resource from src\test\resources to target\test-classes
2025-08-04 17:31:50,062 [Worker-27: Building] INFO  o.a.m.s.f.DefaultMavenResourcesFiltering - Copying 0 resource from src\main\resources to target\classes
2025-08-04 17:31:50,064 [Worker-27: Building] INFO  o.a.m.s.f.DefaultMavenResourcesFiltering - Copying 0 resource from src\test\resources to target\test-classes
2025-08-04 17:32:11,735 [Worker-27: Building] INFO  o.a.m.s.f.DefaultMavenResourcesFiltering - Copying 0 resource from src\main\resources to target\classes
2025-08-04 17:32:11,736 [Worker-27: Building] INFO  o.a.m.s.f.DefaultMavenResourcesFiltering - Copying 0 resource from src\test\resources to target\test-classes
2025-08-04 17:33:16,197 [Worker-26: Building] INFO  o.a.m.s.f.DefaultMavenResourcesFiltering - Copying 0 resource from src\main\resources to target\classes
2025-08-04 17:33:16,198 [Worker-26: Building] INFO  o.a.m.s.f.DefaultMavenResourcesFiltering - Copying 0 resource from src\test\resources to target\test-classes
2025-08-04 17:35:34,531 [Worker-34: Building] INFO  o.a.m.s.f.DefaultMavenResourcesFiltering - Copying 0 resource from src\main\resources to target\classes
2025-08-04 17:35:34,534 [Worker-34: Building] INFO  o.a.m.s.f.DefaultMavenResourcesFiltering - Copying 0 resource from src\test\resources to target\test-classes
2025-08-04 17:40:57,602 [Worker-34: Building] INFO  o.a.m.s.f.DefaultMavenResourcesFiltering - Copying 0 resource from src\main\resources to target\classes
2025-08-04 17:40:57,604 [Worker-34: Building] INFO  o.a.m.s.f.DefaultMavenResourcesFiltering - Copying 0 resource from src\test\resources to target\test-classes
2025-08-04 17:41:47,616 [Worker-27: Building] INFO  o.a.m.s.f.DefaultMavenResourcesFiltering - Copying 0 resource from src\main\resources to target\classes
2025-08-04 17:41:47,617 [Worker-27: Building] INFO  o.a.m.s.f.DefaultMavenResourcesFiltering - Copying 0 resource from src\test\resources to target\test-classes
2025-08-04 17:41:52,881 [Worker-27: Building] INFO  o.a.m.s.f.DefaultMavenResourcesFiltering - Copying 0 resource from src\main\resources to target\classes
2025-08-04 17:41:52,883 [Worker-27: Building] INFO  o.a.m.s.f.DefaultMavenResourcesFiltering - Copying 0 resource from src\test\resources to target\test-classes
2025-08-04 17:42:09,080 [Worker-30: Building] INFO  o.a.m.s.f.DefaultMavenResourcesFiltering - Copying 0 resource from src\main\resources to target\classes
2025-08-04 17:42:09,081 [Worker-30: Building] INFO  o.a.m.s.f.DefaultMavenResourcesFiltering - Copying 0 resource from src\test\resources to target\test-classes
2025-08-04 17:42:23,963 [Worker-32: Building] INFO  o.a.m.s.f.DefaultMavenResourcesFiltering - Copying 0 resource from src\main\resources to target\classes
2025-08-04 17:42:23,965 [Worker-32: Building] INFO  o.a.m.s.f.DefaultMavenResourcesFiltering - Copying 0 resource from src\test\resources to target\test-classes
2025-08-04 18:21:15,570 [Worker-30: Building] INFO  o.a.m.s.f.DefaultMavenResourcesFiltering - Copying 0 resource from src\main\resources to target\classes
2025-08-04 18:21:15,572 [Worker-30: Building] INFO  o.a.m.s.f.DefaultMavenResourcesFiltering - Copying 0 resource from src\test\resources to target\test-classes
2025-08-04 18:22:10,923 [Worker-27: Building] INFO  o.a.m.s.f.DefaultMavenResourcesFiltering - Copying 0 resource from src\main\resources to target\classes
2025-08-04 18:22:10,925 [Worker-27: Building] INFO  o.a.m.s.f.DefaultMavenResourcesFiltering - Copying 0 resource from src\test\resources to target\test-classes
2025-08-19 13:54:04,679 [Worker-2: Loading available Gradle versions] INFO  o.e.b.c.i.u.g.PublishedGradleVersions - Gradle version information cache is out-of-date. Trying to update.
2025-08-19 13:54:06,596 [Worker-0: Building] WARN  o.e.m.c.i.embedder.EclipseLogger - The artifact mysql:mysql-connector-java:jar:8.0.33 has been relocated to com.mysql:mysql-connector-j:jar:8.0.33: MySQL Connector/J artifacts moved to reverse-DNS compliant Maven 2+ coordinates.
2025-08-19 13:56:36,155 [Worker-4: Loading available Gradle versions] INFO  o.e.b.c.i.u.g.PublishedGradleVersions - Gradle version information cache is up-to-date. Trying to read.
2025-08-19 13:56:38,610 [Worker-4: Building] WARN  o.e.m.c.i.embedder.EclipseLogger - The artifact mysql:mysql-connector-java:jar:8.0.33 has been relocated to com.mysql:mysql-connector-j:jar:8.0.33: MySQL Connector/J artifacts moved to reverse-DNS compliant Maven 2+ coordinates.
2025-08-19 14:24:15,939 [Worker-4: Loading available Gradle versions] INFO  o.e.b.c.i.u.g.PublishedGradleVersions - Gradle version information cache is up-to-date. Trying to read.
2025-08-19 14:24:17,543 [Worker-9: Building] WARN  o.e.m.c.i.embedder.EclipseLogger - The artifact mysql:mysql-connector-java:jar:8.0.33 has been relocated to com.mysql:mysql-connector-j:jar:8.0.33: MySQL Connector/J artifacts moved to reverse-DNS compliant Maven 2+ coordinates.
2025-08-19 14:35:52,812 [Worker-13: Building] INFO  o.a.m.s.f.DefaultMavenResourcesFiltering - Copying 0 resource from src\main\resources to target\classes
2025-08-19 14:35:52,818 [Worker-13: Building] INFO  o.a.m.s.f.DefaultMavenResourcesFiltering - Copying 0 resource from src\test\resources to target\test-classes
2025-08-19 14:36:40,809 [Worker-6: Building] INFO  o.a.m.s.f.DefaultMavenResourcesFiltering - Copying 0 resource from src\main\resources to target\classes
2025-08-19 14:36:40,811 [Worker-6: Building] INFO  o.a.m.s.f.DefaultMavenResourcesFiltering - Copying 0 resource from src\test\resources to target\test-classes
2025-08-19 14:38:19,821 [Worker-16: Building] INFO  o.a.m.s.f.DefaultMavenResourcesFiltering - Copying 0 resource from src\main\resources to target\classes
2025-08-19 14:38:19,824 [Worker-16: Building] INFO  o.a.m.s.f.DefaultMavenResourcesFiltering - Copying 0 resource from src\test\resources to target\test-classes
2025-08-19 14:40:12,125 [Worker-9: Building] INFO  o.a.m.s.f.DefaultMavenResourcesFiltering - Copying 0 resource from src\main\resources to target\classes
2025-08-19 14:40:12,128 [Worker-9: Building] INFO  o.a.m.s.f.DefaultMavenResourcesFiltering - Copying 0 resource from src\test\resources to target\test-classes
2025-08-19 14:40:29,584 [Worker-7: Building] INFO  o.a.m.s.f.DefaultMavenResourcesFiltering - Copying 0 resource from src\main\resources to target\classes
2025-08-19 14:40:29,586 [Worker-7: Building] INFO  o.a.m.s.f.DefaultMavenResourcesFiltering - Copying 0 resource from src\test\resources to target\test-classes
2025-08-19 14:40:55,978 [Worker-5: Building] INFO  o.a.m.s.f.DefaultMavenResourcesFiltering - Copying 0 resource from src\main\resources to target\classes
2025-08-19 14:40:55,980 [Worker-5: Building] INFO  o.a.m.s.f.DefaultMavenResourcesFiltering - Copying 0 resource from src\test\resources to target\test-classes
2025-08-19 14:44:34,751 [Worker-14: Building] INFO  o.a.m.s.f.DefaultMavenResourcesFiltering - Copying 0 resource from src\main\resources to target\classes
2025-08-19 14:44:34,754 [Worker-14: Building] INFO  o.a.m.s.f.DefaultMavenResourcesFiltering - Copying 0 resource from src\test\resources to target\test-classes
2025-08-19 14:44:47,183 [Worker-2: Building] INFO  o.a.m.s.f.DefaultMavenResourcesFiltering - Copying 0 resource from src\main\resources to target\classes
2025-08-19 14:44:47,185 [Worker-2: Building] INFO  o.a.m.s.f.DefaultMavenResourcesFiltering - Copying 0 resource from src\test\resources to target\test-classes
2025-08-19 14:45:02,667 [Worker-13: Building] INFO  o.a.m.s.f.DefaultMavenResourcesFiltering - Copying 0 resource from src\main\resources to target\classes
2025-08-19 14:45:02,670 [Worker-13: Building] INFO  o.a.m.s.f.DefaultMavenResourcesFiltering - Copying 0 resource from src\test\resources to target\test-classes
2025-08-19 14:47:02,106 [Worker-7: Building] INFO  o.a.m.s.f.DefaultMavenResourcesFiltering - Copying 0 resource from src\main\resources to target\classes
2025-08-19 14:47:02,109 [Worker-7: Building] INFO  o.a.m.s.f.DefaultMavenResourcesFiltering - Copying 0 resource from src\test\resources to target\test-classes
2025-08-19 14:48:39,655 [Worker-11: Building] INFO  o.a.m.s.f.DefaultMavenResourcesFiltering - Copying 0 resource from src\main\resources to target\classes
2025-08-19 14:48:39,658 [Worker-11: Building] INFO  o.a.m.s.f.DefaultMavenResourcesFiltering - Copying 0 resource from src\test\resources to target\test-classes
2025-08-19 14:49:21,954 [Worker-0: Building] INFO  o.a.m.s.f.DefaultMavenResourcesFiltering - Copying 0 resource from src\main\resources to target\classes
2025-08-19 14:49:21,957 [Worker-0: Building] INFO  o.a.m.s.f.DefaultMavenResourcesFiltering - Copying 0 resource from src\test\resources to target\test-classes
2025-08-19 14:53:19,677 [Worker-13: Building] INFO  o.a.m.s.f.DefaultMavenResourcesFiltering - Copying 0 resource from src\main\resources to target\classes
2025-08-19 14:53:19,680 [Worker-13: Building] INFO  o.a.m.s.f.DefaultMavenResourcesFiltering - Copying 0 resource from src\test\resources to target\test-classes
2025-08-19 14:54:54,587 [Worker-0: Building] INFO  o.a.m.s.f.DefaultMavenResourcesFiltering - Copying 0 resource from src\main\resources to target\classes
2025-08-19 14:54:54,590 [Worker-0: Building] INFO  o.a.m.s.f.DefaultMavenResourcesFiltering - Copying 0 resource from src\test\resources to target\test-classes
2025-08-19 14:54:58,275 [Worker-13: Building] INFO  o.a.m.s.f.DefaultMavenResourcesFiltering - Copying 0 resource from src\main\resources to target\classes
2025-08-19 14:54:58,279 [Worker-13: Building] INFO  o.a.m.s.f.DefaultMavenResourcesFiltering - Copying 0 resource from src\test\resources to target\test-classes
2025-08-19 14:58:20,681 [Worker-10: Building] INFO  o.a.m.s.f.DefaultMavenResourcesFiltering - Copying 0 resource from src\main\resources to target\classes
2025-08-19 14:58:20,684 [Worker-10: Building] INFO  o.a.m.s.f.DefaultMavenResourcesFiltering - Copying 0 resource from src\test\resources to target\test-classes
2025-08-19 14:59:23,811 [Worker-2: Building] INFO  o.a.m.s.f.DefaultMavenResourcesFiltering - Copying 0 resource from src\main\resources to target\classes
2025-08-19 14:59:23,814 [Worker-2: Building] INFO  o.a.m.s.f.DefaultMavenResourcesFiltering - Copying 0 resource from src\test\resources to target\test-classes
2025-08-19 15:02:04,294 [Worker-2: Building] INFO  o.a.m.s.f.DefaultMavenResourcesFiltering - Copying 0 resource from src\main\resources to target\classes
2025-08-19 15:02:04,296 [Worker-2: Building] INFO  o.a.m.s.f.DefaultMavenResourcesFiltering - Copying 0 resource from src\test\resources to target\test-classes
2025-08-19 15:02:31,037 [Worker-1: Building] INFO  o.a.m.s.f.DefaultMavenResourcesFiltering - Copying 0 resource from src\main\resources to target\classes
2025-08-19 15:02:31,040 [Worker-1: Building] INFO  o.a.m.s.f.DefaultMavenResourcesFiltering - Copying 0 resource from src\test\resources to target\test-classes
2025-08-19 15:03:13,712 [Worker-10: Building] INFO  o.a.m.s.f.DefaultMavenResourcesFiltering - Copying 0 resource from src\main\resources to target\classes
2025-08-19 15:03:13,715 [Worker-10: Building] INFO  o.a.m.s.f.DefaultMavenResourcesFiltering - Copying 0 resource from src\test\resources to target\test-classes
2025-08-19 15:03:28,363 [Worker-1: Building] INFO  o.a.m.s.f.DefaultMavenResourcesFiltering - Copying 0 resource from src\main\resources to target\classes
2025-08-19 15:03:28,365 [Worker-1: Building] INFO  o.a.m.s.f.DefaultMavenResourcesFiltering - Copying 0 resource from src\test\resources to target\test-classes
2025-08-19 15:04:00,187 [Worker-9: Building] INFO  o.a.m.s.f.DefaultMavenResourcesFiltering - Copying 0 resource from src\main\resources to target\classes
2025-08-19 15:04:00,189 [Worker-9: Building] INFO  o.a.m.s.f.DefaultMavenResourcesFiltering - Copying 0 resource from src\test\resources to target\test-classes
2025-08-19 15:06:50,881 [Worker-1: Building] INFO  o.a.m.s.f.DefaultMavenResourcesFiltering - Copying 0 resource from src\main\resources to target\classes
2025-08-19 15:06:50,883 [Worker-1: Building] INFO  o.a.m.s.f.DefaultMavenResourcesFiltering - Copying 0 resource from src\test\resources to target\test-classes
2025-08-19 15:08:33,213 [Worker-11: Building] INFO  o.a.m.s.f.DefaultMavenResourcesFiltering - Copying 0 resource from src\main\resources to target\classes
2025-08-19 15:08:33,215 [Worker-11: Building] INFO  o.a.m.s.f.DefaultMavenResourcesFiltering - Copying 0 resource from src\test\resources to target\test-classes
2025-08-19 15:09:37,556 [Worker-5: Building] INFO  o.a.m.s.f.DefaultMavenResourcesFiltering - Copying 0 resource from src\main\resources to target\classes
2025-08-19 15:09:37,558 [Worker-5: Building] INFO  o.a.m.s.f.DefaultMavenResourcesFiltering - Copying 0 resource from src\test\resources to target\test-classes
2025-08-19 15:10:07,803 [Worker-13: Building] INFO  o.a.m.s.f.DefaultMavenResourcesFiltering - Copying 0 resource from src\main\resources to target\classes
2025-08-19 15:10:07,805 [Worker-13: Building] INFO  o.a.m.s.f.DefaultMavenResourcesFiltering - Copying 0 resource from src\test\resources to target\test-classes
2025-08-19 15:10:28,637 [Worker-14: Building] INFO  o.a.m.s.f.DefaultMavenResourcesFiltering - Copying 0 resource from src\main\resources to target\classes
2025-08-19 15:10:28,639 [Worker-14: Building] INFO  o.a.m.s.f.DefaultMavenResourcesFiltering - Copying 0 resource from src\test\resources to target\test-classes
2025-08-19 15:11:11,726 [Worker-5: Building] INFO  o.a.m.s.f.DefaultMavenResourcesFiltering - Copying 0 resource from src\main\resources to target\classes
2025-08-19 15:11:11,728 [Worker-5: Building] INFO  o.a.m.s.f.DefaultMavenResourcesFiltering - Copying 0 resource from src\test\resources to target\test-classes
2025-08-19 15:15:12,246 [Worker-10: Building] INFO  o.a.m.s.f.DefaultMavenResourcesFiltering - Copying 0 resource from src\main\resources to target\classes
2025-08-19 15:15:12,249 [Worker-10: Building] INFO  o.a.m.s.f.DefaultMavenResourcesFiltering - Copying 0 resource from src\test\resources to target\test-classes
2025-08-19 15:15:14,287 [Worker-0: Building] INFO  o.a.m.s.f.DefaultMavenResourcesFiltering - Copying 0 resource from src\main\resources to target\classes
2025-08-19 15:15:14,289 [Worker-0: Building] INFO  o.a.m.s.f.DefaultMavenResourcesFiltering - Copying 0 resource from src\test\resources to target\test-classes
2025-08-19 15:15:51,455 [Worker-7: Building] INFO  o.a.m.s.f.DefaultMavenResourcesFiltering - Copying 0 resource from src\main\resources to target\classes
2025-08-19 15:15:51,458 [Worker-7: Building] INFO  o.a.m.s.f.DefaultMavenResourcesFiltering - Copying 0 resource from src\test\resources to target\test-classes
2025-08-19 15:16:03,062 [Worker-10: Building] INFO  o.a.m.s.f.DefaultMavenResourcesFiltering - Copying 0 resource from src\main\resources to target\classes
2025-08-19 15:16:03,065 [Worker-10: Building] INFO  o.a.m.s.f.DefaultMavenResourcesFiltering - Copying 0 resource from src\test\resources to target\test-classes
2025-08-19 15:16:16,148 [Worker-14: Building] INFO  o.a.m.s.f.DefaultMavenResourcesFiltering - Copying 0 resource from src\main\resources to target\classes
2025-08-19 15:16:16,150 [Worker-14: Building] INFO  o.a.m.s.f.DefaultMavenResourcesFiltering - Copying 0 resource from src\test\resources to target\test-classes
2025-08-19 15:16:27,226 [Worker-9: Building] INFO  o.a.m.s.f.DefaultMavenResourcesFiltering - Copying 0 resource from src\main\resources to target\classes
2025-08-19 15:16:27,228 [Worker-9: Building] INFO  o.a.m.s.f.DefaultMavenResourcesFiltering - Copying 0 resource from src\test\resources to target\test-classes
2025-08-19 15:16:58,898 [Worker-11: Building] INFO  o.a.m.s.f.DefaultMavenResourcesFiltering - Copying 0 resource from src\main\resources to target\classes
2025-08-19 15:16:58,900 [Worker-11: Building] INFO  o.a.m.s.f.DefaultMavenResourcesFiltering - Copying 0 resource from src\test\resources to target\test-classes
2025-08-19 15:18:01,011 [Worker-7: Building] INFO  o.a.m.s.f.DefaultMavenResourcesFiltering - Copying 0 resource from src\main\resources to target\classes
2025-08-19 15:18:01,013 [Worker-7: Building] INFO  o.a.m.s.f.DefaultMavenResourcesFiltering - Copying 0 resource from src\test\resources to target\test-classes
2025-08-19 15:19:58,086 [Worker-2: Building] INFO  o.a.m.s.f.DefaultMavenResourcesFiltering - Copying 0 resource from src\main\resources to target\classes
2025-08-19 15:19:58,088 [Worker-2: Building] INFO  o.a.m.s.f.DefaultMavenResourcesFiltering - Copying 0 resource from src\test\resources to target\test-classes
2025-08-19 15:20:56,107 [Worker-15: Building] INFO  o.a.m.s.f.DefaultMavenResourcesFiltering - Copying 0 resource from src\main\resources to target\classes
2025-08-19 15:20:56,109 [Worker-15: Building] INFO  o.a.m.s.f.DefaultMavenResourcesFiltering - Copying 0 resource from src\test\resources to target\test-classes
2025-08-19 15:22:57,437 [Worker-7: Building] INFO  o.a.m.s.f.DefaultMavenResourcesFiltering - Copying 0 resource from src\main\resources to target\classes
2025-08-19 15:22:57,440 [Worker-7: Building] INFO  o.a.m.s.f.DefaultMavenResourcesFiltering - Copying 0 resource from src\test\resources to target\test-classes
2025-08-19 15:27:19,153 [Worker-10: Building] INFO  o.a.m.s.f.DefaultMavenResourcesFiltering - Copying 0 resource from src\main\resources to target\classes
2025-08-19 15:27:19,155 [Worker-10: Building] INFO  o.a.m.s.f.DefaultMavenResourcesFiltering - Copying 0 resource from src\test\resources to target\test-classes
2025-08-19 15:28:25,406 [Worker-0: Building] INFO  o.a.m.s.f.DefaultMavenResourcesFiltering - Copying 0 resource from src\main\resources to target\classes
2025-08-19 15:28:25,408 [Worker-0: Building] INFO  o.a.m.s.f.DefaultMavenResourcesFiltering - Copying 0 resource from src\test\resources to target\test-classes
2025-08-19 15:29:17,773 [Worker-3: Building] INFO  o.a.m.s.f.DefaultMavenResourcesFiltering - Copying 0 resource from src\main\resources to target\classes
2025-08-19 15:29:17,776 [Worker-3: Building] INFO  o.a.m.s.f.DefaultMavenResourcesFiltering - Copying 0 resource from src\test\resources to target\test-classes
2025-08-19 15:29:38,297 [Worker-1: Building] INFO  o.a.m.s.f.DefaultMavenResourcesFiltering - Copying 0 resource from src\main\resources to target\classes
2025-08-19 15:29:38,299 [Worker-1: Building] INFO  o.a.m.s.f.DefaultMavenResourcesFiltering - Copying 0 resource from src\test\resources to target\test-classes
2025-08-19 15:29:53,489 [Worker-11: Building] INFO  o.a.m.s.f.DefaultMavenResourcesFiltering - Copying 0 resource from src\main\resources to target\classes
2025-08-19 15:29:53,492 [Worker-11: Building] INFO  o.a.m.s.f.DefaultMavenResourcesFiltering - Copying 0 resource from src\test\resources to target\test-classes
2025-08-19 15:30:02,184 [Worker-13: Building] INFO  o.a.m.s.f.DefaultMavenResourcesFiltering - Copying 0 resource from src\main\resources to target\classes
2025-08-19 15:30:02,186 [Worker-13: Building] INFO  o.a.m.s.f.DefaultMavenResourcesFiltering - Copying 0 resource from src\test\resources to target\test-classes
2025-08-19 15:31:15,582 [Worker-7: Building] INFO  o.a.m.s.f.DefaultMavenResourcesFiltering - Copying 0 resource from src\main\resources to target\classes
2025-08-19 15:31:15,586 [Worker-7: Building] INFO  o.a.m.s.f.DefaultMavenResourcesFiltering - Copying 0 resource from src\test\resources to target\test-classes
2025-08-19 15:35:45,389 [Worker-7: Building] INFO  o.a.m.s.f.DefaultMavenResourcesFiltering - Copying 0 resource from src\main\resources to target\classes
2025-08-19 15:35:45,391 [Worker-7: Building] INFO  o.a.m.s.f.DefaultMavenResourcesFiltering - Copying 0 resource from src\test\resources to target\test-classes
2025-08-19 15:41:56,487 [Worker-13: Building] INFO  o.a.m.s.f.DefaultMavenResourcesFiltering - Copying 0 resource from src\main\resources to target\classes
2025-08-19 15:41:56,489 [Worker-13: Building] INFO  o.a.m.s.f.DefaultMavenResourcesFiltering - Copying 0 resource from src\test\resources to target\test-classes
2025-08-19 15:47:02,798 [Worker-5: Building] INFO  o.a.m.s.f.DefaultMavenResourcesFiltering - Copying 0 resource from src\main\resources to target\classes
2025-08-19 15:47:02,800 [Worker-5: Building] INFO  o.a.m.s.f.DefaultMavenResourcesFiltering - Copying 0 resource from src\test\resources to target\test-classes
2025-08-19 15:48:26,338 [Worker-3: Building] INFO  o.a.m.s.f.DefaultMavenResourcesFiltering - Copying 0 resource from src\main\resources to target\classes
2025-08-19 15:48:26,341 [Worker-3: Building] INFO  o.a.m.s.f.DefaultMavenResourcesFiltering - Copying 0 resource from src\test\resources to target\test-classes
2025-08-19 15:49:46,219 [Worker-3: Building] INFO  o.a.m.s.f.DefaultMavenResourcesFiltering - Copying 0 resource from src\main\resources to target\classes
2025-08-19 15:49:46,220 [Worker-3: Building] INFO  o.a.m.s.f.DefaultMavenResourcesFiltering - Copying 0 resource from src\test\resources to target\test-classes
2025-08-19 15:51:18,311 [Worker-10: Building] INFO  o.a.m.s.f.DefaultMavenResourcesFiltering - Copying 0 resource from src\main\resources to target\classes
2025-08-19 15:51:18,313 [Worker-10: Building] INFO  o.a.m.s.f.DefaultMavenResourcesFiltering - Copying 0 resource from src\test\resources to target\test-classes
2025-08-19 15:53:17,984 [Worker-2: Building] INFO  o.a.m.s.f.DefaultMavenResourcesFiltering - Copying 0 resource from src\main\resources to target\classes
2025-08-19 15:53:17,986 [Worker-2: Building] INFO  o.a.m.s.f.DefaultMavenResourcesFiltering - Copying 0 resource from src\test\resources to target\test-classes
2025-08-19 15:54:00,903 [Worker-5: Building] INFO  o.a.m.s.f.DefaultMavenResourcesFiltering - Copying 0 resource from src\main\resources to target\classes
2025-08-19 15:54:00,906 [Worker-5: Building] INFO  o.a.m.s.f.DefaultMavenResourcesFiltering - Copying 0 resource from src\test\resources to target\test-classes
2025-08-19 15:54:09,869 [Worker-3: Building] INFO  o.a.m.s.f.DefaultMavenResourcesFiltering - Copying 0 resource from src\main\resources to target\classes
2025-08-19 15:54:09,871 [Worker-3: Building] INFO  o.a.m.s.f.DefaultMavenResourcesFiltering - Copying 0 resource from src\test\resources to target\test-classes
2025-08-19 15:58:05,201 [Worker-0: Building] INFO  o.a.m.s.f.DefaultMavenResourcesFiltering - Copying 0 resource from src\main\resources to target\classes
2025-08-19 15:58:05,204 [Worker-0: Building] INFO  o.a.m.s.f.DefaultMavenResourcesFiltering - Copying 0 resource from src\test\resources to target\test-classes
2025-08-19 15:59:37,755 [Worker-10: Building] INFO  o.a.m.s.f.DefaultMavenResourcesFiltering - Copying 0 resource from src\main\resources to target\classes
2025-08-19 15:59:37,758 [Worker-10: Building] INFO  o.a.m.s.f.DefaultMavenResourcesFiltering - Copying 0 resource from src\test\resources to target\test-classes
2025-08-19 16:01:56,825 [Worker-0: Building] INFO  o.a.m.s.f.DefaultMavenResourcesFiltering - Copying 0 resource from src\main\resources to target\classes
2025-08-19 16:01:56,826 [Worker-0: Building] INFO  o.a.m.s.f.DefaultMavenResourcesFiltering - Copying 0 resource from src\test\resources to target\test-classes
2025-08-19 16:05:14,733 [Worker-13: Building] INFO  o.a.m.s.f.DefaultMavenResourcesFiltering - Copying 0 resource from src\main\resources to target\classes
2025-08-19 16:05:14,735 [Worker-13: Building] INFO  o.a.m.s.f.DefaultMavenResourcesFiltering - Copying 0 resource from src\test\resources to target\test-classes
2025-08-19 16:12:18,121 [Worker-7: Building] INFO  o.a.m.s.f.DefaultMavenResourcesFiltering - Copying 0 resource from src\main\resources to target\classes
2025-08-19 16:12:18,123 [Worker-7: Building] INFO  o.a.m.s.f.DefaultMavenResourcesFiltering - Copying 0 resource from src\test\resources to target\test-classes
2025-08-19 16:13:44,145 [Worker-5: Building] INFO  o.a.m.s.f.DefaultMavenResourcesFiltering - Copying 0 resource from src\main\resources to target\classes
2025-08-19 16:13:44,147 [Worker-5: Building] INFO  o.a.m.s.f.DefaultMavenResourcesFiltering - Copying 0 resource from src\test\resources to target\test-classes
2025-08-19 16:15:10,584 [Worker-13: Building] INFO  o.a.m.s.f.DefaultMavenResourcesFiltering - Copying 0 resource from src\main\resources to target\classes
2025-08-19 16:15:10,587 [Worker-13: Building] INFO  o.a.m.s.f.DefaultMavenResourcesFiltering - Copying 0 resource from src\test\resources to target\test-classes
2025-08-19 16:17:24,304 [Worker-7: Building] INFO  o.a.m.s.f.DefaultMavenResourcesFiltering - Copying 0 resource from src\main\resources to target\classes
2025-08-19 16:17:24,307 [Worker-7: Building] INFO  o.a.m.s.f.DefaultMavenResourcesFiltering - Copying 0 resource from src\test\resources to target\test-classes
2025-08-19 16:19:36,885 [Worker-0: Building] INFO  o.a.m.s.f.DefaultMavenResourcesFiltering - Copying 0 resource from src\main\resources to target\classes
2025-08-19 16:19:36,888 [Worker-0: Building] INFO  o.a.m.s.f.DefaultMavenResourcesFiltering - Copying 0 resource from src\test\resources to target\test-classes
2025-08-19 16:19:43,472 [Worker-10: Building] INFO  o.a.m.s.f.DefaultMavenResourcesFiltering - Copying 0 resource from src\main\resources to target\classes
2025-08-19 16:19:43,473 [Worker-10: Building] INFO  o.a.m.s.f.DefaultMavenResourcesFiltering - Copying 0 resource from src\test\resources to target\test-classes
2025-08-19 16:20:24,301 [Worker-2: Building] INFO  o.a.m.s.f.DefaultMavenResourcesFiltering - Copying 0 resource from src\main\resources to target\classes
2025-08-19 16:20:24,303 [Worker-2: Building] INFO  o.a.m.s.f.DefaultMavenResourcesFiltering - Copying 0 resource from src\test\resources to target\test-classes
2025-08-19 16:21:32,223 [Worker-15: Building] INFO  o.a.m.s.f.DefaultMavenResourcesFiltering - Copying 0 resource from src\main\resources to target\classes
2025-08-19 16:21:32,225 [Worker-15: Building] INFO  o.a.m.s.f.DefaultMavenResourcesFiltering - Copying 0 resource from src\test\resources to target\test-classes
2025-08-19 16:21:44,680 [Worker-7: Building] INFO  o.a.m.s.f.DefaultMavenResourcesFiltering - Copying 0 resource from src\main\resources to target\classes
2025-08-19 16:21:44,682 [Worker-7: Building] INFO  o.a.m.s.f.DefaultMavenResourcesFiltering - Copying 0 resource from src\test\resources to target\test-classes
2025-08-19 16:21:49,452 [Worker-10: Building] INFO  o.a.m.s.f.DefaultMavenResourcesFiltering - Copying 0 resource from src\main\resources to target\classes
2025-08-19 16:21:49,454 [Worker-10: Building] INFO  o.a.m.s.f.DefaultMavenResourcesFiltering - Copying 0 resource from src\test\resources to target\test-classes
2025-08-19 16:21:52,715 [Worker-0: Building] INFO  o.a.m.s.f.DefaultMavenResourcesFiltering - Copying 0 resource from src\main\resources to target\classes
2025-08-19 16:21:52,716 [Worker-0: Building] INFO  o.a.m.s.f.DefaultMavenResourcesFiltering - Copying 0 resource from src\test\resources to target\test-classes
2025-08-19 16:21:56,746 [Worker-0: Building] INFO  o.a.m.s.f.DefaultMavenResourcesFiltering - Copying 0 resource from src\main\resources to target\classes
2025-08-19 16:21:56,748 [Worker-0: Building] INFO  o.a.m.s.f.DefaultMavenResourcesFiltering - Copying 0 resource from src\test\resources to target\test-classes
2025-08-19 16:22:00,768 [Worker-15: Building] INFO  o.a.m.s.f.DefaultMavenResourcesFiltering - Copying 0 resource from src\main\resources to target\classes
2025-08-19 16:22:00,769 [Worker-15: Building] INFO  o.a.m.s.f.DefaultMavenResourcesFiltering - Copying 0 resource from src\test\resources to target\test-classes
2025-08-19 16:22:06,478 [Worker-4: Building] INFO  o.a.m.s.f.DefaultMavenResourcesFiltering - Copying 0 resource from src\main\resources to target\classes
2025-08-19 16:22:06,480 [Worker-4: Building] INFO  o.a.m.s.f.DefaultMavenResourcesFiltering - Copying 0 resource from src\test\resources to target\test-classes
2025-08-19 16:22:21,103 [Worker-2: Building] INFO  o.a.m.s.f.DefaultMavenResourcesFiltering - Copying 0 resource from src\main\resources to target\classes
2025-08-19 16:22:21,105 [Worker-2: Building] INFO  o.a.m.s.f.DefaultMavenResourcesFiltering - Copying 0 resource from src\test\resources to target\test-classes
2025-08-19 16:22:26,183 [Worker-11: Building] INFO  o.a.m.s.f.DefaultMavenResourcesFiltering - Copying 0 resource from src\main\resources to target\classes
2025-08-19 16:22:26,185 [Worker-11: Building] INFO  o.a.m.s.f.DefaultMavenResourcesFiltering - Copying 0 resource from src\test\resources to target\test-classes
2025-08-20 06:14:53,007 [Worker-2: Loading available Gradle versions] INFO  o.e.b.c.i.u.g.PublishedGradleVersions - Gradle version information cache is up-to-date. Trying to read.
2025-08-20 06:14:54,344 [Worker-9: Building] WARN  o.e.m.c.i.embedder.EclipseLogger - The artifact mysql:mysql-connector-java:jar:8.0.33 has been relocated to com.mysql:mysql-connector-j:jar:8.0.33: MySQL Connector/J artifacts moved to reverse-DNS compliant Maven 2+ coordinates.
2025-08-20 06:16:52,153 [Worker-9: Building] INFO  o.a.m.s.f.DefaultMavenResourcesFiltering - Copying 0 resource from src\main\resources to target\classes
2025-08-20 06:16:52,157 [Worker-9: Building] INFO  o.a.m.s.f.DefaultMavenResourcesFiltering - Copying 0 resource from src\test\resources to target\test-classes
2025-08-20 06:17:10,918 [Worker-4: Building] INFO  o.a.m.s.f.DefaultMavenResourcesFiltering - Copying 0 resource from src\main\resources to target\classes
2025-08-20 06:17:10,921 [Worker-4: Building] INFO  o.a.m.s.f.DefaultMavenResourcesFiltering - Copying 0 resource from src\test\resources to target\test-classes
2025-08-20 06:17:24,090 [Worker-1: Building] INFO  o.a.m.s.f.DefaultMavenResourcesFiltering - Copying 0 resource from src\main\resources to target\classes
2025-08-20 06:17:24,093 [Worker-1: Building] INFO  o.a.m.s.f.DefaultMavenResourcesFiltering - Copying 0 resource from src\test\resources to target\test-classes
2025-08-20 06:17:50,225 [Worker-17: Building] WARN  o.e.m.c.i.embedder.EclipseLogger - The artifact mysql:mysql-connector-java:jar:8.0.33 has been relocated to com.mysql:mysql-connector-j:jar:8.0.33: MySQL Connector/J artifacts moved to reverse-DNS compliant Maven 2+ coordinates.
2025-08-20 06:17:50,386 [Worker-17: Building] INFO  o.e.m.c.i.l.LifecycleMappingFactory - Using org.maven.ide.eclipse.wtp.WarLifecycleMapping lifecycle mapping for MavenProject: com.pahanaedu.bookshop:pahanaedu-online:0.0.1-SNAPSHOT @ F:\Advance programing\pahanabookshop\pahanaedu-online\pom.xml.
2025-08-20 06:17:50,389 [Worker-17: Building] WARN  o.e.m.c.i.embedder.EclipseLogger - The artifact mysql:mysql-connector-java:jar:8.0.33 has been relocated to com.mysql:mysql-connector-j:jar:8.0.33: MySQL Connector/J artifacts moved to reverse-DNS compliant Maven 2+ coordinates.
2025-08-20 06:17:50,431 [Worker-17: Building] WARN  o.e.m.c.i.embedder.EclipseLogger - The artifact mysql:mysql-connector-java:jar:8.0.33 has been relocated to com.mysql:mysql-connector-j:jar:8.0.33: MySQL Connector/J artifacts moved to reverse-DNS compliant Maven 2+ coordinates.
2025-08-20 06:17:50,532 [Worker-17: Building] INFO  o.a.m.s.f.DefaultMavenResourcesFiltering - Copying 0 resource from src\main\resources to target\classes
2025-08-20 06:17:50,535 [Worker-17: Building] INFO  o.a.m.s.f.DefaultMavenResourcesFiltering - Copying 0 resource from src\test\resources to target\test-classes
2025-08-20 06:17:50,535 [Worker-17: Building] INFO  o.e.m.w.i.f.ResourceFilteringBuildParticipant - Changed resources require a complete clean of filtered resources of pahanaedu-online
2025-08-20 06:17:50,535 [Worker-17: Building] INFO  o.e.m.w.i.f.ResourceFilteringBuildParticipant - Executing resource filtering for pahanaedu-online
2025-08-20 06:18:26,278 [Worker-6: Building] INFO  o.a.m.s.f.DefaultMavenResourcesFiltering - Copying 0 resource from src\main\resources to target\classes
2025-08-20 06:18:26,281 [Worker-6: Building] INFO  o.a.m.s.f.DefaultMavenResourcesFiltering - Copying 0 resource from src\test\resources to target\test-classes
2025-08-20 06:19:51,838 [Worker-3: Building] INFO  o.a.m.s.f.DefaultMavenResourcesFiltering - Copying 0 resource from src\main\resources to target\classes
2025-08-20 06:19:51,840 [Worker-3: Building] INFO  o.a.m.s.f.DefaultMavenResourcesFiltering - Copying 0 resource from src\test\resources to target\test-classes
2025-08-20 06:20:13,324 [Worker-7: Building] INFO  o.a.m.s.f.DefaultMavenResourcesFiltering - Copying 0 resource from src\main\resources to target\classes
2025-08-20 06:20:13,327 [Worker-7: Building] INFO  o.a.m.s.f.DefaultMavenResourcesFiltering - Copying 0 resource from src\test\resources to target\test-classes
2025-08-20 06:20:23,298 [Worker-15: Building] INFO  o.a.m.s.f.DefaultMavenResourcesFiltering - Copying 0 resource from src\main\resources to target\classes
2025-08-20 06:20:23,300 [Worker-15: Building] INFO  o.a.m.s.f.DefaultMavenResourcesFiltering - Copying 0 resource from src\test\resources to target\test-classes
2025-08-20 06:20:33,197 [Worker-8: Building] INFO  o.a.m.s.f.DefaultMavenResourcesFiltering - Copying 0 resource from src\main\resources to target\classes
2025-08-20 06:20:33,199 [Worker-8: Building] INFO  o.a.m.s.f.DefaultMavenResourcesFiltering - Copying 0 resource from src\test\resources to target\test-classes
2025-08-20 06:21:08,305 [Worker-11: Building] INFO  o.a.m.s.f.DefaultMavenResourcesFiltering - Copying 0 resource from src\main\resources to target\classes
2025-08-20 06:21:08,308 [Worker-11: Building] INFO  o.a.m.s.f.DefaultMavenResourcesFiltering - Copying 0 resource from src\test\resources to target\test-classes
2025-08-20 06:21:28,437 [Worker-17: Building] INFO  o.a.m.s.f.DefaultMavenResourcesFiltering - Copying 0 resource from src\main\resources to target\classes
2025-08-20 06:21:28,439 [Worker-17: Building] INFO  o.a.m.s.f.DefaultMavenResourcesFiltering - Copying 0 resource from src\test\resources to target\test-classes
2025-08-20 06:22:26,190 [Worker-10: Building] INFO  o.a.m.s.f.DefaultMavenResourcesFiltering - Copying 0 resource from src\main\resources to target\classes
2025-08-20 06:22:26,193 [Worker-10: Building] INFO  o.a.m.s.f.DefaultMavenResourcesFiltering - Copying 0 resource from src\test\resources to target\test-classes
2025-08-20 06:22:39,217 [Worker-5: Building] INFO  o.a.m.s.f.DefaultMavenResourcesFiltering - Copying 0 resource from src\main\resources to target\classes
2025-08-20 06:22:39,220 [Worker-5: Building] INFO  o.a.m.s.f.DefaultMavenResourcesFiltering - Copying 0 resource from src\test\resources to target\test-classes
2025-08-20 06:22:50,988 [Worker-15: Building] INFO  o.a.m.s.f.DefaultMavenResourcesFiltering - Copying 0 resource from src\main\resources to target\classes
2025-08-20 06:22:50,991 [Worker-15: Building] INFO  o.a.m.s.f.DefaultMavenResourcesFiltering - Copying 0 resource from src\test\resources to target\test-classes
2025-08-20 06:23:01,410 [Worker-15: Building] INFO  o.a.m.s.f.DefaultMavenResourcesFiltering - Copying 0 resource from src\main\resources to target\classes
2025-08-20 06:23:01,412 [Worker-15: Building] INFO  o.a.m.s.f.DefaultMavenResourcesFiltering - Copying 0 resource from src\test\resources to target\test-classes
2025-08-20 06:23:08,368 [Worker-11: Building] INFO  o.a.m.s.f.DefaultMavenResourcesFiltering - Copying 0 resource from src\main\resources to target\classes
2025-08-20 06:23:08,370 [Worker-11: Building] INFO  o.a.m.s.f.DefaultMavenResourcesFiltering - Copying 0 resource from src\test\resources to target\test-classes
2025-08-20 06:23:28,685 [Worker-15: Building] INFO  o.a.m.s.f.DefaultMavenResourcesFiltering - Copying 0 resource from src\main\resources to target\classes
2025-08-20 06:23:28,687 [Worker-15: Building] INFO  o.a.m.s.f.DefaultMavenResourcesFiltering - Copying 0 resource from src\test\resources to target\test-classes
2025-08-20 06:23:38,804 [Worker-7: Building] INFO  o.a.m.s.f.DefaultMavenResourcesFiltering - Copying 0 resource from src\main\resources to target\classes
2025-08-20 06:23:38,807 [Worker-7: Building] INFO  o.a.m.s.f.DefaultMavenResourcesFiltering - Copying 0 resource from src\test\resources to target\test-classes
2025-08-20 06:23:49,367 [Worker-9: Building] INFO  o.a.m.s.f.DefaultMavenResourcesFiltering - Copying 0 resource from src\main\resources to target\classes
2025-08-20 06:23:49,370 [Worker-9: Building] INFO  o.a.m.s.f.DefaultMavenResourcesFiltering - Copying 0 resource from src\test\resources to target\test-classes
2025-08-20 06:23:59,823 [Worker-4: Building] INFO  o.a.m.s.f.DefaultMavenResourcesFiltering - Copying 0 resource from src\main\resources to target\classes
2025-08-20 06:23:59,827 [Worker-4: Building] INFO  o.a.m.s.f.DefaultMavenResourcesFiltering - Copying 0 resource from src\test\resources to target\test-classes
2025-08-20 06:24:10,967 [Worker-11: Building] INFO  o.a.m.s.f.DefaultMavenResourcesFiltering - Copying 0 resource from src\main\resources to target\classes
2025-08-20 06:24:10,969 [Worker-11: Building] INFO  o.a.m.s.f.DefaultMavenResourcesFiltering - Copying 0 resource from src\test\resources to target\test-classes
2025-08-20 06:24:35,489 [Worker-0: Building] INFO  o.a.m.s.f.DefaultMavenResourcesFiltering - Copying 0 resource from src\main\resources to target\classes
2025-08-20 06:24:35,492 [Worker-0: Building] INFO  o.a.m.s.f.DefaultMavenResourcesFiltering - Copying 0 resource from src\test\resources to target\test-classes
2025-08-20 06:24:41,797 [Worker-9: Building] INFO  o.a.m.s.f.DefaultMavenResourcesFiltering - Copying 0 resource from src\main\resources to target\classes
2025-08-20 06:24:41,800 [Worker-9: Building] INFO  o.a.m.s.f.DefaultMavenResourcesFiltering - Copying 0 resource from src\test\resources to target\test-classes
2025-08-20 06:24:47,506 [Worker-1: Building] INFO  o.a.m.s.f.DefaultMavenResourcesFiltering - Copying 0 resource from src\main\resources to target\classes
2025-08-20 06:24:47,508 [Worker-1: Building] INFO  o.a.m.s.f.DefaultMavenResourcesFiltering - Copying 0 resource from src\test\resources to target\test-classes
2025-08-20 06:24:52,540 [Worker-7: Building] INFO  o.a.m.s.f.DefaultMavenResourcesFiltering - Copying 0 resource from src\main\resources to target\classes
2025-08-20 06:24:52,543 [Worker-7: Building] INFO  o.a.m.s.f.DefaultMavenResourcesFiltering - Copying 0 resource from src\test\resources to target\test-classes
2025-08-20 06:25:19,058 [Worker-5: Building] INFO  o.a.m.s.f.DefaultMavenResourcesFiltering - Copying 0 resource from src\main\resources to target\classes
2025-08-20 06:25:19,060 [Worker-5: Building] INFO  o.a.m.s.f.DefaultMavenResourcesFiltering - Copying 0 resource from src\test\resources to target\test-classes
2025-08-20 06:25:54,385 [Worker-9: Building] INFO  o.a.m.s.f.DefaultMavenResourcesFiltering - Copying 0 resource from src\main\resources to target\classes
2025-08-20 06:25:54,388 [Worker-9: Building] INFO  o.a.m.s.f.DefaultMavenResourcesFiltering - Copying 0 resource from src\test\resources to target\test-classes
2025-08-20 06:36:26,775 [Worker-2: Loading available Gradle versions] INFO  o.e.b.c.i.u.g.PublishedGradleVersions - Gradle version information cache is up-to-date. Trying to read.
2025-08-20 06:36:28,233 [Worker-8: Building] WARN  o.e.m.c.i.embedder.EclipseLogger - The artifact mysql:mysql-connector-java:jar:8.0.33 has been relocated to com.mysql:mysql-connector-j:jar:8.0.33: MySQL Connector/J artifacts moved to reverse-DNS compliant Maven 2+ coordinates.
2025-08-20 06:37:12,996 [main] INFO  o.e.m.jdt.internal.UnitTestSupport - Updating ProductServiceTest from maven configuration
2025-08-20 06:39:31,780 [Worker-15: Launching ProductServiceTest] INFO  o.a.m.s.f.DefaultMavenResourcesFiltering - Copying 0 resource from src\main\resources to target\classes
2025-08-20 06:39:31,784 [Worker-15: Launching ProductServiceTest] INFO  o.a.m.s.f.DefaultMavenResourcesFiltering - Copying 0 resource from src\test\resources to target\test-classes
2025-08-20 06:41:25,250 [main] INFO  o.e.m.jdt.internal.UnitTestSupport - Updating UserServiceTest from maven configuration
2025-08-20 06:44:00,192 [Worker-7: Launching UserServiceTest] INFO  o.a.m.s.f.DefaultMavenResourcesFiltering - Copying 0 resource from src\main\resources to target\classes
2025-08-20 06:44:00,196 [Worker-7: Launching UserServiceTest] INFO  o.a.m.s.f.DefaultMavenResourcesFiltering - Copying 0 resource from src\test\resources to target\test-classes
2025-08-20 11:11:15,981 [Worker-6: Loading available Gradle versions] INFO  o.e.b.c.i.u.g.PublishedGradleVersions - Gradle version information cache is up-to-date. Trying to read.
2025-08-20 11:11:17,723 [Worker-6: Building] WARN  o.e.m.c.i.embedder.EclipseLogger - The artifact mysql:mysql-connector-java:jar:8.0.33 has been relocated to com.mysql:mysql-connector-j:jar:8.0.33: MySQL Connector/J artifacts moved to reverse-DNS compliant Maven 2+ coordinates.
2025-08-20 11:11:42,644 [Worker-6: Building] INFO  o.a.m.s.f.DefaultMavenResourcesFiltering - Copying 0 resource from src\main\resources to target\classes
2025-08-20 11:11:42,650 [Worker-6: Building] INFO  o.a.m.s.f.DefaultMavenResourcesFiltering - Copying 0 resource from src\test\resources to target\test-classes
2025-08-20 11:11:45,303 [Worker-7: Building] INFO  o.a.m.s.f.DefaultMavenResourcesFiltering - Copying 0 resource from src\main\resources to target\classes
2025-08-20 11:11:45,306 [Worker-7: Building] INFO  o.a.m.s.f.DefaultMavenResourcesFiltering - Copying 0 resource from src\test\resources to target\test-classes
2025-08-20 11:12:22,571 [Worker-13: Building] INFO  o.a.m.s.f.DefaultMavenResourcesFiltering - Copying 0 resource from src\main\resources to target\classes
2025-08-20 11:12:22,574 [Worker-13: Building] INFO  o.a.m.s.f.DefaultMavenResourcesFiltering - Copying 0 resource from src\test\resources to target\test-classes
2025-08-20 11:12:53,298 [Worker-3: Building] INFO  o.a.m.s.f.DefaultMavenResourcesFiltering - Copying 0 resource from src\main\resources to target\classes
2025-08-20 11:12:53,301 [Worker-3: Building] INFO  o.a.m.s.f.DefaultMavenResourcesFiltering - Copying 0 resource from src\test\resources to target\test-classes
2025-08-20 11:17:36,404 [Worker-8: Building] INFO  o.a.m.s.f.DefaultMavenResourcesFiltering - Copying 0 resource from src\main\resources to target\classes
2025-08-20 11:17:36,407 [Worker-8: Building] INFO  o.a.m.s.f.DefaultMavenResourcesFiltering - Copying 0 resource from src\test\resources to target\test-classes
2025-08-20 11:39:44,023 [Worker-14: Building] INFO  o.a.m.s.f.DefaultMavenResourcesFiltering - Copying 0 resource from src\main\resources to target\classes
2025-08-20 11:39:44,025 [Worker-14: Building] INFO  o.a.m.s.f.DefaultMavenResourcesFiltering - Copying 0 resource from src\test\resources to target\test-classes
2025-08-20 11:40:08,994 [Worker-17: Building] INFO  o.a.m.s.f.DefaultMavenResourcesFiltering - Copying 0 resource from src\main\resources to target\classes
2025-08-20 11:40:08,997 [Worker-17: Building] INFO  o.a.m.s.f.DefaultMavenResourcesFiltering - Copying 0 resource from src\test\resources to target\test-classes
2025-08-20 11:40:19,591 [Worker-9: Building] INFO  o.a.m.s.f.DefaultMavenResourcesFiltering - Copying 0 resource from src\main\resources to target\classes
2025-08-20 11:40:19,593 [Worker-9: Building] INFO  o.a.m.s.f.DefaultMavenResourcesFiltering - Copying 0 resource from src\test\resources to target\test-classes
2025-08-20 12:00:10,548 [Worker-8: Building] INFO  o.a.m.s.f.DefaultMavenResourcesFiltering - Copying 0 resource from src\main\resources to target\classes
2025-08-20 12:00:10,551 [Worker-8: Building] INFO  o.a.m.s.f.DefaultMavenResourcesFiltering - Copying 0 resource from src\test\resources to target\test-classes
2025-08-20 12:04:13,448 [Worker-2: Loading available Gradle versions] INFO  o.e.b.c.i.u.g.PublishedGradleVersions - Gradle version information cache is up-to-date. Trying to read.
2025-08-20 12:04:15,207 [Worker-3: Building] WARN  o.e.m.c.i.embedder.EclipseLogger - The artifact mysql:mysql-connector-java:jar:8.0.33 has been relocated to com.mysql:mysql-connector-j:jar:8.0.33: MySQL Connector/J artifacts moved to reverse-DNS compliant Maven 2+ coordinates.
2025-08-20 14:20:11,830 [Worker-17: Building] INFO  o.a.m.s.f.DefaultMavenResourcesFiltering - Copying 0 resource from src\main\resources to target\classes
2025-08-20 14:20:11,836 [Worker-17: Building] INFO  o.a.m.s.f.DefaultMavenResourcesFiltering - Copying 0 resource from src\test\resources to target\test-classes
2025-08-20 14:21:12,326 [main] INFO  o.e.m.jdt.internal.UnitTestSupport - Updating OrderDAOTest from maven configuration
2025-08-20 14:22:22,750 [Worker-6: Building] INFO  o.a.m.s.f.DefaultMavenResourcesFiltering - Copying 0 resource from src\main\resources to target\classes
2025-08-20 14:22:22,753 [Worker-6: Building] INFO  o.a.m.s.f.DefaultMavenResourcesFiltering - Copying 0 resource from src\test\resources to target\test-classes
2025-08-20 14:22:51,549 [Worker-6: Building] INFO  o.a.m.s.f.DefaultMavenResourcesFiltering - Copying 0 resource from src\main\resources to target\classes
2025-08-20 14:22:51,552 [Worker-6: Building] INFO  o.a.m.s.f.DefaultMavenResourcesFiltering - Copying 0 resource from src\test\resources to target\test-classes
2025-08-20 14:25:00,562 [Worker-6: Launching OrderDAOTest] INFO  o.a.m.s.f.DefaultMavenResourcesFiltering - Copying 0 resource from src\main\resources to target\classes
2025-08-20 14:25:00,565 [Worker-6: Launching OrderDAOTest] INFO  o.a.m.s.f.DefaultMavenResourcesFiltering - Copying 0 resource from src\test\resources to target\test-classes
2025-08-20 14:25:33,948 [Worker-20: Building] INFO  o.a.m.s.f.DefaultMavenResourcesFiltering - Copying 0 resource from src\main\resources to target\classes
2025-08-20 14:25:33,951 [Worker-20: Building] INFO  o.a.m.s.f.DefaultMavenResourcesFiltering - Copying 0 resource from src\test\resources to target\test-classes
